   15.461739605273364        22.533719344350107        32.771167921427924        43.991751701510537        55.571514351987751        67.290100484235793        79.048348769240718        90.791897968424578        102.48583406297439        114.10477898190346        125.62850450830692        137.03979797945166        148.32334400696490        159.46510336048263        170.45195167968697        181.27146154114172        191.91176726146125        202.36147927825030        212.60962918029000        222.64563417519295        232.45927413647433        242.04067691555773        251.38030913711262        260.46897064602177        269.29779137795515        277.85822981809696        286.14207247331376        294.14143395962111        301.84875742854206        309.25681514125586        316.35870906011729        323.14787137084085        329.61806488049899        335.76338325987473        341.57825111598942        347.05742389339099        352.19598761218236        356.98935845758660        361.43328224067238        365.52383375312502        369.25741604094395        372.63075962294204        375.64092168007124        378.28528524106196        380.56155838874986        382.46777350986827        384.00228660908181        385.16377670570466        385.95124532892635        386.36401612453756        386.40173458312665        386.06436789657982        385.35220494648161        384.26585642473884        382.80625508346981        380.97465610795484        378.77263760328361        376.20210118228567        373.26527263945843        369.96470269294019        366.30326777418389        362.28417084290857        357.91094220323021        353.18744029565147        348.11785243893047        342.70669549585529        336.95881643775613        330.87939278437278        324.47393289868086        317.74827612076160        310.70859273118498        303.36138374319546        295.71348053500884        287.77204434978978        279.54456571289967        271.03886384592812        262.26308619803217        253.22570827187633        243.93553400107302        234.40169704926075        224.63366356465048        214.64123716469990        204.43456728671828        194.02416259312929        183.42091198601989        172.63611717562463        161.68154304054326        150.56949591716963        139.31294681732166        127.92572912081853        116.42286427168642        104.82111724408186        93.139986550864478        81.403569728746007        69.644335137658302        57.911467887433346        46.291636863358491        34.969331450276563        0.0000000000000000     
   22.544669673392271        15.461918714559586        16.445081065934140        24.540600311636890        35.115541247515907        46.480279170097788        58.140860383746805        69.913519891146663        81.711851041687510        93.486764035240924        105.20581709659324        116.84490805909007        128.38451870983116        139.80785696990918        151.09987083242481        162.24669506997256        173.23532680371588        184.05342858070293        194.68920563983744        205.13132793132161        215.36887995290019        225.39132830173142        235.18850072610221        244.75057274623046        254.06805929867380        263.13180972191782        271.93300495189624        280.46315615625059        288.71410427627552        296.67802010873692        304.34740467269813        311.71508968588927        318.77423803178522        325.51834413945875        331.94123422812208        338.03706639020862        343.80033050305013        349.22584797115655        354.30877130986329        359.04458358742596        363.42909774706573        367.45845583337268        371.12912814919656        374.43791236987482        377.38193264158463        379.95863868985674        382.16580496299031        384.00152983334169        385.46423487730260        386.55266425229468        387.26588418636175        387.60328259297199        387.56456882050969        387.14977354268143        386.35924879273085        385.19366814098095        383.65402701186264        381.74164313326690        379.45815710782489        376.80553309262211        373.78605957093203        370.40235019685497        366.65734469133287        362.55430976593817        358.09684004915931        353.28885898872682        348.13461970292337        342.63870575391218        336.80603181705567        330.64184422215482        324.15172134575909        317.34157383849322        310.21764467815007        302.78650904867817        295.05507405795947        287.03057832456483        278.72059148709241        270.13301372157713        261.27607539623449        252.15833705353958        242.78868999503771        233.17635786612249        223.33089981473202        213.26221605885013        202.98055709055626        192.49653834849858        181.82116314132199        170.96585813881924        159.94252829368733        148.76364241552929        137.44236834584586        125.99279093513320        114.43027353371343        102.77207968444367        91.038492878572981        79.254954626011028        67.456460685961460        55.697502287556347        0.0000000000000000     
   32.827604495944513        16.354785923204318       0.19155095769483277        16.626084162015921        33.098395240244265        49.536662522584741        65.923783158076830        82.242834479737397        98.477006748061612        114.60961298399711        130.62410812164552        146.50410982749011        162.23341939318681        177.79604221852725        193.17620768321959        208.35838829712046        223.32731805515053        238.06800994174529        252.56577254171762        266.80622572378275        280.77531537122837        294.45932714189576        307.84489924699369        320.91903424538066        333.66910985681892        346.08288880431536        358.14852770196592        369.85458501069201        381.19002808984266        392.14423937779247        402.70702173939253        412.86860302235152        422.61963986834650        431.95122082786190        440.85486883041398        449.32254306391764        457.34664031851599        464.91999585119447        472.03588382795971        478.68801740029539        484.87054847200238        490.57806721143930        495.80560136259339        500.54861540637580        504.80300962105349        508.56511908786092        511.83171268457716        514.59999210625517        516.86759094838931        518.63257388362285        519.89343595867888        520.64910203356862        520.89892638033780        520.64269245368803        519.88061284079674        518.61332939257659        516.84191353352708        514.56786674226544        511.79312118979527        508.52004051766710        504.75142073338725        500.49049119582230        495.74091565892991        490.50679333798934        484.79265995860823        478.60348874521338        471.94469130250485        464.82211834050287        457.24206019137921        449.21124706425871        440.73684898264895        431.82647534809627        422.48817407313055        412.73043022654849        402.56216413460550        391.99272888276522        381.03190716428213        369.68990742408175        357.97735924914008        345.90530795983955        333.48520836059447        320.72891761234450        307.64868719431956        294.25715392772662        280.56733003967065        266.59259225166778        252.34666988348391        237.84363196970332        223.09787339335438        208.12410004808015        192.93731304773405        177.55279200998922        161.98607744880820        146.25295232001665        130.36942277629714        114.35169820668773        98.216170672697984        81.979393945628402        0.0000000000000000     
   44.154153748010494        24.353835051627971        16.174626854283634        30.927112041375263        51.718861557745733        73.549864020154615        95.652592038918996        117.80879930422905        139.92341548399889        161.94098121553483        183.82196887871930        205.53434680649661        227.05007161339452        248.34345974673764        269.39036795174553        290.16775576175905        310.65344204781809        330.82596604677650        350.66450731290223        370.14884013544128        389.25930867370874        407.97681477127742        426.28281358811319        444.15931402512439        461.58888201222067        478.55464540623495        495.04029967254337        511.03011380183125        526.50893609808838        541.46219959946040        555.87592698070046        569.73673484756739        583.03183737776658        595.74904929524769        607.87678818836139        619.40407619983068        630.32054112935441        640.61641699898962        650.28254413804393        659.31036884859998        667.69194271539527        675.41992162488509        682.48756455816124        688.88873222116842        694.61788557348439        699.67008431393992        704.04098537765583        707.72684149474719        710.72449985608887        713.03140092619685        714.64557743755552        715.56565359467845        715.79084450985533        715.32095588603340        714.15638395561655        712.29811567722220        709.74772918568681        706.50739448389015        702.57987435834900        697.96852549408322        692.67729975802672        686.71074561430942        680.07400962914949        672.77283801792873        664.81357818234642        656.20318018143882        646.94919807680753        637.05979108969620        626.54372450571066        615.41037026212757        603.66970715302671        591.33232058910232        578.40940185224133        564.91274679008563        550.85475390332192        536.24842178895028        521.10734591715402        505.44571473889516        489.27830514777537        472.62047735576607        455.48816929211335        437.89789070428060        419.86671723877771        401.41228492333875        382.55278568473466        363.30696485912955        343.69412215303998        323.73411831217601        303.44739106689195        282.85498614345835        261.97861302323611        240.84074222976500        219.46477445861925        197.87533904925959        176.09883733657924        154.16447973948243        132.10640037797182        109.96837464158679        0.0000000000000000     
   55.925693917737419        34.889908557259012        32.500196708029272        51.431767575211097        77.315190580012228        105.07016423421312        133.45648442067710        162.05673551502790        190.68338289145049        219.23125419493417        247.63038923670692        275.82797639327646        303.78045835631451        331.44972486742500        358.80113265474654        385.80241367839238        412.42304532718197        438.63387442136820        464.40688711208685        489.71506582441515        514.53229972488418        538.83332889625399        562.59371011736494        585.78979664659232        608.39872711710200        630.39842033042294        651.76757380143545        672.48566460182383        692.53295151044529        711.89047779201576        730.54007414170599        748.46436148514908        765.64675343165709        782.07145825669113        797.72348034672996        812.58862108164612        826.65347916062092        839.90545040036568        852.33272705091338        863.92429668597947        874.66994073283036        884.56023271154629        893.58653625605291        901.74100298977658        909.01657032756714        915.40695927291370        920.90667227566473        925.51099121062464        929.21597553171910        932.01846064998983        933.91605657668072        934.90714686516503        934.99088787756500        934.16720839375591        932.43680957206266        929.80116526249219        926.26252266486995        921.82390331585054        916.48910438055429        910.26270021662992        903.15004417094542        895.15727056201797        886.29129679472601        876.55982554802824        865.97134697140041        854.53514082167624        842.26127846912175        829.16062470007228        815.24483924360413        800.52637795179021        785.01849356753166        768.73523602129660        751.69145220903999        733.90278521910568        715.38567299735121        696.15734646896033        676.23582717505155        655.63992453613332        634.38923292821073        612.50412885927130        590.00576867645668        566.91608743656502        543.25779986452403        519.05440475343937        494.33019480259804        469.11027487365368        443.42059318644868        417.28799245208705        390.74029203140498        363.80641917647370        336.51661970618301        308.90280101976623        280.99910363104738        252.84288491065476        224.47648685256394        195.95059494048658        167.33109627234575        138.71445774400996        0.0000000000000000     
   67.947118960481433        46.288724880578108        48.859453433635764        73.141093362562259        104.96447942491325        139.16757481376447        174.25661979978071        209.67936791142967        245.17697833891646        280.60258044060168        315.85911476690836        350.87442635025695        385.59003187520079        419.95557278523069        453.92587534672248        487.45930301699337        520.51679141668194        553.06126322957573        585.05726396076022        616.47073081296617        647.26884423255160        677.41993205570282        706.89340776161475        735.65973114368421        763.69038383282168        790.95785467478947        817.43563160284566        843.09819771765660        867.92103000040731        891.88059957036739        914.95437273392361        937.12081230817557        958.35937887054843        978.65053170749616        997.97572932410674        1016.3174294416652        1033.6590884583654        1049.9851603838720        1065.2810952844131        1079.5333372937837        1092.7293222586579        1104.8574750951443        1115.9072069384617        1125.8689121695948        1134.7339654023770        1142.4947185120366        1149.1444977821286        1154.6776012412815        1159.0892962545015        1162.3758174261206        1164.5343648630178        1165.5631028376174        1165.4611588805678        1164.2286233230154        1161.8665492981656        1158.3769532014912        1153.7628155986251        1148.0280825597858        1141.1776673896427        1133.2174527120092        1124.1542928597200        1113.9960165117147        1102.7514295118433        1090.4303177974070        1077.0434503601675        1062.6025821587018        1047.1204568988805        1030.6108095991958        1013.0883688601147        994.56885876211106        975.06900032626947        954.60651248523527        933.20011253210919        910.86951604233298        887.63543630106062        863.51958331928506        838.54466259083654        812.73437383616090        786.11341010752915        758.70745780901245        730.54319843570624        701.64831319494385        672.05149219169834        641.78245062713984        610.87195561340081        579.35186898170161        547.25521425179659        514.61628043317228        481.47078279781363        447.85611354670687        413.81173794375815        379.37983325331589        344.60634839271319        309.54282607937250        274.24968378927787        238.80247560727656        203.30476005552867        167.91717818382057        0.0000000000000000     
   80.144508281926150        58.077135008988421        65.269142137426144        95.293404706257931        133.47424727863498        174.43514446078359        216.48440659595298        258.96173614008393        301.54832482789737        344.06074909285115        386.37735945619704        428.40794272404946        470.07975987045864        511.33054477010779        552.10474781803669        592.35140908360120        632.02290123806790        671.07416079432630        709.46220531402753        747.14582410203263        784.08537728768385        820.24266427048894        855.58083741256814        890.06434566770440        923.65889819850759        956.33144138583521        988.05014478256339        1018.7843929708259        1048.5047812224941        1077.1831135034424        1104.7924018061910        1131.3068661081520        1156.7019344758887        1180.9542429971202        1204.0416353400101        1225.9431618259093        1246.6390779657261        1266.1108424573611        1284.3411146763383        1301.3137517168141        1317.0138050577814        1331.4275169410364        1344.5423165545080        1356.3468161178043        1366.8308069669465        1375.9852557328391        1383.8023007034285        1390.2752484531395        1395.3985708153411        1399.1679022645283        1401.5800377648147        1402.6329311304796        1402.3256939328060        1400.6585949755229        1397.6330603489437        1393.2516740605611        1387.5181792275489        1380.4374798045137        1372.0156428080720        1362.2599009885987        1351.1786558889257        1338.7814812201175        1325.0791264758791        1310.0835206999145        1293.8077763149163        1276.2661929181691        1257.4742609473572        1237.4486651215645        1216.2072875672520        1193.7692105479653        1170.1547187306714        1145.3853009422608        1119.4836513987671        1092.4736704296520        1064.3804647735776        1035.2303475953024        1005.0508384726228        973.87066373771347        941.71975774354030        908.62926588522669        874.63155057160202        839.76020186478650        804.05005526558409        767.53722024737658        730.25912483910076        692.25458417534810        653.56390506103071        614.22904528000322        574.29385749705284        533.80446669645119        492.80986405956560        451.36286304404530        409.52168523784343        367.35269248493881        324.93532318379425        282.37155884735313        239.80549574980176        197.46788218178961        0.0000000000000000     
   92.488743656891856        70.095043035465352        81.746191207622815        117.70422118804147        162.47842314794877        210.39363433530198        259.57507970324184        309.26532608891443        359.09099329399362        408.83478444418455        458.35184759143016        507.53465239680810        556.29660211196870        604.56372907630964        652.27020167367891        699.35576265381860        745.76420587475957        791.44243957466836        836.33989489508519        880.40814479315088        923.60065492155877        965.87261927913369        1007.1808513595531        1047.4837121583535        1086.7410628928676        1124.9142343627400        1161.9660074949049        1197.8606013346100        1232.5636658946933        1266.0422780604456        1298.2649392922867        1329.2015742525414        1358.8235297570511        1387.1035736508961        1414.0158933525479        1439.5360939174964        1463.6411955512867        1486.3096305601932        1507.5212397705545        1527.2572684788063        1545.5003620160862        1562.2345610259495        1577.4452965626135        1591.1193851214150        1603.2450237136354        1613.8117850951969        1622.8106132534667        1630.2338192490540        1636.0750775002846        1640.3294225874131        1642.9932466417893        1644.0642973724214        1643.5416767688710        1641.4258405053595        1637.7185980566617        1632.4231135218449        1625.5439071375124        1617.0868574480419        1607.0592040865886        1595.4695511075518        1582.3278707989816        1567.6455078923245        1551.4351840771421        1533.7110027203603        1514.4884536835345        1493.7844181279431        1471.6171731965817        1448.0063964649000        1422.9731700592095        1396.5399843541009        1368.7307411792431        1339.5707564933552        1309.0867625213841        1277.3069094031466        1244.2607664725995        1209.9793233827763        1174.4949914215913        1137.8416055413782        1100.0544278698737        1061.1701538114937        1021.2269223295076        980.26433269009237        938.32347095509942        895.44695100220736        851.67897710733700        807.06543860957879        761.65405268928328        715.49458022684769        668.63915461852139        621.14278909225618        573.06417384772124        524.46695935612195        475.42188747128552        426.01047115131877        376.33166442516500        326.51470779423840        276.74582302965251        227.32932129415042        0.0000000000000000     
   104.97015974773343        82.280641697889862        98.307639520996588        140.32002032341975        191.84535456451300        246.85713911750790        303.30082609306885        360.32652240883453        417.50889866897046        474.59816417042941        531.42699632867266        587.87093729517051        643.82973390466304        699.21781028379201        753.95908207457251        807.98398505264470        861.22770066843236        913.62906062357501        965.12985263895803        1015.6743714842032        1065.2091242828797        1113.6826351710968        1161.0453151573361        1207.2493753870797        1252.2487695817742        1295.9991561771822        1338.4578737468560        1379.5839253094705        1419.3379684693073        1457.6823092619279        1494.5808982182723        1529.9993276127614        1563.9048291845163        1596.2662718549841        1627.0541591364233        1656.2406260516773        1683.7994354788318        1709.7059739031376        1733.9372466091615        1756.4718723827143        1777.2900778179253        1796.3736913421460        1813.7061370819004        1829.2724286981872        1843.0591633200668        1855.0545157024094        1865.2482327276416        1873.6316283627302        1880.1975791720076        1884.9405204740560        1887.8564432171527        1888.9428916329248        1888.1989617121665        1885.6253005305325        1881.2241064351763        1874.9991300866570        1866.9556763337441        1857.1006068824097        1845.4423437044782        1831.9908731163509        1816.7577504442463        1799.7561051797036        1781.0006465180675        1760.5076691636116        1738.2950592783222        1714.3823004476278        1688.7904795361444        1661.5422923105598        1632.6620487160642        1602.1756777085002        1570.1107315682673        1536.4963896561728        1501.3634616188224        1464.7443901158574        1426.6732532290280        1387.1857668317900        1346.3192873592143        1304.1128156382122        1260.6070027417813        1215.8441592547267        1169.8682699374474        1122.7250166341726        1074.4618135264841        1025.1278606961700        974.77422478357880        923.45395989407780        871.22228881998558        818.13687587980564        764.25824145410968        709.65040069214490        654.38186677805345        598.52726696321452        542.17002983389375        485.40703501491708        428.35706513334844        371.17714123190041        314.09661745909199        257.49561815102521        0.0000000000000000     
   117.58863584303613        94.609781010414608        114.97064644179653        163.12956249024901        221.52801518774078        283.75262938273517        347.56855253290558        412.03537499571900        476.67707822413678        541.21206677076157        605.45090891805899        669.25239909576078        732.50270474906040        795.10465914658221        856.97190717337196        918.02553848448031        978.19207050160674        1037.4021997388206        1095.5900083438041        1152.6924495896194        1208.6490091948931        1263.4014800826221        1316.8938117054618        1369.0720090860784        1419.8840653233719        1469.2799167314663        1517.2114132696402        1563.6322992207151        1608.4982006199436        1651.7666169929148        1693.3969156957833        1733.3503276698962        1771.5899437942260        1808.0807112878756        1842.7894298115234        1875.6847470614084        1906.7371537564600        1935.9189779981737        1963.2043790409011        1988.5693405521761        2011.9916634722751        2033.4509586020010        2052.9286390596853        2070.4079127541368        2085.8737750208720        2099.3130015653946        2110.7141418502356        2120.0675130525319        2127.3651947066396        2132.6010241320450        2135.7705927309994        2136.8712432232787        2135.9020678674383        2132.8639076992931        2127.7593527992985        2120.5927435812987        2111.3701730760295        2100.0994901640902        2086.7903036950011        2071.4539874118336        2054.1036855849657        2034.7543192441169        2013.4225928853682        1990.1270015196533        1964.8878379219507        1937.7271999364004        1908.6689976928262        1877.7389605953192        1844.9646439549322        1810.3754351575715        1774.0025592867660        1735.8790841618147        1696.0399248083465        1654.5218474554511        1611.3634732580692        1566.6052820847885        1520.2896169034070        1472.4606895594511        1423.1645891057092        1372.4492943475718        1320.3646929861263        1266.9626107712747        1212.2968555818438        1156.4232835872056        1099.3998980378897        1041.2869964887805        982.14739059312922        922.04673616605396        861.05403391632058        799.24240047338299        736.69027959939706        673.48339455393443        609.71799880032063        545.50651094305658        480.98778220748505        416.34700031418828        351.85738285682839        287.97649832262260        0.0000000000000000     
   130.34921355876415        107.07510375708740        131.75251246487764        186.13864119861944        251.51571787917371        321.05755539595003        392.34698420147714        464.35367517506398        536.55144831125210        608.62719939798512        680.36952811279923        751.62053017812093        822.25278968441251        892.15751434204265        961.23802585403735        1029.4060054328475        1096.5792391129764        1162.6802189360910        1227.6352523084747        1291.3738833250934        1353.8285110355901        1414.9341349375859        1474.6281841945668        1532.8504027295958        1589.5427719650627        1644.6494590432983        1698.1167822769798        1749.8931881589458        1799.9292359962924        1848.1775874216066        1894.5929988610808        1939.1323156234412        1981.7544666919912        2022.4204596051325        2061.0933750323256        2097.7383608156620        2132.3226253677840        2164.8154304059240        2195.1880830671407        2223.4139274970221        2249.4683360372615        2273.3287001596200        2294.9744213071108        2314.3869018094360        2331.5495360401687        2346.4477019788856        2359.0687533332371        2369.4020123645109        2377.4387635461644        2383.1722481684965        2386.5976599845808        2387.7121419731661        2386.5147842737397        2383.0066233277321        2377.1906422382226        2369.0717723386456        2358.6568959394262        2345.9548502002076        2330.9764320549052        2313.7344040973594        2294.2435013173849        2272.5204385607199        2248.5839185723103        2222.4546404709777        2194.1553084953039        2163.7106408563372        2131.1473785331796        2096.4942938537629        2059.7821987165003        2021.0439523306673        1980.3144683866474        1937.6307216145501        1893.0317537553447        1846.5586790581528        1798.2546895386949        1748.1650603981795        1696.3371562252989        1642.8204389096202        1587.6664786169238        1530.9289697671479        1472.6637547914220        1412.9288596463755        1351.7845468204944        1289.2933941815513        1225.5204119820964        1160.5332164928577        1094.4022885008258        1027.2013608178465        959.00800561070128        889.90453850772508        819.97943921441515        749.32964306116833        678.06436086951078        606.31171104026441        534.23082865169249        462.03539882434393        390.04310370741973        318.79026208341480        0.0000000000000000     
   143.25996740570244        119.67766424319332        148.67070262604039        209.36106803039280        281.81552515455240        358.77470230814839        437.63643778569929        517.28033828472712        597.13015869450885        676.84133947177452        756.18051029219885        834.97302982428914        913.07783842338824        990.37444555364766        1066.7557708240229        1142.1240056968741        1216.3881235755557        1289.4623324643890        1361.2650882240798        1431.7184524605871        1500.7476682322203        1568.2808766051983        1634.2489259688555        1698.5852432936845        1761.2257471417608        1822.1087889463540        1881.1751134107599        1938.3678317360423        1993.6324033117878        2046.9166228224647        2098.1706106402316        2147.3468050242250        2194.3999551113961        2239.2871140209577        2281.9676316409368        2322.4031468468147        2360.5575790362327        2396.3971189626382        2429.8902189231744        2461.0075824083910        2489.7221533578759        2516.0091051902427        2539.8458297902785        2561.2119266426753        2580.0891923018125        2596.4616103819308        2610.3153422424657        2621.6387185302351        2630.4222317240469        2636.6585298088025        2640.3424111857189        2641.4708209032683        2640.0428482703037        2636.0597258888570        2629.5248301196898        2620.4436829690817        2608.8239553609792        2594.6754717346998        2578.0102158853670        2558.8423379423539        2537.1881623607619        2513.0661967826331        2486.4971416087574        2457.5039001091382        2426.1115888909731        2392.3475485382696        2356.2413542377972        2317.8248262132738        2277.1320398048501        2234.1993350562198        2189.0653257094932        2141.7709075618754        2092.3592662128162        2040.8758843322044        1987.3685487183227        1931.8873576015026        1874.4847289040333        1815.2154105155298        1754.1364941248960        1691.3074348239877        1626.7900796532072        1560.6487096334788        1492.9501018390265        1423.7636210589503        1353.1613551426171        1281.2183151803060        1208.0127328815061        1133.6265057916887        1058.1458716567652        981.66244637728744        904.27485543149839        826.09136725196436        747.23428741009218        667.84759834820966        588.11093263569239        508.26678770300134        428.67785659898726        349.96034874981632        0.0000000000000000     
   156.33089259389740        132.42314386592994        165.74287118579417        232.81492180287219        312.44410286484441        396.92081030311016        483.45485694881103        570.83518604031281        658.43530625491155        745.87909401863840        832.91110922395558        919.33987225623332        1005.0105770660504        1089.7909324210552        1173.5633551544845        1256.2204492433927        1337.6622815218900        1417.7946864215291        1496.5281835515016        1573.7772724466322        1649.4599659084042        1723.4974777348027        1795.8140121782660        1866.3366213569113        1934.9951084754048        2001.7219620601586        2066.4523111649282        2129.1238946409071        2189.6770396786442        2248.0546462778530        2304.2021753107247        2358.0676385583906        2409.6015896118647        2458.7571148996208        2505.4898243752095        2549.7578415979542        2591.5217930871286        2630.7447969386817        2667.3924507729985        2701.4328191393870        2732.8364205428234        2761.5762142847566        2787.6275873252057        2810.9683413800758        2831.5786804672034        2849.4411991083916        2864.5408713836691        2876.8650410189930        2886.4034126703377        2893.1480445462244        2897.0933424876189        2898.2360555994042        2896.5752735016017        2892.1124252416157        2884.8512798813804        2874.7979487457510        2861.9608892911283        2846.3509105265598        2827.9811798936976        2806.8672314875384        2783.0269754770766        2756.4807085645048        2727.2511253038251        2695.3633300852480        2660.8448495814946        2623.7256454466178        2584.0381270585885        2541.8171641047652        2497.1000988263231        2449.9267577658375        2400.3394629045297        2348.3830421359789        2294.1048391067302        2237.5547225684659        2178.7850955413996        2117.8509047987941        2054.8096514684958        1989.7214039392975        1922.6488148019639        1853.6571443130561        1782.8142939450620        1710.1908551341699        1635.8601806023064        1559.8984890057222        1482.3850187929713        1403.4022551223391        1323.0362663558719        1241.3772073159719        1158.5200811998268        1074.5659122390341        989.62358942579692        903.81284442871811        817.26922520449398        730.15275346275803        642.66378318574152        555.07394418702302        467.79147335089147        381.51353658196479        0.0000000000000000     
   169.57329134117469        145.31998273135315        182.98688725358679        256.52080960162391        343.42378820544752        435.52094647016463        529.83079670801317        625.05071113784334        720.50357710962487        815.78148131845467        910.60674069285858        1004.7708874805434        1098.1052325765459        1190.4655567047655        1281.7236542679473        1371.7624291092486        1460.4729355624834        1547.7525351583795        1633.5037184862374        1717.6333367783329        1800.0520928564783        1880.6741999880337        1959.4171514112954        2036.2015637936706        2110.9510705244361        2183.5922487347125        2254.0545691078682        2322.2703609606515        2388.1747873779336        2451.7058267633047        2512.8042582688922        2571.4136493468432        2627.4803442233451        2680.9534525008667        2731.7848373903021        2779.9291032925344        2825.3435826096238        2867.9883217841107        2907.8260666513324        2944.8222472515718        2978.9449622919037        3010.1649634756800        3038.4556399338408        3063.7930029988906        3086.1556715612469        3105.5248582401637        3121.8843565886559        3135.2205295347762        3145.5222992409217        3152.7811385392952        3156.9910640757348        3158.1486312664133        3156.2529311427888        3151.3055891301588        3143.3107657745677        3132.2751594021270        3118.2080106642597        3101.1211088925761        3081.0288001582417        3057.9479969033659        3031.8981889865204        3002.9014559615443        2970.9824803888473        2936.1685619622267        2898.4896322224690        2857.9782696227458        2814.6697147111813        2768.6018852044849        2719.8153907449800        2668.3535471643399        2614.2623901239708        2557.5906880685920        2498.3899545221484        2436.7144598817476        2372.6212430372138        2306.1701233771573        2237.4237140600867        2166.4474378645709        2093.3095475349746        2018.0811533826907        1940.8362620992859        1861.6518324609210        1780.6078561260879        1697.7874754896948        1613.2771562756122        1527.1669414357584        1439.5508270601586        1350.5273240838592        1260.2003083661173        1168.6803290405423        1076.0866662036572        982.55065628378736        888.22125041685945        793.27469990122279        697.93232089047092        602.49521264794760        507.41769953118501        413.47895049805715        0.0000000000000000     
   182.99942047569056        158.37839174523884        200.42086131370428        280.50099604574211        374.78054853393121        474.60552464911751        576.79966151536530        679.96762314993566        783.38115393101509        886.60023451407994        989.32470711998712        1091.3289259088647        1192.4301530640080        1292.4720919189772        1391.3157774604956        1488.8342867004687        1584.9095439230698        1679.4303287015996        1772.2910016433370        1863.3906725464010        1952.6326487531578        2039.9240649588623        2125.1756326322925        2208.3014693360083        2289.2189818853531        2367.8487859225256        2444.1146500743289        2517.9434565601005        2589.2651726094141        2658.0128287599955        2724.1225012995860        2787.5332969600067        2848.1873385771637        2906.0297508696617        2961.0086458096030        3013.0751072951739        3062.1831750086112        3108.2898274710392        3151.3549643988804        3191.3413885331256        3228.2147871588040        3261.9437135617136        3292.4995686863440        3319.8565832653198        3343.9918006886555        3364.8850608720772        3382.5189853690181        3396.8789639513998        3407.9531428611058        3415.7324149075789        3420.2104115580282        3421.3834971358046        3419.2507652100812        3413.8140372265648        3405.0778633949403        3393.0495258146425        3377.7390437866416        3359.1591812257793        3337.3254560561581        3312.2561514416439        3283.9723286752842        3252.4978415257870        3217.8593518169328        3180.0863459975308        3139.2111524462412        3095.2689592482643        3048.2978321808546        2998.3387326535089        2945.4355353685546        2889.6350455014572        2830.9870152509825        2769.5441596822566        2705.3621718871923        2638.4997376256129        2569.0185497993025        2496.9833233676904        2422.4618116633874        2345.5248255451570        2266.2462574894844        2184.7031136511941        2100.9755582422817        2015.1469764778756        1927.3040651207477        1837.5369638057718        1745.9394466389440        1652.6092033791938        1557.6482551312092        1461.1635749957909        1363.2680270359836        1264.0818114475449        1163.7347380688727        1062.3699023956428        960.14983444265772        857.26722295143759        753.96460772382761        650.57291864018430        547.59313672245446        445.88749639399873        0.0000000000000000     
   196.62228398897088        171.60980237657668        218.06317270935278        304.77894426759491        406.54286300268632        514.20864343622861        624.40158457724806        735.63231942164612        847.12080921252038        958.39453756133969        1069.1305906971977        1179.0859198305645        1288.0635467646894        1395.8949278030209        1502.4301851297325        1607.5324286326345        1711.0743235378134        1812.9359486556152        1913.0034253293204        2011.1680217079484        2107.3255581701046        2201.3760078082141        2293.2232254901583        2382.7747627879307        2469.9417407364167        2554.6387616747329        2636.7838474401988        2716.2983951663132        2793.1071446213891        2867.1381528681004        2938.3227733104382        3006.5956371051798        3071.8946355679150        3134.1609026769524        3193.3387971244310        3249.3758836182187        3302.2229133254900        3351.8338034863232        3398.1656163255316        3441.1785374621336        3480.8358540646664        3517.1039330317840        3549.9521994948254        3579.3531159449972        3605.2821622845804        3627.7178170908478        3646.6415403644910        3662.0377580122972        3673.8938482877929        3682.2001303838852        3686.9498553393437        3688.1391993865695        3685.7672598320987        3679.8360535242532        3670.3505179246854        3657.3185147627687        3640.7508362142503        3620.6612135089094        3597.0663278363954        3569.9858233857462        3539.4423223226318        3505.4614414798357        3468.0718105115948        3427.3050912419021        3383.1959979217913        3335.7823181019758        3285.1049338265789        3231.2078428627915        3174.1381797023200        3113.9462361065935        3050.6854810225800        2984.4125797751062        2915.1874125517620        2843.0730923477454        2768.1359827437991        2690.4457161703235        2610.0752136923111        2527.1007078734433        2441.6017710029878        2353.6613519851198        2263.3658266326001        2170.8050681851623        2076.0725479180255        1979.2654802490817        1880.4850336669581        1779.8366395532582        1677.4304480918495        1573.3820084395952        1467.8132974123002        1360.8543027581948        1252.6455145668849        1143.3419554431905        1033.1199260549124        922.18877956924689        810.81256413239930        699.35243008069381        588.35661951320367        478.77153390419869        0.0000000000000000     
   210.45551005661986        185.02654856041093        235.93249818076572        329.37906757273493        438.74108665894909        554.36712412598729        672.68018791395662        792.09539669160586        911.78018679938600        1031.2290888728130        1150.0961078657565        1268.1205354078270        1385.0909370067109        1500.8263329584570        1615.1657633300356        1727.9622171806152        1839.0789602241452        1948.3872418717644        2055.7648264722975        2161.0950330837477        2264.2660975145036        2365.1707431165719        2463.7058891608572        2559.7724510571629        2653.2752023884855        2744.1226786777206        2832.2271092528431        2917.5043678443617        2999.8739354286463        3079.2588708084941        3155.5857858026366        3228.7848228932971        3298.7896338817627        3365.5373586099658        3428.9686031772726        3489.0274173543185        3545.6612710963454        3598.8210302053744        3648.4609312970692        3694.5385563037253        3737.0148067961518        3775.8538784398265        3811.0232359180272        3842.4935886599351        3870.2388677070280        3894.2362040383518        3914.4659086559177        3930.9114547065974        3943.5594618876426        3952.3996833499341        3957.4249952773112        3958.6313892821472        3956.0179677175429        3949.5869419656092        3939.3436337196540        3925.2964792364101        3907.4570364930246        3885.8399951429606        3860.4631891257700        3831.3476117483606        3798.5174330205596        3762.0000189960715        3721.8259528421672        3678.0290573384232        3630.6464184876022        3579.7184099116930        3525.2887177045418        3467.4043654215952        3406.1157389093019        3341.4766107151077        3273.5441638777415        3202.3790149825609        3128.0452364856883        3050.6103784741490        2970.1454902521773        2886.7251424472583        2800.4274507434520        2711.3341029180178        2619.5303916450225        2525.1052566333369        2428.1513412338172        2328.7650709095656        2227.0467642740177        2123.1007923424013        2017.0358091632434        1908.9650886961310        1799.0070214385221        1687.2858547780643        1573.9328123432194        1459.0878168192223        1342.9022015626301        1225.5430987933389        1107.2007885637315        988.10153574725462        868.53120652539064        748.88159337396405        629.74884577415799        512.16468924167361        0.0000000000000000     
   224.51327950978481        198.64167868040741        254.04784157462271        354.32659604659301        471.40708184541478        595.11994121324335        721.68184062449598        849.41075501505816        977.42076273942655        1105.1729266008272        1232.2978043601877        1358.5167415116248        1483.6036080750987        1607.3647804864813        1729.6280316194932        1850.2360625877300        1969.0425876042518        2085.9098880865831        2200.7072450766777        2313.3099137541267        2423.5984415386324        2531.4582087446115        2636.7791158746854        2739.4553687531748        2839.3853294543896        2936.4714115970564        3030.6200054599121        3121.7414229316587        3209.7498553852420        3294.5633396802241        3376.1037289726901        3454.2966660571506        3529.0715577142978        3600.3615490816373        3668.1034974605868        3732.2379452648297        3792.7090920285436        3849.4647655494423        3902.4563923546052        3951.6389677567313        3996.9710258223158        4038.4146096068130        4075.9352420290752        4109.5018977617028        4139.0869765074749        4164.6662780171100        4186.2189791813917        4203.7276135027905        4217.1780532188759        4226.5594943132901        4231.8644446102617        4233.0887151064890        4230.2314146503941        4223.2949480335192        4212.2850175131089        4197.2106277389430        4178.0840940119460        4154.9210537574081        4127.7404810524395        4096.5647040061094        4061.4194247522005        4022.3337417793568        3979.3401742924857        3932.4746882734457        3881.7767238894980        3827.2892238860727        3769.0586625977307        3707.1350752199455        3641.5720870071686        3572.4269421030217        3499.7605317710018        3423.6374218850228        3344.1258796666816        3261.2978998319008        3175.2292305497285        3085.9993999430908        2993.6917443080461        2898.3934398417946        2800.1955405205176        2699.1930259606997        2595.4848647915965        2489.1741015087596        2380.3679783584671        2269.1781091465550        2155.7207300014561        2040.1170647812155        1922.4938629870319        1802.9842010431350        1681.7286933696666        1558.8773563394407        1434.5925426395597        1309.0536917016464        1182.4652894013159        1055.0707808604805        927.17818638036158        799.21039649818658        671.81216117235488        546.10175417871164        0.0000000000000000     
   238.81028697721251        212.46884402203997        272.42856485760228        379.64750952855729        504.57400536557429        636.50788383026020        771.45521226708377        907.63505430514431        1044.1072120690314        1180.2987103462021        1315.8162550997358        1450.3629301946746        1583.6976481278880        1715.6139148685147        1845.9280352108492        1974.4722416600753        2101.0905332399043        2225.6360746589949        2347.9695286193928        2467.9579641886312        2585.4741303128808        2700.3959658091985        2812.6062651160246        2921.9924479017777        3028.4463984473464        3131.8643520124997        3232.1468127222865        3329.1984923622986        3422.9282627484076        3513.2491165885162        3600.0781333261903        3683.3364475696785        3762.9492185085192        3838.8455992984314        3910.9587058175612        3979.2255845068903        4043.5871792346807        4103.9882972905434        4160.3775747340096        4212.7074414061390        4260.9340859687918        4305.0174213703713        4344.9210511538440        4380.6122370257326        4412.0618680963971        4439.2444321843195        4462.1379895518221        4480.7241494082855        4494.9880494803219        4504.9183389078516        4510.5071646809774        4511.7501617862090        4508.6464471821964        4501.1986176755281        4489.4127517168554        4473.2984150871498        4452.8686703938738        4428.1400902477462        4399.1327739433000        4365.8703674210637        4328.3800862466933        4286.6927413034809        4240.8427668602853        4190.8682506479963        4136.8109655553953        4078.7164025412953        4016.6338043556639        3950.6161996706874        3880.7204372459832        3807.0072197943837        3729.5411372808098        3648.3906994833487        3563.6283677817246        3475.3305863264031        3383.5778129988171        3288.4545509241011        3190.0493817775241        3088.4550027853024        2983.7682702352713        2876.0902535955247        2765.5263061615642        2652.1861607804267        2536.1840630530446        2417.6389601682145        2296.6747722814653        2173.4207869856505        2048.0122391499062        1920.5911739587395        1791.3077508782319        1660.3222505123013        1527.8082344917630        1393.9576627345091        1258.9894717843977        1123.1645776923053        986.81351857225309        850.39077514886230        714.59044158162726        580.61864038619524        0.0000000000000000     
   253.36172364226002        226.52223417437961        291.09442058082556        405.36851098541359        538.27619067516378        678.57335903341482        822.05100850225654        966.82738953978264        1111.9070281012603        1256.6822874422826        1400.7355794186419        1543.7513822203568        1685.4733659951207        1825.6819207598419        1964.1816663243485        2100.7941721420734        2235.3535464349052        2367.7036781754455        2497.6964678287718        2625.1906685836229        2750.0511145361797        2872.1481994224046        2991.3575202987217        3107.5596311254967        3220.6398701030275        3330.4882365926787        3436.9993012314048        3540.0721380001196        3639.6102704864684        3735.5216269747457        3827.7185006663299        3916.1175125173681        4000.6395750289648        4081.2098559396100        4157.7577412178916        4230.2167970818946        4298.5247310120294        4362.6233518989957        4422.4585295938987        4477.9801542150717        4529.1420956240008        4575.9021635174877        4618.2220685993871        4656.0673852964856        4689.4075164724291        4718.2156605728887        4742.4687816065589        4762.1475823313058        4777.2364809741557        4787.7235917688195        4793.6007095460391        4794.8632985609265        4791.5104856883827        4783.5450580632605        4770.9734651868530        4753.8058254659672        4732.0559370960764        4705.7412931462013        4674.8831006511036        4639.5063034664763        4599.6396085960287        4555.3155156563935        4506.5703491075938        4453.4442928443987        4395.9814267187312        4334.2297645467452        4268.2412931484014        4198.0720119745911        4123.7819729003686        4045.4353198065683        3963.1003276414976        3876.8494407564208        3786.7593104530424        3692.9108318814360        3595.3891807012533        3494.2838502940745        3389.6886908278266        3281.7019521801876        3170.4263337074167        3055.9690452191435        2938.4418854723549        2817.9613473142203        2694.6487627331835        2568.6305072443438        2440.0382924279302        2309.0095900610136        2175.6882545920994        2040.2254488581955        1902.7810422301138        1763.5257622888103        1622.6445832644663        1480.3422150982035        1336.8523089499226        1192.4535654763652        1047.4994330491036        902.47651265485842        758.12904021770987        615.75237098147932        0.0000000000000000     
   268.18327492211375        240.81654246284293        310.06558595603559        431.51702580276412        572.54909063236369        721.36028584865153        873.52182381934006        1027.0491068844140        1180.8903048329960        1334.4024434203329        1487.1431606777001        1638.7779564729544        1789.0349507558715        1937.6811529124730        2084.5092645097739        2229.3299834096388        2371.9673392225104        2512.2557756308624        2650.0382779543938        2785.1651461288247        2917.4931767332287        3046.8851097912657        3173.2092497881940        3296.3392026644015        3416.1536905394978        3532.5364186047632        3645.3759768547361        3754.5657647857315        3860.0039308760870        3961.5933211978668        4059.2414332804055        4152.8603726002384        4242.3668099711531        4327.6819387589476        4408.7314313200222        4485.4453944099523        4557.7583235618058        4625.6090566179128        4688.9407267300967        4747.7007152342794        4801.8406048648594        4851.3161338090749        4896.0871511165833        4936.1175739788341        4971.3753473792349        5001.8324065911465        5027.4646429682425        5048.2518734323567        5064.1778140187580        5075.2300577891674        5081.4000573694975        5082.6831123131915        5079.0783614328802        5070.5887801835379        5057.2211831200493        5038.9862313916583        5015.8984451759052        4987.9762208957400        4955.2418530065333        4917.7215600849067        4875.4455148999668        4828.4478781000744        4776.7668351058956        4720.4446357643710        4659.5276362896248        4594.0663429975302        4524.1154573327085        4449.7339216927348        4370.9849655776252        4287.9361516377094        4200.6594212652890        4109.2311394828230        4013.7321390330776        3914.2477637889565        3810.8679118923878        3703.6870794307833        3592.8044060064626        3478.3237243073213        3360.3536168323481        3239.0074843924740        3114.4036330922959        2986.6653895061095        2855.9212581728993        2722.3051421225728        2585.9566571813602        2447.0215864288243        2305.6525460925468        2162.0099749512433        2016.2636280613651        1868.5948753378898        1719.2003218113764        1568.2976738496950        1416.1355810015882        1263.0108660837598        1109.3003100605599        955.52320385482494        802.47477941151271        651.54109830693483        0.0000000000000000     
   283.29112893089496        255.36695139074882        329.36269871945353        458.12121864536977        607.42926057070895        764.91404978671551        925.92207246098042        1088.3637141414390        1251.1296287368459        1413.5407761509364        1575.1295032505659        1735.5419299506402        1894.4902946755792        2051.7279418413350        2207.0354047215319        2360.2122865650049        2511.0723380486302        2659.4403772482110        2805.1503122681656        2948.0438447474835        3087.9696048168398        3224.7825652224428        3358.3436390156439        3488.5193993230268        3615.1818808235721        3738.2084359570895        3857.4816275871349        3972.8891456091555        4084.3237388923926        4191.6831566245037        4294.8700950002412        4393.7921465218396        4488.3617501292920        4578.4961410665119        4664.1172998902439        4745.1519003944504        4821.5312564896103        4893.1912682691727        4960.0723676323541        5022.1194639265022        5079.2818901329365        5131.5133501546197        5178.7718677776120        5221.0197378750645        5258.2234804057744        5290.3537977315400        5317.3855357408675        5339.2976492224852        5356.0731718821171        5367.6991913412148        5374.1668293977909        5375.4712277680110        5371.6115394636317        5362.5909258953434        5348.4165597263172        5329.0996334343799        5304.6553734758245        5275.1030598797415        5240.4660510392514        5200.7718134063107        5156.0519557402185        5106.3422675077918        5051.6827609862439        4992.1177165794961        4927.6957308262845        4858.4697665559170        4784.4972046370412        4705.8398967691955        4622.5642187896074        4534.7411240136471        4442.4461962022506        4345.7597018619772        4244.7666417440505        4139.5568016329053        4030.2248028236741        3916.8701531115112        3799.5972996965675        3678.5156862088866        3553.7398171696295        3425.3893347660855        3293.5891150376324        3158.4693937723928        3020.1659371117034        2878.8202788753183        2734.5800573094821        2587.5995006042522        2438.0401370705163        2286.0718493293621        2131.8744651410702        1975.6402051409341        1817.5775384310782        1657.9174317143409        1496.9238372925972        1334.9120625037040        1172.2826743082126        1009.5882644764762        847.67597459440583        688.02414118354511        0.0000000000000000     
   298.70199313405874        270.18913199060455        349.00689497582675        485.21002295757745        642.95436948842519        809.28149938192587        979.30797372413588        1150.8368568694486        1322.7000467871892        1494.1816562467784        1664.7881853717745        1834.1459428576029        2001.9509301546184        2167.9425221105926        2331.8888163324559        2493.5780835059782        2652.8135821864753        2809.4103135101755        2963.1929369833379        3113.9944031864607        3261.6550406593856        3406.0219365235594        3546.9485101064392        3684.2942147807739        3817.9243254840185        3947.7097835086947        4073.5270793288005        4195.2581603116387        4312.7903542771883        4426.0163026959026        4534.8338992919207        4639.1462312183357        4738.8615209739464        4833.8930679560526        4924.1591890713971        5009.5831582119608        5090.0931446820432        5165.6221508644894        5236.1079495561917        5301.4930214997084        5361.7244936993939        5416.7540791440006        5466.5380185694348        5511.0370248891077        5550.2162308989828        5584.0451408323906        5612.4975862982546        5635.5516870872352        5653.1898172750389        5665.3985769918245        5672.1687701625106        5673.4953884554798        5669.3776016079210        5659.8187542250889        5644.8263690792428        5624.4121568622522        5598.5920322747552        5567.3861362647649        5530.8188641605866        5488.9188993776079        5441.7192523166077        5389.2573040138468        5331.5748540514178        5268.7181721913330        5200.7380531603430        5127.6898739862654        5049.6336532732421        4966.6341118055398        4878.7607338913485        4786.0878289043376        4688.6945925579612        4586.6651675644889        4480.0887034991019        4369.0594159253706        4253.6766451644962        4134.0449155385813        4010.2739965334636        3882.4789681753891        3750.7802940956244        3615.3039074139979        3476.1813169290094        3333.5497445028755        3187.5523095184503        3038.3382837366566        2886.0634512371689        2730.8906258070019        2572.9904063442068        2412.5422970295285        2249.7363969009120        2084.7759991642374        1917.8816858895193        1749.2979662096479        1579.3044209591144        1408.2352301625517        1236.5152324945093        1064.7309744022734        893.78248270375138        725.24203745467992        0.0000000000000000     
   314.43311756654134        285.29925329793491        369.01984923360686        512.81318015978798        679.16323184729458        854.51097329108973        1033.7375767457233        1214.5363421870065        1395.6790898547420        1576.4122501238496        1756.2158816086153        1934.6960200008268        2111.5320494005505        2286.4490495139976        2459.2023969707739        2629.5687765106081        2797.3407281246809        2962.3232333901706        3124.3315223682175        3283.1896340678663        3438.7294541665065        3590.7900612242247        3739.2172754256853        3883.8633417009378        4024.5867024931640        4161.2518303101579        4293.7290998557191        4421.8946859448179        4545.6304777386013        4664.8240028153959        4779.3683566757745        4889.1621347540204        4994.1093650642706        5094.1194403724976        5189.1070493398429        5278.9921064861965        5363.6996811154131        5443.1599255533747        5517.3080031971685        5586.0840169727662        5649.4329388603428        5707.3045411787298        5759.6533303295755        5806.4384836921990        5847.6237903355322        5883.1775961767826        5913.0727541697770        5937.2865800513764        5955.8008141132459        5968.6015894001603        5975.6794066656348        5977.0291163425281        5972.6499077105609        5962.5453053657448        5946.7231730188842        5925.1957245724570        5897.9795423478563        5865.0956022589335        5826.5693056537866        5782.4305174754290        5732.7136103243593        5677.4575139430372        5616.7057695851527        5550.5065886824905        5478.9129151811003        5401.9824908881474        5319.7779231539471        5232.3667542134090        5139.8215315314173        5042.2198785429910        4939.6445652581388        4832.1835783225206        4719.9301903008254        4602.9830281972554        4481.4461415706182        4355.4290710739424        4225.0469188984416        4090.4204234992912        3951.6760422291982        3808.9460472601972        3662.3686426701015        3512.0881141724999        3358.2550282546149        3201.0265053827325        3040.5666039664648        2877.0468705115068        2710.6471412817336        2541.5567297495331        2369.9762166849227        2196.1202036342670        2020.2216507479434        1842.5389106046132        1663.3675406569319        1483.0610086650809        1302.0689443862273        1121.0125474546930        940.84577010931071        763.23660925229444        0.0000000000000000     
   330.50232360856393        300.71399956771506        389.42381686276309        540.96128679267372        716.09585531880293        900.65235074150053        1089.2708153437763        1279.5321988256549        1470.1468381628115        1660.3225906323057        1849.5124381491314        2037.3016500118165        2223.3525867095123        2407.3756854309504        2589.1132978855940        2768.3302534917088        2944.8081335568736        3118.3416859083727        3288.7365207027415        3455.8075970984773        3619.3782106241315        3779.2793039907256        3935.3489900476402        4087.4322153091994        4235.3805170851974        4379.0518428766181        4518.3104108530024        4653.0265969659858        4783.0768388100114        4908.3435494757641        5028.7150368317771        5144.0854252199197        5254.3545776603924        5359.4280174628948        5459.2168487219897        5553.6376755966639        5642.6125205792050        5726.0687421761904        5803.9389525759134        5876.1609359774948        5942.6775683183105        6003.4367391668820        6058.3912765543382        6107.4988755039158        6150.7220309886206        6188.0279760050689        6219.3886253991577        6244.7805260185942        6264.1848137000925        6277.5871775263786        6284.9778317115106        6286.3514953931790        6281.7073805285245        6271.0491880064337        6254.3851120049439        6231.7278525379743        6203.0946360517810        6168.5072438491097        6127.9920480385772        6081.5800546292230        6029.3069533163825        5971.2131734360555        5907.3439455019006        5837.7493676834956        5762.4844765382168        5681.6093212740907        5595.1890408002055        5503.2939428177933        5405.9995842234275        5303.3868521415270        5195.5420449837675        5082.5569530579787        4964.5289384318903        4841.5610140157760        4713.7619221880896        4581.2462137850971        4444.1343289603547        4302.5526823669707        4156.6337564339474        4006.5162083615510        3852.3449990985050        3694.2715563721108        3532.4539894301024        3367.0573815010425        3198.2541987020154        3026.2248739375136        2851.1586559452953        2673.2548654275784        2492.7247875547428        2309.7945823829186        2124.7098701031173        1937.7431674677644        1749.2063799057410        1559.4727060164221        1369.0171211033166        1178.4962230536773        988.91899702265414        802.05103946953466        0.0000000000000000     
   346.92803772636057        316.45059373686763        410.24167922975550        569.68584860861483        753.79350159387343        947.75712078726178        1145.9695869278532        1345.8967661364156        1546.1860202855673        1746.0056855688113        1944.7809900871305        2142.0759104697358        2337.5353503485067        2530.8547342808683        2721.7630657073196        2910.0130327430434        3095.3750037609120        3277.6332667786364        3456.5836118330058        3632.0317421937298        3803.7922100908677        3971.6876910367255        4135.5484799980204        4295.2121343553736        4450.5232144093925        4601.3330885970299        4747.4997812441707        4888.8878477564194        5025.3682669356331        5156.8183434023977        5283.1216154044660        5404.1677649190733        5519.8525281215143        5630.0776051322136        5734.7505685626784        5833.7847708213803        5927.0992504577780        6014.6186380479267        6096.2730622805066        6171.9980570041425        6241.7344700573321        6305.4283747302961        6363.0309847101707        6414.4985733427602        6459.7923980091355        6498.8786303675151        6531.7282931520876        6558.3172041534081        6578.6259279308797        6592.6397357284741        6600.3485739813204        6601.7470417139057        6596.8343770417059        6585.6144528975537        6568.0957820127178        6544.2915310915641        6514.2195440278419        6477.9023739215418        6435.3673235680089        6386.6464940067335        6331.7768406369205        6270.8002363314245        6203.7635409113409        6130.7186762820929        6051.7227064797980        5966.8379218365753        5876.1319264480935        5779.6777281194691        5677.5538299813161        5569.8443230124003        5456.6389787863918        5338.0333418885721        5214.1288216374378        5085.0327830159113        4950.8586370933881        4811.7259317412772        4667.7604441647436        4519.0942777704095        4365.8659672790518        4208.2205979468999        4046.3099475416334        3880.2926637372202        3710.3344954880031        3536.6086057520879        3359.2960063603136        3178.5861767405754        2994.6779615738342        2807.7808971206791        2618.1172081762929        2425.9248783812441        2231.4624874512988        2035.0170576079820        1836.9172379366730        1637.5564303097813        1437.4355467035061        1237.2473768924297        1038.0571165886745        841.72995863285519        0.0000000000000000     
   363.72932987001559        332.52682620811350        431.49699178999799        599.01934109622607        792.29875852118823        995.87846756195631        1203.8978517274636        1413.7048074471879        1623.8821402881185        1833.5576579056235        2042.1281137953424        2249.1356312856356        2454.2071956745599        2657.0228249927945        2857.2978308037518        3054.7724566637080        3249.2055891418486        3440.3708182096948        3628.0539036790333        3812.0511091669027        3992.1680847863859        4168.2191037864977        4340.0265308391072        4507.4204433507039        4670.2383542436337        4828.3250018505196        4981.5321837468518        5129.7186187684993        5272.7498264810947        5410.4980168221782        5542.8419850493319        5669.6670088341998        5790.8647455623959        5906.3331287779256        6015.9762633460623        6119.7043193673426        6217.4334252043900        6309.0855602153242        6394.5884479461183        6473.8754506367268        6546.8854659545859        6613.5628268936889        6673.8572057751762        6727.7235232615603        6775.1218632558393        6816.0173945022643        6850.3802996399163        6878.1857123860018        6899.4136634445613        6914.0490356495675        6922.0815287604655        6923.5056342341422        6918.3206202010042        6906.5305267750100        6888.1441717291500        6863.1751664692547        6831.6419421413084        6793.5677856110151        6748.9808849600622        6697.9143840522020        6640.4064456349324        6576.5003223601188        6506.2444350309061        6429.6924573141769        6346.9034060995855        6257.9417366402440        6162.8774415796097        6061.7861529574402        5954.7492463002163        5841.8539459440890        5723.1934308196624        5598.8669400586914        5468.9798779779967        5333.6439182758622        5192.9771076691113        5047.1039697448123        4896.1556105558848        4740.2698285374863        4579.5912327823262        4414.2713757702468        4244.4689095774029        4070.3497788223763        3892.0874698178545        3709.8633446773679        3523.8671032719758        3334.2974379662910        3141.3629812207005        2945.2837037478753        2746.2930180992926        2544.6410120136547        2340.5995424631515        2134.4704999247951        1926.5996982833628        1717.4012458375466        1507.4026207304742        1297.3336489996830        1088.3169877096641        882.31954186489236        0.0000000000000000     
   380.92595642522087        348.96108841270029        453.21403544708403        628.99527625454061        831.65562260715012        1045.0713698713414        1263.1217500835689        1483.0336449740332        1703.3236297019071        1923.0779139381491        2141.6640101052535        2358.6015915858015        2573.4992342472965        2786.0211307620043        2995.8685360142285        3202.7689277484596        3406.4694267264526        3606.7326741437146        3803.3341794699481        3996.0605752456449        4184.7084452240233        4369.0835220245972        4549.0001263183467        4724.2807652910224        4894.7558364726983        5060.2634010347165        5220.6490023680235        5375.7655135328077        5525.4730024296032        5669.6386071610086        5808.1364165802688        5940.8473528099157        6067.6590537899674        6188.4657548330251        6303.1681688257831        6411.6733651930172        6513.8946480803706        6609.7514344504234        6699.1691329476098        6782.0790244895779        6858.4181455987709        6928.1291755084821        6991.1603280700265        7047.4652494575139        7097.0029226192428        7139.7375793626898        7175.6386208871345        7204.6805474959374        7226.8428981315164        7242.1102002815833        7250.4719307064788        7251.9224873357352        7246.4611725779587        7234.0921881827380        7214.8246416873753        7188.6725643750551        7155.6549405660035        7115.7957479591441        7069.1240086400694        7015.6738502724102        6955.4845768948626        6888.6007486563703        6815.0722697386755        6734.9544836402792        6648.3082749307905        6555.2001765321838        6455.7024815471132        6349.8933586375597        6237.8569699656264        6119.6835907482382        5995.4697295581036        5865.3182486358655        5729.3384836788664        5587.6463628616657        5440.3645252522738        5287.6224393578677        5129.5565233245279        4966.3102694140580        4798.0343769152396        4624.8868998085381        4447.0334185835563        4264.6472500590589        4077.9097155883032        3887.0104977948699        3692.1481308641692        3493.5306925955761        3291.3768034067261        3085.9170980836202        2877.3964383308648        2666.0773125000451        2452.2451915731590        2236.2172195576068        2018.3568229817813        1799.0993519568665        1578.9995205125238        1358.8250884200650        1139.7575012624300        923.86761599633280        0.0000000000000000     
   398.53840776991905        365.77241087430929        475.41787152054644        659.64827567001987        871.90959144435419        1095.3927142700336        1323.7097365844036        1553.9633147403922        1784.6020224801630        2014.6693371932729        2243.5027158331945        2470.5987473262844        2695.5470758517154        2917.9956236855878        3137.6312020184596        3354.1681827543694        3567.3416211626259        3776.9029461182595        3982.6171865159909        4184.2611448404905        4381.6221691207156        4574.4973101683408        4762.6927303165785        4946.0232776999446        5124.3121697636279        5297.3907485384752        5465.0982824753546        5627.2817977714258        5783.7959276269730        5934.5027716592649        6079.2717603440706        6217.9795212240615        6350.5097449565701        6476.7530502302516        6596.6068472690476        6709.9752001356710        6816.7686883975830        6916.9042689618664        7010.3051390480341        7096.9006013683866        7176.6259326381796        7249.4222565532673        7315.2364223588538        7374.0208900959360        7425.7336235566208        7470.3379919096833        7507.8026808764243        7538.1016142466460        7561.2138864272156        7577.1237066129634        7585.8203550627904        7587.2981518540055        7581.5564383758883        7568.5995717102714        7548.4369319329790        7521.0829422562711        7486.5571018193368        7444.8840308221997        7396.0935275889469        7340.2206370395825        7277.3057299471657        7207.3945922593803        7130.5385236725488        7046.7944445632784        6956.2250103103634        6858.8987319800281        6754.8901023043891        6644.2797258604160        6527.1544523600760        6403.6075119989046        6273.7386518892099        6137.6542727375881        5995.4675651314565        5847.2986450979906        5693.2746890229882        5533.5300686107266        5368.2064873920062        5197.4531214373565        5021.4267685407513        4840.2920124069669        4654.2214116093819        4463.3957277585359        4268.0042141834547        4068.2449966824870        3864.3255935314123        3656.4636462871558        3444.8879717815739        3229.8401093685466        3011.5766449315634        2790.3727805414064        2566.5279577921856        2340.3749830613638        2112.2953714113005        1882.7462840337191        1652.3103828144131        1421.7943143808550        1192.4397198270465        966.42377717074442        0.0000000000000000     
   416.58796060950453        382.98050568749335        498.13440070043566        691.01415012921802        913.10776602351575        1146.9014213433870        1385.7327305728199        1626.5767408583120        1867.8121521217722        2108.4385071196334        2347.7623424995527        2585.2564883002774        2820.4911018943394        3053.0973625268439        3282.7472273609001        3509.1416028199419        3732.0031627396897        3951.0718469927588        4166.1019634699442        4376.8602782170838        4583.1247294244031        4784.6835426826856        4981.3346077878778        5172.8850273514290        5359.1507784618325        5539.9564483460272        5715.1350177958802        5884.5276746358504        6047.9836452659047        6205.3600362741745        6356.5216808775622        6501.3409869000243        6639.6977843888908        6771.4791719660489        6896.5793617257432        7014.8995230013261        7126.3476256834874        7230.8382840202885        7328.2926019923161        7418.6380214543542        7501.8081742828890        7577.7427397780366        7646.3873085470304        7707.6932540513371        7761.6176129354817        7808.1229751770697        7847.1773850071895        7878.7542534512168        7902.8322832338627        7919.3954066807937        7928.4327371337367        7929.9385342775959        7923.9121836579507        7910.3581905457177        7889.2861881838935        7860.7109603294539        7824.6524778824150        7781.1359492743250        7730.1918841709812        7671.8561699292877        7606.1701601374962        7533.1807744621237        7452.9406089255035        7365.5080556468083        7270.9474309986363        7169.3291110638002        7060.7296732263276        6945.2320427011300        6822.9256428043600        6693.9065477986169        6558.2776372232756        6416.1487507538832        6267.6368428428905        6112.8661367008281        5951.9682776158243        5785.0824862260824        5612.3557132211126        5433.9427981490117        5250.0066366902311        5060.7183631340886        4866.2575581841793        4666.8124971202114        4462.5804605415915        4253.7681406763468        4040.5921926383435        3823.2800055640882        3602.0708093286639        3377.2172993453382        3148.9880746968970        2917.6713814897130        2683.5810092636439        2447.0658603308939        2208.5260436834214        1968.4411365392511        1727.4225050675605        1486.3166943065469        1246.4270314089281        1010.0395195228127        0.0000000000000000     
   435.09673536796089        400.60581346860602        521.39042640805724        723.12998614561457        955.29896318103340        1199.6585853523090        1449.2642831141147        1700.9599292022531        1953.0523709350280        2204.4959424642084        2454.5653420654653        2702.7089242665215        2948.4767697863526        3191.4828130879350        3431.3837224558383        3667.8665586873476        3900.6412813859774        4129.4360512829362        4353.9942045908911        4574.0722573386174        4789.4385594649075        4999.8723663709570        5205.1631821419869        5405.1102808324731        5599.5223445730498        5788.2171778387556        5971.0214706083862        6147.7705920372682        6318.3084022817384        6482.4870742507146        6640.1669199452363        6791.2162180824898        6935.5110411493870        7072.9350810662563        7203.3794733817967        7326.7426204466810        7442.9300143818928        7551.8540609087349        7653.4339052695350        7747.5952615622873        7834.2702468545731        7913.3972214437372        7984.9206366005228        8048.7908910790347        8104.9641976025487        8153.4024604461856        8194.0731651376955        8226.9492811886867        8252.0091786531138        8269.2365591891285        8278.6204021758967        8280.1549263100587        8273.8395669775291        8259.6789695665757        8237.6829987578367        8207.8667636969221        8170.2506588259148        8124.8604200222171        8071.7271955672213        8010.8876313441551        7942.3839695450206        7866.2641600520246        7782.5819835506909        7691.3971853318253        7592.7756186499219        7486.7893964294335        7373.5170500512831        7253.0436939145602        7125.4611944591443        6990.8683423612420        6849.3710266863327        6701.0824099163874        6546.1231029788341        6384.6213397187603        6216.7131507081858        6042.5425369255217        5862.2616447341979        5676.0309448427952        5484.0194196875937        5286.4047661640698        5083.3736241829984        4875.1218466609043        4661.8548340961979        4443.7879681558643        4221.1471958835564        3994.1698429142598        3763.1057768062469        3528.2191116153754        3289.7907630025511        3048.1223692814087        2803.5424669420131        2556.4165137703180        2307.1637491710139        2056.2868089673752        1804.4265669046183        1552.4705394463717        1301.7853179412677        1054.7683757188963        0.0000000000000000     
   454.08775900547630        418.66955495275141        545.21372302842587        756.03423990561441        998.53383867582500        1253.7276277472959        1514.3807609589749        1777.2021810408373        2040.4247920301545        2302.9563699339442        2564.0388002774739        2823.0952007598130        3079.6549488223536        3333.3142016227598        3583.7138779037405        3830.5267912324521        4073.4498366987777        4312.1990919859018        4546.5066606996343        4776.1185883551971        5000.7934544752270        5220.3013985437583        5434.4234278146723        5642.9509094244704        5845.6851830355599        6042.4372517201728        6233.0275227739467        6417.2855794323814        6595.0499707438748        6766.1680111706446        6930.4955844984570        7087.8969487569648        7238.2445403589800        7381.4187767413459        7517.3078575552054        7645.8075649944794        7766.8210642270715        7880.2587051457594        7986.0378268154927        8084.0825660826968        8174.3236718468052        8256.6983264871305        8331.1499758985938        8397.6281695252565        8456.0884116965735        8506.4920254723293        8548.8060300918187        8583.0030330038335        8609.0611373283937        8626.9638654708615        8636.7000994753289        8638.2640385680988        8631.6551742044412        8616.8782827934629        8593.9434361372168        8562.8660294818637        8523.6668269410220        8476.3720239152080        8421.0133259967188        8357.6280437175410        8286.2592023695779        8206.9556660027465        8119.7722745890551        8024.7699932312007        7922.0160721950269        7811.5842164595415        7693.5547634096101        7568.0148672503183        7435.0586887044656        7294.7875885740887        7147.3103238142694        6992.7432448972841        6831.2104934566942        6662.8441995208186        6487.7846781099261        6306.1806256322143        6118.1893174438774        5923.9768092433997        5723.7181468050339        5517.5975911533633        5305.8088699921736        5088.5554715726803        4866.0510050793973        4638.5196634131626        4406.1968422423224        4169.3299972233890        3928.1798660225945        3683.0222550705939        3434.1507146999056        3181.8806421281165        2926.5557424687236        2668.5585158383969        2408.3279013397132        2146.3902757419587        1883.4168731508705        1620.3373192305910        1358.5831396276981        1100.6660703439686        0.0000000000000000     
   473.58503372167837        437.19378750829503        569.63310953204609        789.76683925589339        1042.8650215977884        1309.1744653532273        1581.1615484105771        1855.3963276390168        2130.0355551437060        2403.9390193172812        2676.3147588435963        2946.5598458296645        3214.1822887954499        3478.7599024965034        3739.9173682618748        3997.3128283533688        4250.6297449370568        4499.5717946795930        4743.8595774380128        4983.2284411583587        5217.4270096875052        5446.2161610390385        5669.3682977532153        5886.6668077729882        6097.9056494862343        6302.8890169955403        6501.4310562606588        6693.3556124450379        6878.4959953491989        7056.6947543160231        7227.8034571287635        7391.6824696295689        7548.2007343510477        7697.2355475654294        7838.6723349449785        7972.4044265812945        8098.3328324922677        8216.3660199979695        8326.4196945022777        8428.4165852987717        8522.2862380452025        8607.9648155331779        8685.3949083290281        8754.5253567856453        8815.3110858293512        8867.7129538153495        8911.6976166237018        8947.2374080377213        8974.3102373106503        8992.8995046862219        9002.9940354951705        9004.5880333046589        8997.6810524509729        8982.2779901388658        8958.3890981438253        8926.0300140068539        8885.2218114652642        8835.9910697183568        8778.3699609836458        8712.3963556586841        8638.1139442659824        8555.5723752254744        8464.8274073714983        8365.9410760117426        8258.9818712159522        8144.0249269261449        8021.1522194010167        7890.4527734510948        7752.0228748941463        7605.9662876714856        7452.3944741265695        7291.4268170728465        7123.1908424888279        6947.8224420025190        6765.4660948031897        6576.2750892997583        6380.4117458086166        6178.0476429097480        5969.3638520215818        5754.5511874545809        5533.8104830800976        5307.3529123656353        5075.4003767806626        4838.1859999187936        4595.9547834993373        4348.9645107285260        4097.4870292854894        3841.8101228664250        3582.2403096254316        3319.1071315967552        3052.7699079164981        2783.6286966500384        2512.1427405415566        2238.8628817254898        1964.4916198097678        1690.0018957940738        1416.8919364430253        1147.7906873114800        0.0000000000000000     
   493.61361209210696        456.20146692871253        594.67852906236806        824.36929446897466        1088.3472610019796        1366.0676942919952        1649.6892683384649        1935.6389872393256        2221.9951178514862        2507.5679467461737        2791.5305682171629        3073.2531495481362        3352.2216232213996        3627.9948619623478        3900.1807931034359        4168.4224399819477        4432.3894446393333        4691.7727504262966        4946.2811722008364        5195.6391271828106        5439.5850959762029        5677.8705508365329        5910.2591863143834        6136.5263465842982        6356.4585804898452        6569.8532786999549        6776.5183625773052        6976.2720044584148        7168.9423658741825        7354.3673449303651        7532.3943273313998        7702.8799378248596        7865.6897904660327        8020.6982372514121        8167.7881154810048        8306.8504947746515        8437.7844250524176        8560.4966870393164        8674.9015470040449        8780.9205175141033        8878.4821260045228        8967.5216929276849        9047.9811211882716        9119.8086984782167        9182.9589140180306        9237.3922910876918        9283.0752365966164        9319.9799088006093        9348.0841041267486        9367.3711639163648        9377.8299017432000        9379.4545518090563        9372.2447387640277        9356.2054691426983        9331.3471444522966        9297.6855957936914        9255.2421397419621        9204.0436550600425        9144.1226796671781        9075.5175271342760        8998.2724218314652        8912.4376517101082        8818.0697375639520        8715.2316174836651        8603.9928450984626        8484.4298000907675        8356.6259093795088        8220.6718773000866        8076.6659230710038        7924.7140238385136        7764.9301616429138        7597.4365727698432        7422.3639981584674        7239.8519338650458        7050.0488810656962        6853.1125957823915        6649.2103395118538        6438.5191333439152        6221.2260201441177        5997.5283421989088        5767.6340457663246        5531.7620298374131        5290.1425650348683        5043.0178214707794        4790.6425640489269        4533.2851043344899        4271.2286470055315        4004.7732490222079        3734.2387448851437        3459.9692272816023        3182.3400996118826        2901.7695238165315        2618.7376868925057        2333.8206653573047        2047.7531849464285        1761.5527804187020        1476.7862483662955        1196.2028526707272        0.0000000000000000     
   514.19967927744744        475.71651494555505        620.38113513156645        859.88481864139385        1135.0375858486209        1424.4787909626214        1720.0500238962779        2018.0308462021108        2316.4185741495207        2613.9723882484832        2909.8292732750519        3203.3315786735370        3493.9424096201374        3781.2010605260252        4064.6981578188147        4344.0611336163402        4618.9454031723226        4889.0288296584959        5154.0081517591370        5413.5966172853587        5667.5223746639431        5915.5273486455217        6157.3664286989961        6392.8068602033745        6621.6277668060839        6843.6197566619385        7058.5845811117233        7266.3348248819593        7466.6936140008829        7659.4943325087024        7844.5803424340766        8021.8047038897139        8191.0298938191690        8352.1275231119525        8504.9780526352606        8649.4705093053581        8785.5022037075178        8912.9784510192821        9031.8122971325229        9141.9242519313848        9243.2420316848657        9335.7003124691437        9419.2404964567504        9493.8104928062330        9559.3645147630596        9615.8628944460252        9663.2719166464922        9701.5636728143309        9730.7159362457478        9750.7120593270611        9761.5408935252199        9763.1967326519025        9755.6792797640264        9738.9936378993098        9713.1503246819302        9678.1653106703143        9634.0600811568111        9580.8617209673630        9518.6030216492218        9447.3226102760473        9367.0650989433816        9277.8812538745115        9179.8281829084244        9072.9695399997963        8957.3757452285063        8833.1242186960280        8700.2996265830461        8558.9941375621875        8409.3076877093572        8251.3482520467605        8085.2321208927106        7911.0841793050849        7729.0381881091771        7539.2370653277785        7341.8331673238927        7136.9885696838483        6924.8753488949105        6705.6758673280583        6479.5830661014897        6246.8007733388149        6007.5440395511769        5762.0395179876305        5510.5259167960658        5253.2545632998363        4990.4901412269110        4722.5116937202820        4449.6140360116087        4172.1098053044598        3890.3325166300519        3604.6412398067505        3315.4279587577489        3023.1295171902298        2728.2477258044796        2431.3847118592575        2133.3084467387580        1835.0824139635065        1538.3439561855425        1245.9659343966734        0.0000000000000000     
   535.37064304337184        495.76389299019337        646.77338514226619        896.35845870309015        1182.9954795178458        1484.4823316506322        1792.3336628116385        2102.6769664501348        2413.4260027969958        2723.2871461982108        3031.3600346717449        3336.9582293827830        3639.5212098542238        3938.5680169390644        4233.6713971960544        4524.4426933638288        4810.5226671095143        5091.5757398166434        5367.2862731784180        5637.3561021060750        5901.5028536678592        6159.4587673919095        6410.9698385771699        6655.7951704397037        6893.7064607614957        7124.4875740632651        7347.9341668248635        7563.8533442343951        7772.0633343518512        7972.3931706518242        8164.6823774352315        8348.7806550679452        8524.5475637392046        8691.8522056514576        8850.5729064025218        9000.5968969020905        9141.8199975490625        9274.1463066346550        9397.4878950657876        9511.7645095509670        9616.9032863772463        9712.8384778469317        9799.5111933484914        9876.8691569165239        9944.8664829972968        10003.463471985149        10052.626426934552        10092.327492686036        10122.544518474211        10143.260944913794        10154.465716086514        10156.153217278699        10148.323238746636        10130.980965714563        10104.136994638842        10067.807375601171        10022.013680523532        9966.7830967283189        9902.1485451984499        9828.1488227248792        9744.8287669630863        9652.2394432569181        9550.4383519287876        9439.4896545817228        9319.4644178134386        9190.4408726092806        9052.5046875638054        8905.7492539859777        8750.2759808785395        8586.1945977577689        8413.6234633096756        8232.6898779798867        8043.5303987914849        7846.2911550099989        7641.1281637721586        7428.2076455273100        7207.7063401953601        6979.8118264502000        6744.7228486782242        6502.6496592158128        6253.8143878576675        5998.4514570008805        5736.8080701727886        5469.1448157350342        5195.7364489789252        4916.8729492090943        4632.8610016854436        4344.0261415946143        4050.7159445776688        3753.3049054240341        3452.2021120862073        3147.8637016642574        2840.8138291978671        2531.6815393667334        2221.2691313449418        1910.6874736844777        1601.6465449961313        1297.1462609760047        0.0000000000000000     
   557.15523243637290        516.36968281902102        673.88914203771753        933.83723815135795        1232.2830703665156        1546.1562325999735        1866.6340664372517        2189.6871217377707        2513.1428482382316        2835.6530117362527        3156.2785891513195        3474.3033215143410        3789.1422140744817        4100.2933374272006        4407.3109453914412        4709.7897660590188        5007.3554599111212        5299.6586300719518        5586.3709511857733        5867.1825978498564        6141.8004876769337        6409.9470430207366        6671.3592860240378        6925.7881484477139        7172.9979192082683        7412.7657789449158        7644.8813881154720        7869.1465065241282        8085.3746298866963        8293.3906343167964        8493.0304232742856        8684.1405740715236        8866.5779828223058        9040.2095079682731        9204.9116133819298        9360.5700126299434        9507.0793163599938        9644.3426850024225        9772.2714890931129        9890.7849795550956        9999.8099702445688        10099.280534988735        10189.137721230270        10269.329282255707        10339.809429830024        10400.538608892566        10451.483295794433        10492.615821377749        10523.914220014996        10545.362105543602        10556.948574848126        10558.668139660380        10550.520686967053        10532.511468234505        10504.651117482070        10466.955698057147        10419.446777788318        10362.151532015932        10295.102873823100        10218.339610614157        10131.906626012498        10035.855085876163        9930.2426670590630        9815.1338073796451        9690.5999751002728        9556.7199560727531        9413.5801565730144        9261.2749197374724        9099.9068534328217        8929.5871673510264        8750.4360171360931        8562.5828534374414        8366.1667739719560        8161.3368769965455        7948.2526150926251        7727.0841489081513        7498.0127015842363        7261.2309161448175        7016.9432203435026        6765.3662066317274        6506.7290394754555        6241.2739088829767        5969.2565587834733        5690.9469335364838        5406.6300081891150        5116.6069029076934        4821.1964375633997        4520.7373734883104        4215.5917430788068        3906.1499360085768        3592.8386962960499        3276.1341016816100        2956.5834158976477        2634.8435212868785        2311.7521936404464        1988.4692092048354        1666.7793928226336        1349.8133608563103        0.0000000000000000     
   579.58360608044256        537.56117470975812        701.76378497915493        972.37031277114170        1282.9653400085072        1609.5820126602007        1943.0494660931179        2279.1761656618419        2615.7003373671596        2951.2172267231363        3284.7477526230641        3615.5447383143674        3942.9978123929927        4266.5833143417240        4585.8363564863703        4900.3344986047632        5209.6878309496624        5513.5327470249449        5811.5279156772895        6103.3516009398036        6388.6998255367716        6667.2850704861230        6938.8353183102099        7203.0933168606862        7459.8159839112850        7708.7739001364735        7949.7508559670459        8182.5434296757821        8406.9605820528541        8622.8232585106325        8829.9639932482933        9028.2265127460214        9217.4653376997485        9397.5453837854002        9568.3415625175276        9729.7383840512193        9881.6295641472461        10023.917637734034        10156.513581597361        10279.336448739778        10392.313016898905        10495.377453614448        10588.471000100559        10671.541676023044        10744.544007107668        10807.438777321702        10860.192807180701        10902.778759539055        10935.174974028416        10957.365331114554        10969.339146550665        10971.091096815024        10962.621175932385        10943.934683892077        10915.042246690713        10875.959867843318        10826.709011023218        10767.316713307491        10697.815728321186        10618.244698389477        10528.648354622821        10429.077743676533        10319.590479744253        10200.251020165950        10071.130962858550        9932.3093636137783        9783.8730711590215        9625.9170777486779        9458.5448829546767        9281.8688682665943        9096.0106801088641        8901.1016189550428        8697.2830323930848        8484.7067103070403        8263.5352808387288        8033.9426065458802        7796.1141812779833        7550.2475298863410        7296.5526151739168        7035.2522597759016        6766.5825954016382        6490.7935587707025        6208.1494637554442        5918.9296944934986        5623.4295875089001        5321.9616071571563        5014.8569766054034        4702.4680214352384        4385.1716430950792        4063.3746188179116        3737.5219305830906        3408.1102816452521        3075.7108552289042        2741.0093486662563        2404.8802343183165        2068.5338107905609        1733.8320871353512        1404.0402251086778        0.0000000000000000     
   602.68747119368493        559.36696403791223        730.43433005834049        1012.0091407689901        1335.1103512351967        1674.8450809267219        2021.6827896004304        2371.2644347613509        2721.2359358801286        3070.1339893116956        3416.9379703683280        3760.8686162669105        4101.2892190091306        4437.6535790354510        4769.4769804405923        5096.3192312890442        5417.7743605161031        5733.4641458396300        6043.0339235992687        6346.1497955045270        6642.4967084938507        6931.7770882389977        7213.7098264906317        7488.0294947367911        7754.4857015254138        8012.8425393685466        8262.8780857340425        8504.3839349622376        8737.1647462617821        8961.0377986232088        9175.8325474122794        9381.3901801276916        9577.5631706974764        9764.2148329907704        9941.2188751045633        10108.458956564298        10265.828250934886        10413.229016534009        10550.572178014763        10677.776921572146        10794.770306450959        10901.486895309195        10997.868405835054        11083.863385836998        11159.426913833164        11224.520326964624        11279.110977850760        11323.172021797647        11356.682235563876        11379.625868684167        11391.992528149762        11393.777097046859        11384.979687559211        11365.605628548907        11335.665487738697        11295.175128330289        11244.155799703873        11182.634261655396        11110.642941437696        11028.220122680552        10935.410165072029        10832.263753490004        10718.838175079454        10595.197622579206        10461.413522014540        10317.564882692086        10163.738667266620        10000.030179501684        9826.5434672267420        9643.3917379143986        9450.6977842777051        9248.5944173406515        9037.2249045921944        8816.7434111332495        8587.3154422189327        8349.1182863558497        8102.3414592387417        7847.1871504465953        7583.8706771784427        7312.6209527087358        7033.6809821595934        6747.3084053599468        6453.7761171520187        6153.3730113823067        5846.4049190526630        5533.1958488912132        5214.0896989076273        4889.4527063217565        4559.6770700553398        4225.1864709855072        3886.4447421706473        3543.9699370051003        3198.3580183882932        2850.3245368787266        2500.7819573342867        2150.9928135247060        1802.8987724150252        1459.9035959740650        0.0000000000000000     
   626.50021457608682        581.81705715482440        759.93956217753657        1052.8076689341515        1388.7894977549956        1742.0350521301946        2102.6420413176202        2466.0781905278659        2829.8938484936821        3192.5650078052058        3553.0279193604410        3910.4699902295324        4264.2271541706632        4613.7298144269971        4958.4726999096611        5297.9972524756777        5631.8809260647895        5959.7304618679573        6281.1775299971678        6595.8758181825169        6903.4990234295101        7203.7394149556621        7496.3067611213010        7780.9274882148029        8057.3439856174073        8325.3140015751706        8584.6100931289930        8835.0191065661620        9076.3416733893628        9308.3917126896959        9530.9959348650245        9743.9933444279832        9947.2347415820423        10140.582223565892        10323.908687651163        10497.097338247439        10660.041200908099        10812.642646201921        10954.812926464328        11086.471728401815        11207.546744417996        11317.973265379609        11417.693797359188        11506.657704688900        11584.820881445794        11652.145453267924        11708.599511178209        11754.156878871432        11788.796914701408        11812.504349391436        11825.269160281776        11827.086482723538        11817.956559027916        11797.884725182972        11766.881435355785        11724.962324004786        11672.148305234381        11608.465708830399        11533.946452219730        11448.628247399874        11352.554841683846        11245.776290903128        11128.349263506700        11000.337373789362        10861.811542279724        10712.850381121056        10553.540602091853        10383.977444743998        10204.265121994487        10014.517280403621        9814.8574723252095        9605.4196371442358        9386.3485889535950        9157.8005083040734        8919.9434361441472        8672.9577688240533        8417.0367541779251        8152.3869903702280        7879.2289316206443        7597.7974084337366        7308.3421750547832        7011.1285043202734        6706.4378610803760        6394.5687018881245        6075.8374738772018        5750.5799250837081        5419.1529012501614        5081.9369070359389        4739.3398832120356        4391.8029543789971        4039.8094504042765        3683.8995414421752        3324.6948827898968        2962.9419815332467        2599.5926722241215        2235.9635414674071        1874.0785323515577        1517.4842843277656        0.0000000000000000     
   651.05704699313912        604.94298761464722        790.32017937068304        1094.8225366509380        1444.0777782257651        1811.2460929106569        2186.0407194478016        2563.7501046784791        2941.8255678955747        3318.6801081086523        3693.2051683604250        4064.5534998032153        4432.0325900738571        4795.0485334415043        5153.0747341103979        5505.6336207637205        5852.2855356242835        6192.6217484521030        6526.2599236161986        6852.8410852688157        7172.0275157041724        7483.5012426862131        7786.9629008141919        8082.1308301024719        8368.7403234580888        8646.5429656124561        8915.3060261422961        9174.8118825193906        9424.8574580820132        9665.2536659181096        9895.8248538344669        10116.408248465372        10326.853398547339        10527.021618722018        10716.785436109525        10896.028042447026        11064.642754902461        11222.532488815439        11369.609245634871        11505.793619249693        11631.014323772595        11745.207745656035        11848.317522809957        11940.294153163262        12021.094634873647        12090.682140150388        12149.025724414931        12196.100072288802        12231.885281668716        12256.366686925625        12269.534722048453        12271.384824343473        12261.917379096079        12241.137705402291        12209.056083180580        12165.687821179707        12111.053365603279        12045.178448775567        11968.094277074119        11879.837757152187        11780.451759267035        11669.985416318919        11548.494456990158        11416.041571155727        11272.696805518295        11118.537987205213        10953.651172857733        10778.131120550686        10592.081781713376        10395.616810092797        10188.860084725211        9971.9462438844566        9745.0212270861739        9508.2428224874566        9261.7812174884675        9005.8195510948917        8740.5544677489124        8466.1966740404932        8182.9715022021073        7891.1194879118066        7590.8969752019111        7282.5767689940285        6966.4488672162915        6642.8213216312924        6312.0213027449554        5974.3964850931015        5630.3169345349079        5280.1777862488307        4924.4031828339812        4563.4522571807493        4197.8285157033197        3828.0950562884441        3454.9001952799390        3079.0225691633000        2701.4548464367836        2323.5695964476622        1947.4758107544194        1576.8675195121948        0.0000000000000000     
   676.39516257886407        628.77794393981230        821.61895100102220        1138.1132998259986        1501.0540973881687        1882.5773025411756        2271.9982749050478        2664.4197926409611        3057.1904779631168        3448.6579008017670        3837.6669022135488        4223.3341636548648        4604.9375676089867        4981.8579303177157        5353.5465167062648        5719.5060614731901        6079.2792350281006        6432.4413872740060        6778.5958330673857        7117.3706878012999        7448.4166667425325        7771.4054910481527        8086.0286777218480        8391.9965719373704        8689.0375305648813        8976.8971978144109        9255.3378347650705        9524.1376783557207        9783.0903146905985        10032.004057816688        10270.701329439869        10499.018037996540        10716.802957503351        10923.917107949103        11120.233139861322        11305.634726208667        11480.015965083925        11643.280796718940        11795.342438362793        11936.122840443795        12065.552167263528        12183.568305256424        12290.116401607836        12385.148435768358        12468.622826141032        12540.504073957272        12600.762446100829        12649.373698390244        12686.318840589831        12711.583944188604        12725.159993764899        12727.042782541383        12717.232852529127        12695.735479459230        12662.560702503672        12617.723398592425        12561.243400938851        12493.145661188577        12413.460454406099        12322.223625907771        12219.476878737592        12105.268100363455        11979.651726946198        11842.689143302994        11694.449116452113        11535.008260391845        11364.451529536782        11182.872738017570        10990.375101854785        10787.071800857781        10573.086556992550        10348.554225933067        10113.621398590285        9868.4470096455207        9613.2029505602150        9348.0746852742886        9073.2618679571260        8788.9789639047194        8495.4558772258060        8192.9385926872637        7881.6898445365086        7561.9898331203149        7234.1370219873697        6898.4490660041020        6555.2639482958884        6204.9414463900521        5847.8651158934108        5484.4450914085119        5115.1221923636158        4740.3741493574562        4360.7253604762291        3976.7627091273885        3589.1622008998165        3198.7358490090251        2806.5187135269553        2413.9413967701721        2023.2008758149111        1638.1433354655487        0.0000000000000000     
   702.55391511066944        653.35691027621169        853.88089145495485        1182.7426770675258        1559.8015974888797        1956.1331321543987        2360.6406166160937        2768.2344008794939        3176.1565175376040        3582.6865146778855        3986.6207176316739        4387.0382293984148        4783.1860917566064        5174.4188126657045        5560.1646555594525        5939.9059451564890        6313.1670964161203        6679.5070783635283        7038.5145102516026        7389.8043607933760        7733.0156420269486        8067.8097275514729        8393.8690644284688        8710.8961323709664        9018.6125562137331        9316.7583109778625        9605.0909804934054        9883.3850448627745        10151.431181652519        10409.035572208686        10656.019208921696        10892.217202280068        11117.478088582471        11331.663140516417        11534.645683659650        11726.310422456529        11906.552779465817        12075.278251740043        12232.401788132327        12377.847191173219        12511.546546946476        12633.439686140775        12743.473679179897        12841.602368049169        12927.785937149691        13001.990525229927        13064.187880171234        13114.355058141826        13152.474168384200        13178.532164664093        13192.520684184023        13194.435934550129        13184.278629175926        13162.053971307752        13127.771686662954        13081.446104479861        13023.096286586260        12952.746203897925        12870.424959558630        12776.167057726154        12670.012716793139        12552.008225607093        12422.206341019577        12280.666724851344        12127.456418110138        11962.650350043858        11786.331879358919        11598.593364689292        11399.536761175732        11189.274239821072        10967.928826144776        10735.635054593075        10492.539635203773        10238.802129223148        9974.5956307882625        9700.1074525089080        9415.5398139301815        9121.1105336042365        8817.0537280998997        8503.6205251065949        8181.0798034082154        7849.7189807826953        7509.8448831892156        7161.7847471305913        6805.8874354280470        6442.5249908932856        6072.0947230406382        5695.0221387877164        5311.7652235478254        4922.8209200909414        4528.7352700223664        4130.1198494311939        3727.6794447667789        3322.2607730556497        2914.9429438493066        2507.2167718501501        2101.3703330063599        1701.4069976236758        0.0000000000000000     
   729.57501327285195        678.71682147393381        887.15345116321441        1228.7768207664378        1620.4080236185509        2032.0238470843817        2452.1006688076086        2875.3492544642677        3298.9009119038724        3720.9644045201580        4140.2854987218361        4555.9041076446101        4967.0351144531933        5373.0056231632916        5773.2199831734360        6167.1393567696841        6554.2692963364725        6934.1519176885267        7306.3607984703222        7670.4975334739283        8026.1893157336935        8373.0871596207980        8710.8645271156893        9039.2162060321461        9357.8573433628317        9666.5225715145880        9964.9651876672451        10252.956361329185        10530.284355095999        10796.753750326217        11052.184673992324        11296.412026033306        11529.284708579060        11750.664859742879        11960.427095494722        12158.457763582008        12344.654213660087        12518.924087807258        12681.184635483656        12831.362056790864        12969.390877629892        13095.213360061522        13208.778950862163        13310.043770952061        13398.970148060205        13475.526194687287        13539.685433138655        13591.426469125518        13630.732715175442        13657.592164852171        13671.997218558912        13673.944561486476        13663.435094065992        13640.473915092252        13605.070357495779        13557.238076555634        13496.995190158628        13424.364470520039        13339.373586584561        13242.055396120362        13132.448286302735        13010.596561355176        12876.550875573837        12730.368709806900        12572.114889194967        12401.862139704335        12219.691680708125        12025.693850596415        11819.968762137538        11602.626984081375        11373.790245312357        11133.592157749974        10882.178954194054        10619.710237468404        10346.359737595054        10062.316074423816        9767.7835242746605        9462.9827909066807        9148.1517837701467        8823.5464104186722        8489.4413957445031        8146.1311492570703        7793.9307143735505        7433.1768529118845        7064.2293474195303        6687.4726499489325        6303.3180793299080        5912.2068893642881        5514.6147335370588        5111.0584062604739        4702.1063824776411        4288.3958901238211        3870.6616556549875        3449.7865124659511        3026.8953853125595        2603.5416196276383        2182.1076926527880        1766.7594757077907        0.0000000000000000     
   757.50273733202766        704.89673434109102        921.48672702281533        1276.2856160891220        1682.9661270903514        2110.3660375782242        2546.5189866024211        2985.9285721769124        3425.6109801088601        3863.7012419463417        4298.8923816333527        4730.1833999702430        5156.7556148916310        5577.9075609106048        5993.0187077459004        6401.5282651806356        6802.9222927519440        7196.7255711431890        7582.4962934538244        7959.8224680995600        8328.3193788493845        8687.6277043798746        9037.4120502689511        9377.3597373252342        9707.1797466355602        10026.601757626560        10335.375238735243        10633.268565650176        10920.068152344766        11195.577587025555        11459.616769766813        11712.021051713495        11952.640377780694        12181.338436077978        12397.991818059958        12602.489193805046        12794.730506960646        12974.626193845354        13142.096431024145        13297.070415414575        13439.485680671414        13569.287453258474        13686.428051265701        13790.866328680613        13882.567167483376        13961.501019611091        14027.643500532078        14080.975035887281        14121.480562393010        14149.149283957318        14163.974483738008        14165.953392662945        14155.087114738528        14131.380609287438        14094.842730078177        14045.486321133068        13983.328368824086        13908.390209684219        13820.697793172294        13720.281998427996        13607.179003839436        13481.430708015065        13343.085200504616        13192.197280349417        13028.829020262050        12853.050373941589        12664.939823727966        12464.585065495008        12252.083727385974        12027.544118723330        11791.086005195484        11542.841406264513        11282.955410687608        11011.587006151027        10728.909919347474        10435.113463481470        10130.403391295677        9815.0027534650053        9489.1527648803149        9153.1136853472617        8807.1657271718141        8451.6100109341842        8086.7696039466491        7712.9906958197780        7330.6439961228016        6940.1264868788594        6541.8637389386186        6136.3131263610521        5723.9684840536675        5305.3671222159692        4881.1007780342761        4451.8333451356402        4018.3307210176449        3581.5133596613805        3142.5538828044764        2703.0706345800345        2265.5439990573395        1834.3079682469809        0.0000000000000000     
   786.38418000407466        731.93801706185059        956.93369457180609        1325.3430113053141        1747.5741115623114        2191.2831838725201        2644.0444371392637        3100.1462574668203        3556.4850273851353        4011.1188993687861        4462.6858189674986        4910.1420318585097        5352.6337885252387        5789.4298137425521        6219.8836759857968        6643.4118038580282        7059.4801113377871        7467.5955547356489        7867.3006064135898        8258.1694956643569        8639.8055382454841        9011.8391427839269        9373.9262385925194        9725.7469639066003        10067.004512192529        10397.424071443982        10716.751815531774        11024.753922570597        11321.215605849271        11605.940149956868        11878.747949476870        12139.475550761257        12387.974699329274        12624.111396695191        12847.764971145290        13058.827167317770        13257.201259505064        13442.801193479798        13615.550761403360        13775.382814055305        13922.238514254939        14056.066634958048        14176.822905119390        14284.469406027712        14378.974020453332        14460.309936604197        14528.455208568059        14583.392374626530        14625.108134561913        14653.593086837060        14668.841526310796        14670.851302952635        14659.623741837398        14635.163624528579        14597.479231794932        14546.582447442979        14482.488922885090        14405.218301893634        14314.794504812889        14211.246071307769        14094.606560519167        13964.915007266785        13822.216432690104        13666.562407445941        13498.011665287266        13316.630764534462        13122.494794622156        12915.688124568140        12696.305189876532        12464.451314070198        12220.243560767489        11963.811612004431        11695.298668393469        11414.862366756313        11122.675711143635        10818.928013757519        10503.825843364113        10177.593980522430        9840.4763816498071        9492.7371580198323        9134.6615818844202        8766.5571410095690        8388.7546765527659        8001.6096598561126        7605.5036954328361        7200.8463870044625        6788.0777826966960        6367.6717454431309        5940.1408139756813        5506.0435023815089        5065.9956789986891        4620.6889743586753        4170.9217645182889        3717.6537265910874        3262.1071861137557        2805.9681152704061        2351.8185290800402        1904.1664855404119        0.0000000000000000     
   816.26951470769700        759.88455905087903        993.55046458962329        1376.0273833527226        1814.3361272745040        2274.9062824862135        2744.8349544611060        3218.1867747551187        3691.7333332507292        4163.4525385148336        4631.9247560534031        5096.0615031503121        5554.9723575292483        6007.8949142513247        6454.1557602412031        6893.1476748950981        7324.3157526645691        7747.1486318639199        8161.1727391835384        8565.9483576530565        8961.0668148688837        9346.1483652256029        9720.8405022052139        10084.816534857824        10437.774323475061        10779.435108107862        11109.542388595230        11427.860831200866        11734.175187853374        12028.289221243074        12310.024633844041        12579.220002080699        12835.729718860250        13079.422948893833        13310.182601871378        13527.904328806977        13732.495546853697        13923.874497686471        14101.969344232790        14266.717310139788        14418.063865937680        14555.961965417593        14680.371335305363        14791.257820893312        14888.592789898690        14972.352596454301        15042.518106807098        15099.074288004002        15142.009860580190        15171.317016030811        15186.991199639680        15189.030959053580        15177.437858824031        15152.216460985073        15113.374371590311        15060.922352990450        14994.874501488361        14915.248489857486        14822.065874046102        14715.352463210535        14595.138752020461        14461.460413955680        14314.358854063945        14153.881819371740        13980.084064834402        13793.028072380253        13592.784820249279        13379.434599456936        13153.067873838205        12913.786179760746        12661.703061260221        12396.945036074434        12119.652587875657        11829.981179977462        11528.102285998459        11214.204433505180        10888.494257676079        10551.197563737365        10202.560399619442        9842.8501444153626        9472.3566244557769        9091.3932781710755        8700.2984049918414        8299.4365549086579        7889.2001481807674        7470.0114661340840        7042.3252362736421        6606.6321698836718        6163.4640380865731        5713.4012697034241        5257.0847737717650        4795.2350489494811        4328.6843386648989        3858.4332512097153        3385.7559575804448        2912.4088616673180        2441.0795692156148        1976.4564987619410        0.0000000000000000     
   847.21229488578012        788.78300384173622        1031.3965671660001        1428.4219430933379        1883.3628195465046        2361.3745415754752        2849.0583776124786        3340.2461219523771        3831.5792473668052        4320.9518165671170        4806.8839328738186        5288.2402702535301        5764.0920171706239        6233.6442339233245        6696.1953840604356        7151.1136899940266        7597.8227332059760        8035.7923397723225        8464.5325825625860        8883.5896638688228        9292.5429499270758        9691.0027162976075        10078.608331588730        10455.026708824545        10819.950916916450        11173.098884768289        11514.212156436428        11843.054672726525        12159.411565811066        12463.087960864128        12753.907783580396        13031.712575586280        13296.360321700531        13547.724294124806        13785.691919194534        14010.163672473511        14221.052007859593        14418.280326074500        14601.781987504917        14771.499373893465        14927.383002881585        15069.390698907831        15197.486823482281        15311.641567402616        15411.830307058053        15498.033026587631        15570.233807321107        15628.420385633483        15672.583780085544        15702.717988499977        15718.819755430741        15720.888410318215        15708.925776477949        15682.936150942041        15642.926355051901        15588.905855584919        15520.886956078253        15438.885057885107        15342.918990357148        15233.011409385417        15109.189263346510        14971.484325286903        14819.933789932680        14654.580933832192        14475.475836624593        14282.676161078640        14076.247989166690        13856.266711034919        13622.817963311887        13375.998612778823        13115.917781027962        12842.697905389034        12556.475831150641        12257.403929999324        11945.651239723220        11621.404620688470        11284.869925548608        10936.273180307498        10575.861777540553        10203.905686750406        9820.6986931873998        9426.5596860671212        9021.8340316329395        8606.8950886088351        8182.1459576411708        7748.0216096955101        7304.9916237806419        6853.5639044822101        6394.2899863282619        5927.7729446330522        5454.6796795723294        4975.7607516916160        4491.8837468983811        4004.0920258982574        3513.7138923372004        3022.5791739823048        2533.4852815765457        2051.3076640764693        0.0000000000000000     
   879.26978864596549        818.68300798431574        1070.5352667093678        1482.6151853585213        1954.7719385813703        2450.8361543531705        2956.8933827770788        3466.5329116476605        3976.2604069867339        4483.8822248517399        4987.8553273633634        5486.9952763206675        5980.3330344809538        6467.0396316778042        6946.3842020946431        7417.7094636944430        7880.4167746152743        8333.9566586115616        8777.8225501163433        9211.5464773197473        9634.6959287056106        10046.871446964482        10447.704669148083        10836.856637607960        11214.016271779561        11578.898932393182        11931.245036468477        12270.818698931518        12597.406388183132        12910.815590491493        13210.873482983074        13497.425618110663        13770.334624349260        14029.478928891718        14274.751508551812        14506.058675118333        14723.318901173314        14926.461691986020        15115.426508591318        15290.161746606860        15450.623774774274        15596.776036651041        15728.588218349470        15846.035484729073        15949.097786005092        16037.759236342992        16112.007565666237        16171.833645611241        16217.231090316272        16248.195932525276        16264.726375317850        16266.822619637664        16254.486767676097        16227.722802069933        16186.536640784183        16130.936267467052        16060.931936976547        15976.536455680638        15877.765536018860        15764.638224676324        15637.177403555930        15495.410362535775        15339.369442762192        15169.092748951418        14984.624928852561        14786.018017661640        14573.332344773124        14346.637499817311        14106.013354468208        13851.551136032154        13583.354548363517        13301.540935230958        13006.242480918387        12697.607442647903        12375.801409439957        12041.008582391907        11693.433072221549        11333.300211513857        10960.857881757513        10576.377859446648        10180.157191977723        9772.5196239018260        9353.8171090326541        8924.4314667346716        8484.7762759700381        8035.2991560108085        7576.4846713370980        7108.8582436745246        6632.9916996894417        6149.5115112419398        5659.1115607123284        5162.5737291594514        4660.8025115172313        4154.8859635486942        3646.2089659007347        3136.6779665334002        2629.2046707710942        2128.8586320052859        0.0000000000000000     
   912.50335364300088        849.63752936574485        1111.0339118616155        1538.7013896271492        2028.6890186731380        2543.4491609261950        3068.5305219101333        3597.2695752816876        4126.0300918687681        4652.5265771711129        5175.1497580454388        5692.6636478689170        6204.0570178581020        6708.4652752449729        7205.1269522772536        7693.3582759973888        8172.5376573943040        8642.0958379972835        9101.5093609455598        9550.2960381701214        9988.0116324502396        10414.247282969956        10828.627384608530        11230.807740866807        11620.473878274886        11997.339453122877        12361.144709016726        12711.654961751874        13048.659099750545        13371.968095956236        13681.413531979508        13976.846138327028        14258.134356310289        14525.162928122503        14777.831521869679        15016.053398239494        15239.754125129552        15448.870346033753        15643.348607374895        15823.144249324194        15988.220364001791        16138.546824331304        16274.099386243897        16394.858866403425        16500.810397160312        16591.942760039416        16668.247798725894        16729.719912230030        16776.355628682653        16808.153260031111        16825.112637766157        16827.234929704551        16814.522537773679        16786.979076685475        16744.609433339228        16687.419906748903        16615.418428242527        16528.614861621427        16427.021382887880        16310.652939044936        16179.527785333559        16033.668100095239        15873.100676226784        15697.857687923733        15507.977531087643        15303.505735398418        15084.495945628079        14851.010969300982        14603.123887296253        14340.919223455312        14064.494168722065        13773.959854836239        13469.442672165173        13151.085625957201        12819.049725215462        12473.515398643473        12114.683932871001        11742.778929668284        11358.047781443796        10960.763168500718        10551.224588056744        10129.759935068205        9696.7271702469534        9252.5161342036154        8797.5506031173099        8332.2907386601528        7857.2361768136980        7372.9301511323993        6879.9653008939267        6378.9922592419543        5870.7329215109630        5356.0018147641495        4835.7420061705898        4311.0883193419750        3783.4848260853746        3254.9180122050670        2728.4186655250728        2209.2579538863802        0.0000000000000000     
   946.97885791771819        881.70314888170401        1152.9643248619784        1596.7811780527518        2105.2481361440937        2639.3824104855112        3184.1733822199972        3732.6937067858230        4281.1587349033180        4827.1866674022876        5369.0986665768287        5905.6045789322516        6435.6488787884600        6958.3296562810092        7472.8535005194071        7978.5091236427388        8474.6512569564766        8960.6903975876703        9436.0859862896159        9900.3416398533300        10353.001629570252        10793.648118873800        11221.898861799715        11637.405177693268        12039.850088021643        12428.946545642397        12804.435715418686        13166.085283548608        13513.687784960955        13847.058945845080        14166.036043244578        14470.476286578494        14760.255227576448        15035.265205845606        15295.413837419492        15540.622553375162        15770.825195092562        15985.966672071741        16186.001687494090        16370.893535966712        16540.612977160508        16695.137188368244        16834.448798384819        16958.535004557729        17067.386774375525        17160.998132556357        17239.365534265915        17302.487324828118        17350.363286089039        17382.994269445491        17400.381915448452        17402.528459828271        17389.436625756200        17361.109602145221        17317.551107794403        17258.765541185800        17184.758215743266        17095.535680348326        16991.106124873389        16871.479870426701        16736.669943900284        16586.692736263994        16421.568743849541        16241.323391611973        16045.987937039345        15835.600453001154        15610.206887383119        15369.862196853352        15114.631551550505        14844.591606891194        14559.831838082982        14260.455932331233        13946.583233186839        13618.350231061251        13275.912093721801        12919.444230699204        12549.143886164098        12165.231756210142        11767.953628977537        11357.582050190545        10934.418023256414        10498.792763285890        10051.069540127783        9591.6456697628055        9120.9547510865996        8639.4693044753003        8147.7040638145945        7646.2203302416274        7135.6320603571266        6616.6148231647949        6089.9195955524274        5556.3949444637865        5017.0242743787476        4472.9913889388981        3925.8023487983523        3377.5273354942137        2831.3213310837191        2292.6650991734978        0.0000000000000000     
   982.76715334587050        914.94042998468819        1196.4032355730967        1656.9621385752580        2184.5927567804765        2738.8166376413128        3304.0398830843314        3873.0595647119794        4441.9356094895420        5008.1851189272911        5570.0561037959042        6126.2014268644880        6675.5190098389448        7217.0678229356172        7750.0211007817179        8273.6389816752053        8787.2517821824222        9290.2493199938544        9782.0737763093657        10262.214671599646        10730.205118263260        11185.618847657603        11628.067704646446        12057.199420844237        12472.695550710558        12874.269500649563        13261.664610672415        13634.652267111564        13993.030037051607        14336.619822878942        14665.266040130549        14978.833824608764        15277.207276169573        15560.287747127846        15827.992183159047        16080.251524127534        16317.009171588719        16538.219528903737        16743.846619047206        16933.862784335390        17108.247471489165        17266.986104698997        17410.069048691443        17537.490663216886        17649.248449888200        17745.342291899098        17825.773786834103        17890.545672543692        17939.661345890254        17973.124474064429        17990.938698118076        17993.107428349711        17979.633731201244        17950.520307371036        17905.769560908087        17845.383759115750        17769.365283151008        17677.716969247318        17570.442540506680        17447.547129189767        17309.037889373845        17154.924699737967        16985.220956065808        16799.944452822376        16599.118352855203        16382.772243890819        16150.943280040894        15903.677406002620        15641.030661039251        15363.070559172980        15069.877541332276        14761.546494500235        14438.188332254071        14099.931630532556        13746.924312108631        13379.335373207075        12997.356646174048        12601.204593336437        12191.122129560132        11767.380475079750        11330.281046752123        10880.157406239301        10417.377299711929        9942.3448486037523        9455.5029898477751        8957.3363254519863        8448.3746400185992        7929.1975071953584        7400.4406804909067        6862.8054427917741        6317.0729560022564        5764.1272900443410        5204.9940587111596        4640.9084069455876        4073.4413803107768        3504.7507749788979        2938.1212310121200        2379.2515995634635        0.0000000000000000     
   1019.9446094651619        949.41432133894034        1241.4327661641016        1719.3595220490336        2266.8766852329186        2841.9456688844239        3428.3637296137640        4018.6397548700675        4608.6707179629975        5195.8674519088772        5778.4009463995908        6354.8640474284757        6924.1057064822990        7485.1438568211734        8037.1168963677610        8579.2552996167942        9110.8642389076886        9631.3124563100482        10140.024784987714        10636.476842847818        11120.191033510193        11590.733336341616        12047.710570370458        12490.767939309604        12919.586740480519        13333.882167942031        13733.401170366824        14117.920343548965        14487.243849739756        14841.201363713288        15179.646050102272        15502.452579132920        15809.515189100082        16100.745804224478        16376.072216240775        16635.436337403280        16878.792531722782        17106.106030274368        17317.351435420460        17512.511317828739        17691.574909267110        17854.536893349676        18001.396295701834        18132.155474413994        18246.819211162572        18345.393902989963        18427.886854445504        18494.305669588906        18544.657743236534        18578.949850778601        18597.187835901863        18599.376395605450        18585.518961987233        18555.617680393079        18509.673483650426        18447.686262240415        18369.655130388877        18275.578788164697        18165.455979754861        18039.286048128200        17897.069586294980        17738.809185306898        17564.510279013637        17374.182085388657        17167.838643952029        16945.499948445940        16707.193173456159        16452.953993119998        16182.827989422898        15896.872146871925        15595.156429563785        15277.765435866744        14944.800125155145        14596.379610335773        14232.643009381083        13853.751348867741        13459.889512798531        13051.268231033211        12628.126103861345        12190.731663193908        11739.385477391346        11274.422317194560        10796.213416622430        10305.168888295095        9801.7403927443102        9286.4242247829206        8759.7650822831929        8222.3609510784172        7674.8698244001407        7118.0194721686057        6552.6223751652169        5979.5996385003409        5400.0210689472160        4815.1756731944215        4226.7026921663655        3636.8517394062719        3049.0429600696339        2469.2023386075389        0.0000000000000000     
   1058.5937167784721        985.19460863886536        1288.1409733596754        1784.0970237260390        2352.2651308523446        2948.9777777421632        3557.3960451806033        4169.7271190191768        4781.6969092219433        5390.6043984699936        5994.5393754993311        6592.0314008970863        7181.8778642689240        7763.0536250475561        8334.6606916866203        8895.8987595909166        9446.0471433909679        9984.4531667153860        10510.524312797401        11023.722606271996        11523.560332222260        12009.596558486814        12481.434137975491        12938.716994646686        13381.127574993279        13808.384395890482        14220.239650691356        14616.476855146078        14996.908527106467        15361.373901579324        15709.736687128281        16041.882871953001        16357.718588907690        16657.168048741260        16940.171550283700        17206.683575400737        17456.670975454839        17690.111254858544        17906.990956165133        18107.304150063690        18291.051032664931        18458.236631600463        18608.869621721766        18742.961250577689        18860.524373368804        18961.572596716214        19046.119530332569        19114.178145533464        19165.760239465999        19200.876003946127        19219.533697874813        19221.739422332743        19207.496997621842        19176.807941717401        19129.671549805000        19066.085074790186        18986.044008874793        18889.542466479557        18776.573668948771        18647.130531585848        18501.206353629943        18338.795611780384        18159.894857799085        17964.503720559776        17752.626012659253        17524.270941351326        17279.454423104755        17018.200500518538        16740.542859655168        16446.526445081781        16136.209169058138        15809.663710406212        15466.979397682904        15108.264170419596        14733.646611484943        14343.278043206496        13937.334679948466        13516.019830668942        13079.566146979554        12628.237916005137        12162.333403789178        11682.187265480177        11188.173055190533        10680.705894627246        10160.245400872827        9627.2990392959637        9082.4261734448010        8526.2432582793226        7959.4309183756295        7382.7441682534445        6797.0279654678525        6203.2420502496925        5602.5025218610936        4996.1549387003361        4385.9101790972836        3774.1141855737160        3164.3288734650391        2562.7170086386541        0.0000000000000000     
   1098.8037702224760        1022.3564226230643        1336.6224562352352        1851.3076610931594        2440.9359068063941        3060.1372102652658        3691.4072089108749        4326.6368593366997        4961.3722582406263        5592.7945005952142        6218.9076531404162        6838.1744656607480        7449.3379874352258        8051.3278422602043        8643.2080276107099        9224.1463271580924        9793.3955137145513        10350.281220964876        10894.193688607993        11424.581797447448        11940.948471110076        12442.846894780763        12929.877219997128        13401.683556057060        13857.951129433719        14298.403543062950        14722.800099130380        15130.933168948184        15522.625605884466        15897.728204726562        16256.117215014876        16597.691917886423        16922.372276561528        17230.096670299306        17520.819720786749        17794.510218755138        18051.149157302996        18290.727877062855        18513.246327057928        18718.711443903965        18907.135650952907        19078.535478064769        19232.930301937973        19370.341206325775        19490.789961010283        19594.298118086277        19680.886223912366        19750.573145003607        19803.375506153261        19839.307239167643        19858.379240763326        19860.599138395199        19845.971163045349        19814.496128291492        19766.171515278089        19700.991663521094        19618.948067774680        19520.029781465266        19404.223927441020        19271.516316982175        19121.892178157137        18955.336994678804        18771.837456403377        18571.382522508266        18353.964598175589        18119.580825284065        17868.234487166275        17599.936526916219        17314.707178032768        17012.577705363816        16693.592253386854        16357.809797851007        16005.306195753923        15636.176327599431        15250.536324973451        14848.525875825871        14430.310599656817        13996.084485369298        13546.072386292672        13080.532570430079        12599.759330275698        12104.085667010831        11593.886080738132        11069.579525174244        10531.632627635905        9980.5633428382262        9416.9453185426664        8841.4134318861034        8254.6712614007829        7657.5017944996189        7050.7836386688014        6435.5168338096710        5812.8659903237603        5184.2360882355642        4551.4133352917379        3916.8448509001482        3284.2410421265172        2660.0117606429831        0.0000000000000000     
   1140.6716454021130        1060.9808114696621        1386.9790387966332        1921.1347620277436        2533.0807821435501        3175.6659061343526        3830.6889285166644        4489.7089333515050        5148.0827455364470        5802.8670311901433        6451.9752385486190        7093.7995014089183        7727.0255503512180        8350.5354825404556        8963.3535979793851        9564.6146294716673        10153.544170290495        10729.445986158464        11291.693314225611        11839.722510471702        12373.028092549492        12891.158613074511        13393.713025194245        13880.337338473521        14350.721446621174        14804.596060459899        15241.729711947211        15661.925815189919        16065.019782652185        16450.876201892850        16819.386081952671        17170.464180109942        17504.046419913029        17820.087410710305        18118.558077695001        18399.443410014359        18662.740332930480        18908.455708480076        19136.604467637313        19347.207875685741        19540.291931378266        19715.885899519984        19874.020975849187        20014.729082510465        20138.041792000451        20243.989377207236        20332.599985042987        20403.898931169948        20457.908113425692        20494.645541747930        20514.124982666490        20516.355716754962        20501.342407802320        20469.085082861500        20419.579222744040        20352.815962944176        20268.782405379432        20167.462041715029        20048.835289383438        19912.880141705224        19759.572933749663        19588.889225730385        19400.804805798773        19195.296814062858        18972.344989508540        18731.933041221506        18474.050144891266        18198.692565015510        17905.865402509342        17595.584466562173        17267.878268584864        16922.790134974355        16560.380434230607        16180.728912754184        15783.937132527271        15370.131002977438        14939.463398849095        14492.116856164734        14028.306339789026        13548.282079367373        13052.332476474627        12540.787096167373        12014.019773095995        11472.451889570473        10916.555926463716        10346.859457574437        9763.9498712681088        9168.4802904357166        8561.1774792114829        7942.8530795482784        7314.4205254421195        6676.9218802619780        6031.5726053416302        5379.8401624637809        4723.5900502586201        4065.3757792108377        3409.0634687954962        2761.3210772591374        0.0000000000000000     
   1184.3026824958861        1101.1553871266885        1439.3205380642930        1993.7330795684404        2628.9070098385205        3295.8254450365948        3975.5565840734330        4659.3107599405366        5342.2452810491786        6021.2852853847871        6694.2482925587992        7359.4517104788583        8015.5207593873938        8661.2875867003713        9295.7350498451233        9917.9636996935697        10527.171380210075        11122.639931953478        11703.725996957111        12269.854230112989        12820.511934286387        13355.244539188652        13873.651579273585        14375.382966889141        14860.135443019028        15327.649141144613        15777.704232690850        16210.117642698864        16624.739836384175        17021.451683975396        17400.161414538907        17760.801670600176        18103.326675087097        18427.709520997549        18733.939592608600        19022.020125254039        19291.965908873786        19543.801138795923        19777.557415622141        19993.271894692156        20190.985584422353        20370.741791855024        20532.584713011747        20676.558165106690        20802.704457327112        20911.063396710269        21001.671425619428        21074.560887426742        21129.759417227906        21167.289454724323        21187.167876795589        21189.405747731234        21174.008185580795        21140.974343600523        21090.297506308922        21021.965300198677        20935.960019675920        20832.259069295978        20710.835523824218        20571.658808057953        20414.695498686277        20239.910250724901        20047.266851227199        19836.729403025704        19608.263641184763        19361.838384630086        19097.427125050799        18815.009754632447        18514.574433467802        18196.119596603305        17859.656099618715        17505.209500424244        17132.822473627595        16742.557352432705        16334.498791675564        15908.756544422311        15465.468343761371        15004.802881325915        14526.962875143585        14032.188222307113        13520.759237710939        12992.999990258166        12449.281764917754        11890.026706629704        11315.711746536155        10726.872982756531        10124.110804807116        9508.0962445315035        8879.5793653436667        8239.4010767918116        7588.5108036617639        6927.9944074886753        6259.1206616185527        5583.4227696704020        4902.8497725535453        4220.0671849837081        3539.1046059637442        2866.8999045732426        0.0000000000000000     
   1229.8116955268852        1142.9750567586232        1493.7656301302143        2069.2700523776325        2728.6390578826363        3420.8992531935719        4126.3518846117258        4835.8402840607187        5544.3111245108475        6248.5502970628850        6946.2736265829635        7635.7193536240338        8315.4487699747569        8984.2415170489203        9641.0372158130776        10284.901131476301        10915.002884098905        11530.602486356520        12131.040597630481        12715.731242220249        13284.155979183577        13835.858929458665        14370.442309786145        14887.562268710937        15386.924908591014        15868.282431928144        16331.429383642808        16776.198980980273        17202.459534357538        17610.110968658933        17999.081457206306        18369.324181144457        18720.814226145696        19053.545626723113        19367.528566437672        19662.786740149655        19939.354882372008        20197.276463841179        20436.601556695332        20657.384867175588        20859.683933554817        21043.557486050169        21209.063964776273        21356.260191329406        21485.200189336025        21595.934149228895        21688.507532607193        21762.960311769803        21819.326340361229        21857.632851517348        21877.900080422995        21880.141008778712        21864.361229302478        21830.558929049377        21778.724991002611        21708.843214060598        21620.890652202212        21514.838074243009        21390.650546185956        21248.288138705600        21087.706762771290        20908.859136796287        20711.695888979550        20496.166798668099        20262.222180592555        20009.814415698769        19738.899631996977        19449.439538361079        19141.403413521806        18814.770251600785        18469.531064428666        18105.691339591918        17723.273651688447        17322.320422697201        16902.896825770928        16465.093825283850        16009.031344821427        15534.861554304061        15042.772268064648        14532.990448155653        14005.785812505930        13461.474557398724        12900.423220612500        12323.052739441619        11729.842803172529        11121.336673249263        10498.146764907080        9860.9614844536736        9210.5541571391877        8547.7954769694115        7873.6719908777068        7189.3151719394227        6496.0496854366484        5795.4779455429398        5089.6370980056008        4381.3107093697017        3674.7002241535129        2977.0260850091163        0.0000000000000000     
   1277.3241280860971        1186.5428524316155        1550.4428287248993        2147.9272332938895        2832.5205753270029        3551.1951112176248        4283.4458869294576        5019.7294563784135        5754.7697635026479        6485.2050450040560        7208.6431618352426        7923.2383854631680        8627.4844220222258        9320.1057192610151        9999.9968333810957        10666.186692769685        11317.816348437664        11954.124278372719        12574.436023531625        13178.156345121080        13764.762861273262        14333.800555240985        14884.876799907417        15417.656693950288        15931.858596070408        16427.249799098186        16903.642319276012        17360.888795768838        17798.878506501678        18217.533511923684        18616.804940290378        18996.669427873672        19357.125726041748        19698.191484990515        20019.900221451142        20322.298475204578        20605.443156872025        20869.399087320759        21114.236727184725        21340.030093472822        21546.854859027655        21734.786629692626        21903.899393424224        22054.264135224010        22185.947611632211        22299.011278593433        22393.510366745952        22469.493098573083        22527.000042362648        22566.063598526562        22586.707614515588        22588.947125306564        22572.788217223388        22538.228013663331        22485.254782123226        22413.848162741044        22323.979519375098        22215.612415021631        22088.703214108675        21943.201814884917        21779.052515732572        21596.195019754839        21394.565582405536        21174.098307220211        20934.726594855132        20676.384750621659        20399.009755497387        20102.543205182003        19786.933421126436        19452.137736585661        19098.124959621287        18724.878013616075        18332.396754279951        17920.700960374848        17489.833493546870        17039.863620865828        16570.890492146715        16083.046763187165        15576.502356185652        15051.468350535280        14508.201002020085        13947.005897859091        13368.242271667410        12772.327530386579        12159.742091327927        11531.034702926927        10886.828546951439        10227.828626993803        9554.8313009285412        8868.7374332869240        8170.5717647756646        7461.5132147966951        6742.9450333435125        6016.5425294661745        5284.4358491084049        4549.5331310053953        3816.2166880852378        3092.0031416615952        0.0000000000000000     
   1326.9773807358342        1231.9708744829934        1609.4915932841886        2229.9019123582166        2940.8166310316365        3687.0480120850580        4447.2424351351547        5211.4481941910581        5974.1533213435350        6731.8392242641066        7481.9989756476471        8222.6976854894692        8952.3575666544530        9669.6450597033836        10373.407813648668        11062.637454298474        11736.446290977956        12394.051807059746        13034.765597656713        13657.984885453698        14263.185544018725        14849.916008319713        15417.791713777982        15966.489860440663        16495.744392160475        17005.341136854437        17495.113087324542        17964.935821327421        18414.723069835312        18844.422447051398        19254.011356859999        19643.493089401258        20012.893119281864        20362.255614176516        20691.640159639705        21001.118703091019        21290.772717317734        21560.690581546194        21810.965176212030        22041.691686019905        22252.965604715475        22444.880934174747        22617.528569914793        22770.994864913231        22905.360363653999        23020.698698559219        23117.075641389027        23194.548302760817        23253.164473630983        23292.962103369286        23313.968909918760        23316.202118451165        23299.668325885079        23264.363489612868        23210.273039772834        23137.372115388454        23045.625925667169        22934.990238692601        22805.412000643733        22656.830089518531        22489.176208111476        22302.375921678573        22096.349846299283        21871.014994393197        21626.286284146012        21362.078219721014        21078.306749053387        20774.891305719237        20451.757040815686        20108.837249961605        19746.075999416487        19363.430953914081        18960.876407130781        18538.406513795329        18096.038720371598        17633.817389139560        17151.817608570960        16650.149181468343        16128.960781905082        15588.444273319781        15028.839184322709        14450.437347616540        13853.587723646477        13238.701458505275        12606.257272257271        11956.807350929028        11290.984043045695        10609.507875367133        9913.1977676408733        9202.9849669410141        8479.9333850378407        7745.2712200803990        7000.4431016004719        6247.2011377358604        5487.7737242756448        4725.2006063588424        3964.0547092567622        3212.1634742325400        0.0000000000000000     
   1378.9223404007005        1279.3813668088665        1671.0635864215997        2315.4089654967156        3053.8162699581931        3828.8234272550076        4618.1820904769702        5411.5089024172657        6203.0415801509698        6989.0946718926853        7767.0390249493612        8534.8449730620159        9290.8590686904536        10033.686816641966        10762.127130238698        11475.133494820897        12171.789531905961        12851.292579861438        13512.941837418750        14156.129142185129        14780.331285748869        15385.103234173730        15970.071893271914        16534.930217840869        17079.431559323013        17603.384202998644        18106.646078848582        18589.119648587719        19050.746980584365        19491.505027913921        19911.401124879099        20310.468715413248        20688.763323818861        21046.358774899410        21383.343667117762        21699.818099205648        21995.890647800086        22271.675591268253        22527.290372928062        22762.853295371966        22978.481436531500        23174.288777442885        23350.384531345731        23506.871663724502        23643.845593139860        23761.393063154585        23859.591176296766        23938.506581788646        23998.194809672052        24038.699744955295        24060.053236468753        24062.274836229048        24045.371666256964        24009.338410958899        23954.157434352284        23879.799022580166        23786.221753308317        23673.372994717422        23541.189537881262        23389.598367345679        23218.517575677888        23027.857428622530        22817.521588262509        22587.408502213922        22337.412967362918        22067.427876948474        21777.346159880206        21467.062921023131        21136.477790751007        20785.497491337050        20414.038626693058        20022.030700570325        19609.419366600399        19176.169911508303        18722.270970537873        18247.738471709970        17752.619803188831        17236.998196082772        16700.997313952284        16144.786040909792        15568.583463649240        14972.664050858264        14357.363049078789        13723.082141704339        13070.295464758348        12399.556151588897        11711.503709557912        11006.872752201800        10286.503987975369        9551.3590305103953        8802.5418011821930        8041.3315747607758        7269.2372399410560        6488.0918283710189        5700.2276101616662        4908.8235285618057        4118.6536568410456        3337.8720387417952        0.0000000000000000     
   1433.3251483138092        1328.9079456603013        1735.3241041848917        2404.6829658432289        3171.8354404682673        3976.9210502332789        4796.7466344708773        5620.4716484776709        6442.0677203803843        7257.6715522965496        8064.5236527931411        8860.4935096456829        9643.8475826929498        10413.127415377041        11167.081408877626        11904.624252746720        12624.811228735676        13326.820766372939        14009.941677332348        14673.563082275077        15317.165905506670        15940.315297175623        16542.653622271126        17123.893819746478        17683.813031963677        18222.246461372666        18739.081443594427        19234.251743259345        19707.732086836088        20159.532948906082        20589.695607219950        20998.287478918999        21385.397746488907        21751.133277956829        22095.614841935690        22418.973614589737        22721.347972567997        23002.880563475668        23263.715643534830        23503.996670695666        23723.864140557442        23923.453651988166        24102.894189240102        24262.306607586663        24401.802310003950        24521.482103137427        24621.435221689728        24701.738511400948        24762.455761936526        24803.637182223327        24825.319012058939        24827.523265144657        24810.257600043376        24773.515316927096        24717.275479343603        24641.503161588676        24546.149823608859        24431.153816670747        24296.441024305052        24141.925644255505        23967.511118318704        23773.091218035705        23558.551295167847        23323.769706735820        23068.619425094785        22792.969844028015        22496.688792134235        22179.644764821671        21841.709385966933        21482.760109711569        21102.683171919161        20701.376799474830        20278.754683865765        19834.749723347359        19369.318035523978        18882.443239461900        18374.141003692377        17844.463853969915        17293.506232924130        16721.409803563369        16128.368991165940        15514.636765310051        14880.530678594572        14226.439205685820        13552.828473319218        12860.249551498189        12149.346610134869        11420.866472253554        10675.670485061735        9914.7503175997153        9139.2505438921235        8350.5032356632346        7550.0844793358101        6739.9125693225078        5922.4296677740958        5100.9621109781219        4280.4965251916637        3469.5305979611617        0.0000000000000000     
   1490.3692508399720        1380.6970075919019        1802.4537066217986        2497.9806017267224        3295.2203566382377        4131.7791006934222        4983.4642448187597        5838.9501032531552        6691.9248975455994        7538.3354271237304        8375.2830027473174        9200.5297091683678        10012.257216123371        10808.940010749175        11589.274308916098        12352.135601868566        13096.551558461617        13821.683416755921        14526.812171018240        15211.327510306121        15874.718359783523        16516.564377732822        17136.528049502947        17734.347187561478        18309.827744781196        18862.836904367679        19393.296440851736        19901.176362168255        20386.488849073565        20849.282508814689        21289.636957474475        21707.657741322892        22103.471602791884        22477.222091973086        22829.065520181797        23159.167248341317        23467.698299810545        23754.832284827276        24020.742621946032        24265.600040660458        24489.570348752153        24692.812447727632        24875.476579922612        25037.702791400323        25179.619595585795        25301.342823607218        25402.974648511165        25484.602771840349        25546.299762478615        25588.122539149688        25610.111989484209        25612.292720125050        25594.672933911523        25557.244431758154        25499.982738414619        25422.847352852714        25325.782125567235        25208.715766592508        25071.562489516935        24914.222798213774        24736.584424384320        24538.523425314525        24319.905452456744        24080.587202542087        23820.418063875783        23539.241971235573        23236.899483341938        22913.230097157058        22568.074813250634        22201.278966096896        21812.695332393138        21402.187529275387        20969.633712622599        20514.930583482717        20037.997708050450        19538.782153664150        19017.263440138067        18473.458802706296        17907.428760417530        17319.282982772318        16709.186448971122        16077.365900280560        15424.116599781184        14749.809440015229        14054.898485750846        13339.929119456696        12605.547093801297        11852.509028593215        11081.695292279293        10294.126919531705        9490.9895123242186        8673.6695252433001        7843.8132026724143        7003.4286424545326        6155.0743243615725        5302.2328228921388        4450.1156763887875        3607.5826477812552        0.0000000000000000     
   1550.2577871519902        1434.9093471161868        1872.6500811394963        2595.5834539313755        3424.3513725697462        4293.8792892831389        5178.9154638803539        6067.6183828255689        6953.3738004824008        7831.9253582487408        8700.2254887109011        9555.9217982727423        10397.106211536562        11222.183035875421        12029.794800239681        12818.777737805965        13588.133116120060        14337.007296646449        15064.676707828976        15770.535632091389        16454.085636460175        17114.925995819176        17752.744754437001        18367.310242599149        18958.462963574013        19526.107821342375        20070.206688738406        20590.771329202122        21087.856689565124        21561.554580141994        22011.987754380214        22439.304395008301        22843.673007997480        23225.277720307298        23584.313972654447        23920.984594591115        24235.496246056642        24528.056207259637        24798.869497197866        25048.136300250007        25276.049679985757        25482.793559548223        25668.540948576650        25833.452397579655        25977.674661868517        26101.339558555999        26204.563001668663        26287.444202067541        26350.065020590268        26392.489464591952        26414.763319852002        26416.913911615597        26398.949990341636        26360.861739525302        26302.620904749660        26224.181044890760        26125.477908153254        26006.429937342415        25866.938910479737        25706.890724534474        25526.156331662121        25324.592838899218        25102.044783742112        24858.345599412518        24593.319284854719        24306.782295581743        23998.545672349479        23668.417425239120        23316.205191016077        22941.719181549292        22544.775440560825        22125.199424973336        21682.829925588576        21217.523339734256        20729.158305865938        20217.640706966624        19682.909046093700        19124.940193859002        18543.755504468252        17939.427294972746        17312.085682849374        16661.925781909886        15989.215269002811        15294.302359076670        14577.624272185698        13839.716356721796        13081.222172147540        12302.905073452377        11505.662254597924        10690.542943920686        9858.7737871929330        9011.7969986407425        8151.3319101563029        7279.4811404805805        6398.9263289273595        5513.3158306300320        4628.0995011403684        3752.5191474048634        0.0000000000000000     
   1613.2163798228817        1491.7220205813740        1946.1301770855684        2697.8011953479554        3559.6474617018143        4463.7525643188792        5383.7401045368679        6307.2189534518348        7227.2513645035242        8139.3632212602397        9040.3474950910331        9927.7296931135206        10799.506801301266        11654.009853667501        12489.826452584615        13305.753971179920        14100.769104367591        14874.006392249805        15624.741778105355        16352.379048366742        17056.437966313395        17736.543447871689        18392.415432261409        19023.859273856775        19630.756579613830        20213.056469762862        20770.767266226689        21303.948624213892        21812.704124272157        22297.174338880559        22757.530381976696        23193.967943242278        23606.701802467192        23995.960813427071        24361.983341725023        24705.013137076130        25025.295617554177        25323.074541313417        25598.589040142979        25852.070988794607        26083.742684227000        26293.814809618350        26482.484659110145        26649.934600667508        26796.330756096489        26921.821879081275        27026.538414042021        27110.591720623641        27174.073450677515        27217.055066666453        27239.587492492821        27241.700889810232        27223.404554922872        27184.686933402365        27125.515751557945        27045.838265882925        26945.581633569142        26824.653409132046        26682.942174120384        26520.318308791684        26336.634916511899        26131.728913471215        25905.422298082995        25657.523616124865        25387.829639261447        25096.127276018546        24782.195735514557        24445.808965241584        24086.738384865068        23704.755938308448        23299.637486234962        22871.166560359172        22419.138499748529        21943.364987357512        21443.679002451940        20919.940201358029        20372.040735222581        19799.911509442536        19203.528885563064        18582.921823516663        17938.179461335327        17269.459132932498        16576.994835466368        15861.106181402334        15122.207915275771        14360.820155658950        13577.579663530216        12773.252682502123        11948.750323397036        11105.148225741759        10243.713619390492        9365.9455483156562        8473.6392585597077        7568.9967440096070        6654.8300608089912        5734.9636293725325        4815.1001722368537        3904.8852095853508        0.0000000000000000     
   1679.4964096160568        1551.3305000565967        2023.1326571106847        2804.9752890674495        3701.5714140502910        4641.9857878237108        5598.6452694658710        6558.5717965819294        7514.4808484627265        8461.6644420231023        9396.7445153403696        10317.116288977790        11220.676413558042        12105.679667907971        12970.657869251043        13814.370533335697        14635.772393635070        15433.990139934151        16208.304318002816        16958.134188623186        17683.024344133886        18382.632434137595        19056.717663116622        19705.129897657662        20327.799317485849        20924.726595066080        21495.973612079251        22041.654728942827        22561.928622614301        23056.990702434381        23527.066106336668        23972.403271940417        24393.268069761525        24789.938479505538        25162.699785357137        25511.840262392576        25837.647323653557        26140.404095914539        26420.386391603206        26677.860044544461        26913.078578042201        27126.281175155495        27317.690922746489        27487.513302874031        27635.934907295436        27763.122353150047        27869.221380279650        27954.356113051523        28018.628471961896        28062.117722690513        28084.880152639897        28086.948867320312        28068.333701231542        28029.021240149552        27968.974953953526        27888.135441333201        27786.420789903736        27663.727057431253        27519.928882039483        27354.880231427756        27168.415303279889        26960.349591174065        26730.481132402183        26478.591956152632        26204.449752474298        25907.809784284069        25588.417066357739        25246.008836696506        24880.317346819982        24491.072998322277        24078.007853354004        23640.859546467596        23179.375624395256        22693.318338738238        22182.469914176865        21646.638311654599        21085.663502118685        20499.424262016099        19887.845497255697        19250.906098487121        18588.647328551888        17901.181744868602        17188.702668637794        16451.494234496120        15689.942097513313        14904.544954117795        14095.927175234714        13264.853098777008        12412.243967071137        11539.199279104834        10647.025766828225        9737.2799406250106        8811.8355860841693        7872.9990021665890        6923.7203194752246        5968.0110904470630        5011.8427032823574        4065.2879426925356        0.0000000000000000     
   1749.3788750354274        1613.9511698855506        2103.9207194424562        2917.4832769614291        3850.6358892086441        4829.2295212647432        5824.4146988499133        6822.5850735067670        7816.0835288414701        8799.9504119635694        9770.6239768639625        10725.360394324076        11661.950437604854        12578.569873649678        13473.694413520852        14346.047510285773        15194.565536337697        16018.372433377728        16816.759659274652        17589.169186224797        18335.178340153878        19054.485840630525        19746.898717018768        20412.319951427631        21050.736792704527        21662.209732385167        22246.862153006889        22804.870663339665        23336.456131036895        23841.875415291877        24321.413792904932        24775.378062232445        25204.090301623324        25607.882252535914        25987.090292683664        26342.050961231271        26673.096996115401        26980.553842809572        27264.736594093669        27525.947321429023        27764.472760202021        27980.582313224855        28174.526339335986        28346.534696615909        28496.815512536006        28625.554156221271        28732.912390880414        28819.027687303194        28884.012682121411        28927.954767262388        28950.915799689083        28952.931923117842        28934.013495941632        28894.145122071062        28833.285783850723        28751.369078625230        28648.303562932215        28523.973210698216        28378.237994218824        28210.934599121807        28021.877286944833        27810.858921404135        27577.652176877851        27322.010950061780        27043.671998148267        26742.356829195931        26417.773872549922        26069.620959178010        25697.588143533540        25301.360899952288        24880.623727537393        24435.064197872274        23964.377479611936        23468.271372925745        22946.471884806429        22398.729373368864        21824.825285458250        21224.579507319297        20597.858343098615        19944.583131242645        19264.739505614809        18558.387308416673        17825.671169120727        17066.831783148940        16282.217965155252        15472.299629964948        14637.681996090136        13779.121559280098        12897.544832569563        11994.071657335267        11070.046378384046        10127.083011583007        9167.1361736096260        8192.6213843304777        7206.6348712951658        6213.3871980186595        5219.1355737315998        4234.4056812997096        0.0000000000000000     
   1823.1789617781051        1679.8242294409638        2188.7853555013380        3035.7437706803503        4007.4104942926629        5026.2071428491545        6061.9197106269066        7100.2675827706416        8133.1923187432676        9155.4628906810412        10163.320048843210        11153.871582951806        12124.796791257053        13074.190052630382        14000.471393519598        14902.331029923727        15778.691820769518        16628.681457314302        17451.610100435872        18246.951183271874        19014.324167251270        19753.478623139468        20464.279328617547        21146.692246760609        21800.771339052386        22426.646208083515        23024.510579613518        23594.611633537130        24137.240185837833        24652.721713206061        25141.408201189653        25603.670786928895        26039.893159399071        26450.465673890147        26835.780133185919        27196.225185404102        27532.182287492524        27844.022183684890        28132.101849547049        28396.761854351858        28638.324097200999        28857.089875385725        29053.338246800489        29227.324651678489        29379.279762416016        29509.408533728474        29617.889428789083        29704.873800312820        29770.485408747070        29814.820062812185        29837.945370603440        29839.900592330068        29820.696588542218        29780.315860399976        29718.712681190194        29635.813320915906        29531.516368391374        29405.693157890259        29258.188310033074        29088.820399275908        28897.382763084315        28683.644470648564        28447.351471815029        28188.227949762932        27905.977903823430        27600.286991686309        27270.824663021627        26917.246619197758        26539.197636223922        26136.314790189881        25708.231126203325        25254.579813007829        24774.998825961087        24269.136200718327        23736.655898666522        23177.244322786020        22590.617519140167        21976.529094691232        21334.778876892113        20665.222335118473        19967.780779623277        19242.452352306944        18489.323828576042        17708.583266556503        16900.533578393337        16065.607174321876        15204.381971267905        14317.599312825858        13406.184805874413        12471.273909996336        11514.245653555416        10536.770787485217        9540.8865397261543        8529.1224241514010        7504.7290877750420        6472.1288104435116        5437.8832421625239        4412.9988990449056        0.0000000000000000     
   1901.2514787828468        1749.2170789546085        2278.0491196711205        3160.2222818732962        4172.5300957413538        5233.7255709547408        6312.1320595668230        7392.7433709065317        8467.0676880433384        9529.5807698255121        10576.310788523595        11604.207288217242        12610.832572605261        13594.197848308078        14552.668889367756        15484.906835645668        16389.827449616936        17266.570388963155        18114.474102135027        18933.054036041849        19721.982949226724        20481.072719323489        21210.257354366611        21909.577086056357        22579.163506043078        23219.225741249738        23830.037672904167        24411.926199032059        24965.260529147916        25490.442487101707        25987.897785900317        26458.068228046424        26901.404777028489        27318.361440127766        27709.389899514576        28074.934827397759        28415.429821428774        28731.293898306125        29022.928486259680        29290.714860538472        29535.011969944975        29756.154606659096        29954.451875925384        30130.185926521041        30283.610907195223        30414.952118415706        30524.405332739254        30612.136260920910        30678.280144488981        30722.941458943118        30746.193714998517        30748.079348418458        30728.609691975638        30687.765025987763        30625.494706711834        30541.717374685359        30436.321247898763        30309.164507499096        30160.075786586178        29988.854775589527        29795.272960725513        29579.074515140808        29339.977365555049        29077.674460518399        28791.835269784100        28482.107547733776        28148.119397243085        27789.481673775470        27405.790772764558        26996.631846388493        26561.582498529682        26100.217008904561        25612.111138875414        25096.847572141243        24554.022043168825        23983.250204707780        23384.175282929678        22756.476564640419        22099.878755828493        21414.162245043761        20699.174299798018        19954.841221258135        19181.181485308090        18378.319912289931        17546.502943069907        16686.115172031168        15797.697426810173        14881.966940897142        13939.840631537971        12972.463347779994        11981.244539769910        10967.909840807251        9934.5801226274452        8883.9033423395704        7819.2930824850455        6745.3968584992554        5669.1009469261371        4601.9231704753965        0.0000000000000000     
   1983.9973583531291        1822.4282816988027        2372.0705029014962        3291.4380597368422        4346.7046246179916        5452.6879357298776        6576.1391207603810        7701.2689424617629        8819.1163466931121        9923.8396530758928        11011.238053341132        12078.092522980060        13121.843124595795        14140.416986856173        15132.128424457234        16095.615385073763        17029.794922987454        17933.828994708922        18807.096089738279        19649.166367795471        20459.779109047708        21238.821887744947        21986.311197990413        22702.374421757570        23387.233103753624        24041.187524657889        24664.602566190755        25257.894851443296        25821.521129406232        26355.967857849839        26861.741925790437        27339.362446697403        27789.353546598530        28212.238067182621        28608.532102522473        28978.740288705991        29323.351768017445        29642.836752927891        29937.643619660656        30208.196466177451        30454.893074828138        30678.103225420564        30878.167309946282        31055.395205534456        31210.065367326959        31342.424107828945        31452.685033869318        31541.028616602540        31607.601874005715        31652.518149095435        31675.856970633715        31677.663986445517        31657.950962666793        31616.695845321741        31553.842883627964        31469.302817389333        31362.953133795170        31234.638401938930        31084.170696433433        30911.330124663644        30715.865475510236        30497.495010817296        30255.907424482146        29990.762997817859        29701.694983775997        29388.311256699344        29050.196268465959        28686.913356134257        28298.007450425630        27883.008238485465        27441.433838214252        26972.795044900020        26476.600213723243        25952.360843735729        25399.597929911812        24817.849149613096        24206.676948117434        23565.677584645295        22894.491195657076        22192.812926486171        21460.405176536991        20697.110999115004        19902.868697727783        19077.727672099125        18221.865598992656        17335.607102198621        16419.444202293547        15474.059092782396        14500.350261608444        13499.463849007796        12472.833766190528        11422.237243515137        10349.878768332630        9258.5286144126039        8151.7718442326695        7034.4954896895651        5913.9322917812588        4802.1446424908236        0.0000000000000000     
   2071.8714709564001        1899.7922159744644        2471.2490196204012        3429.9721436715868        4530.7307003648593        5684.1086279093752        6855.1619049861320        8027.2536241590415        9190.9132612859466        10339.954807554732        11469.930693799008        12577.442679936727        13659.803893450407        14714.857744474984        15740.871699259291        16736.468613785746        17700.577694370393        18632.396128351687        19531.356818016982        20397.099883423449        21229.446761752031        22028.376338488019        22794.002857366504        23526.555506917164        24226.359645100110        24893.819640999041        25529.403307104072        26133.627880570657        26707.047494304665        27250.242062655409        27763.807493697921        28248.347131155318        28704.464323880467        29132.756019061719        29533.807276367501        29908.186603492930        30256.442018444333        30579.097749890090        30876.651493592373        31149.572149972057        31398.297974983565        31623.235083489533        31824.756251088809        32003.199966773191        32158.869694815883        32292.033309904495        32402.922674723664        32491.733333983691        32558.624303310949        32603.717935501892        32627.099850438204        32628.818918513673        32608.887290783205        32567.280472261678        32503.937437924717        32418.760794045160        32311.616990586859        32182.336593518092        32030.714629144633        31856.511015939977        31659.451102904623        31439.226337250639        31195.495088209002        30927.883658012135        30635.987515621859        30319.372793545070        29977.578093084809        29610.116648567429        29216.478906399712        28796.135580144524        28348.541248029742        27873.138564256071        27369.363159939770        26836.649313278496        26274.436471293673        25682.176707002131        25059.343195842346        24405.439793432408        23720.011793228598        23002.657937633918        22253.043750337434        21470.916252784475        20656.120126802180        19808.615394148706        18928.496711995453        18016.014448374004        17071.597833879117        16095.880740009399        15089.731110808927        14054.285963558001        12990.995552774195        11901.683539190313        10788.636523605817        9654.7500468564322        8503.7889765804648        7340.8947906384165        6173.6702404600992        5014.7585977264234        0.0000000000000000     
   2165.3920750466873        1981.6845551830806        2576.0311386518001        3576.4768894787253        4725.5054827895265        5929.1312670851084        7150.5765453242993        8372.2837777459081        9584.2277119743503        10779.848167255455        11954.431648711332        13104.389950908528        14226.905521286471        15319.740196546771        16381.121619148091        17409.668498163541        18404.336147128532        19364.373105406466        20289.284213780222        21178.797817537896        22032.835952832942        22851.486977344630        23634.980406086084        24383.663849836292        25097.982004101315        25778.457643342703        26425.674562195785        27040.262385619091        27622.883150290025        28174.219543435804        28694.964673939692        29185.813244120964        29647.453988579720        30080.563248185517        30485.799551857872        30863.799085458064        31215.171935197908        31540.499001896114        31840.329491716642        32115.178898353795        32365.527400728206        32591.818608947306        32794.458599451391        32973.815187847526        33130.217394907231        33263.955067575167        33375.278622632133        33464.398885920462        33531.487004823444        33576.674416053291        33600.052854804781        33601.674395039008        33581.551514136823        33539.657178468384        33475.924949626307        33390.249114226353        33282.484843351114        33152.448390956313        32999.917343932560        32824.630940070812        32626.290473966983        32404.559814968132        32159.066065647236        31889.400394031534        31595.119077922620        31275.744805144590        30930.768279435200        30559.650187923518        30161.823592664223        29736.696815435542        29283.656891832248        28802.073677429820        28291.304695247207        27750.700819633596        27179.612896742627        26577.399405600292        25943.435266078199        25277.121900551410        24577.898654474022        23845.255677629022        23078.748362970095        22278.013435199002        21442.786779418417        20572.923106812141        19668.417579156121        18729.429574534490        17756.308904092733        16749.625040307943        15710.200395106805        14639.149589307426        13537.928375161977        12408.399222369853        11252.927325249831        10074.535043832811        8877.1747943910941        7666.2578758705376        6449.7823072380097        5241.0118511785058        0.0000000000000000     
   2265.1523146069080        2068.5287447398591        2686.9172139369925        3731.6872927503464        4932.0432733000098        6189.0502802760839        7463.9400665542053        8738.1517365789095        10001.054271279256        11245.680225543783        12467.029694391738        13661.314002191588        14825.582678972905        15957.520618411227        17055.325854111903        18117.627534879528        19143.424904997784        20132.037881712884        21083.064558950740        21996.343331385167        22871.918527199719        23710.009032834812        24510.979674958107        25275.315243240791        26003.597072565964        26696.482098849516        27354.684282547176        27978.958270752559        28570.085148765334        29128.860117709581        29656.081926786541        30152.543886588584        30619.026292637187        31056.290094843629        31465.071657862376        31846.078468370637        32199.985657378995        32527.433218135859        32829.023812562031        33105.321071105507        33356.848302212296        33584.087538128078        33787.478853408204        33967.419901299763        34124.265621089893        34258.328076631944        34369.876392629798        34459.136760953508        34526.292494355315        34571.484109537334        34594.809425672545        34596.323668281344        34576.039571895322        34533.927478277175        34469.915430184024        34383.889263835277        34275.692706445618        34145.127488478429        33991.953483732344        33815.888894059644        33616.610499494025        33393.753998896857        33146.914470973206        32875.646990713241        32579.467442021865        32257.853573543751        31910.246351485966        31536.051670581870        31134.642492195911        30705.361486873746        30247.524267288707        29760.423306368451        29243.332644192618        28695.513495762771        28116.220879625584        27504.711394195707        26860.252274057515        26182.131862118502        25469.671634922983        24722.239917614213        23939.267422303274        23120.264740136085        22264.841915773410        21372.730238498567        20443.806406379659        19478.119276351819        18475.919535418081        17437.692874180200        16364.197721064502        15256.509509417187        14116.075207537973        12944.785287750365        11745.077286941696        10520.099891141908        9273.9997040887374        8012.4733310843294        6743.9409425943013        5482.3299305864739        0.0000000000000000     
   2371.8343004921535        2160.8036818586070        2804.4696002029191        3896.4345178766262        5151.4955338380623        6465.3369786748608        7797.0214755468369        9126.8905758133624        10443.649809589595        11739.887849716457        13010.296757271468        14250.877657595031        15458.547215803828        16630.921437331257        17766.183163092715        18862.991221739401        19920.411437267310        20937.859899095311        21915.053804740543        22851.967601015382        23748.793343729656        24605.904770871104        25423.824841584119        26203.196589470252        26944.757156944048        27649.314862028641        28317.729123392026        28950.893045219455        29549.718445781429        30115.123103821941        30648.019994841437        31149.308293808219        31619.865930326778        32060.543495361373        32472.159313953885        32855.495514910683        33211.294945318194        33540.258794353344        33843.044806742153        34120.265981100150        34372.489662095053        34600.236947833182        34803.982345078271        34984.153614907569        35141.131760269702        35275.251114723804        35386.799498517757        35476.018414212464        35543.103259392381        35588.203538726135        35611.423061862290        35612.820117462557        35592.407617185003        35550.153206724026        35485.979344180058        35399.763349153625        35291.337429119965        35160.488692919505        35006.959164678992        34830.445815233761        34630.600632234375        34407.030754665735        34159.298702561020        33886.922738326932        33589.377402378224        33266.094272765185        32916.463006212092        32539.832726493027        32135.513835353624        31702.780331208873        31240.872731530704        30749.001706053677        30226.352539478488        29672.090553973765        29085.367633123558        28465.329999620848        27811.127408486514        27121.923925393541        26396.910465338678        25635.319270142430        24836.440504182072        23999.641147251376        23124.386363793968        22210.263533803503        21257.009151748924        20264.538853318783        19232.980947498585        18162.714072434745        17054.410068247056        15909.084081066716        14728.155703137629        13513.528491722263        12267.702411765946        10993.949059700071        9696.6140150163392        8381.6942556736922        7058.0603904731715        5740.3502687134542        0.0000000000000000     
   2486.2264780964520        2259.0528494688624        2929.3221723800320        4071.6621524483444        5385.1751896435662        6759.6712844739059        8151.8395120286186        9540.8161337774764        10914.577919200852        12265.229296167276        13587.131890419492        14876.068471792369        16128.826274781459        17342.965154785194        18516.672691865191        19648.662568013006        20738.095840608636        21784.515369654684        22787.788712066627        23748.057245558757        24665.690463260416        25541.244923991664        26375.427569032268        27169.063187288346        27923.065812128934        28638.413808960362        29316.128384837444        29957.255230049381        30562.848990168000        31133.960265670648        31671.624843552938        32176.854879351518        32650.631766682829        33093.900452960646        33507.564982891599        33892.485074509517        34249.473555053664        34579.294505347687        34882.661981134072        35160.239197873467        35412.638081759404        35640.419104150802        35844.091329368122        36024.112616955841        36180.889929226811        36314.779703326698        36426.088254344184        36515.072182297394        36581.938761294041        36626.846293930284        36649.904418187514        36651.174357829666        36630.669110705661        36588.353572528496        36524.144596733677        36437.910994010868        36329.473478146647        36198.604568004397        36045.028458891822        35868.420880318008        35668.408961314883        35444.571129186173        35196.437072846398        34923.487807919097        34625.155887570225        34300.825810749469        33949.834688177223        33571.473236113736        33164.987178720730        32729.579151684538        32264.411212681203        31768.608078139081        31241.261220434510        30681.433974902760        30088.167821524734        29460.490021428897        28797.422802907691        28097.994304901353        27361.251497267607        26586.275306165160        25772.198179401927        24918.224331209665        24023.652910534878        23087.904345992119        22110.550143007098        21091.346461387693        20030.271916473645        18927.570283800294        17783.799258955689        16599.887350173565        15377.202799415478        14117.642050375054        12823.752703287762        11498.921742744529        10147.695606145233        8776.3854803738304        7394.3416592038529        6016.9630073026210        0.0000000000000000     
   2609.2452107012505        2363.8952096744902        3062.1915049994968        4258.4458549075271        5634.5863504586068        7073.9806175389795        8530.7088030699288        9982.5781082489320        11416.762519360957        12824.838012434455        14200.813243655333        15540.247222831304        16839.806090081234        18097.012658420779        19310.086400322980        20477.828571483900        21599.531565354308        22674.902645453509        23703.997387922416        24687.160625778954        25624.973830776209        26518.208369278425        27367.784257134619        28174.734083503183        28940.171760611844        29665.265728009708        30351.216215586504        30999.236157037805        31610.535345930701        32186.307438562202        32727.719428778608        33235.903247030386        33711.949166641738        34156.900732497299        34571.750959505152        34957.439579152277        35314.851141478190        35644.813806410530        35948.098682426709        36225.419591885249        36477.433161187022        36704.739150333371        36907.880950640843        37087.346191572389        37243.567408077615        37376.922728724203        37487.736552459013        37576.280188260949        37642.772437419626        37687.380102860618        37710.218413992581        37711.351359111941        37690.791920592477        37648.502211031431        37584.393511325958        37498.326214424858        37390.109681337934        37259.502018994237        37106.209792821101        36929.887690573472        36730.138158086134        36506.511032362054        36258.503202866312        35985.558338187358        35687.066722482676        35362.365254465905        35010.737671242539        34631.415070171541        34223.576814217318        33786.351920029476        33318.821043275668        32820.019192531079        32288.939321198141        31724.536966308784        31125.736123352181        30491.436567066332        29820.522848898727        29111.875221947779        28364.382762962374        27576.958977779217        26748.560191065520        25878.207033686696        24965.009352996185        24008.194886814970        23007.142069234218        21961.417392158637        20870.817862276330        19735.419328845335        18555.631928247018        17332.264821387955        16066.604242107618        14760.512574576944        13416.563808354516        12038.247094502180        10630.307219472683        9199.3809648273564        7755.3277332665139        6314.3615145522635        0.0000000000000000     
   2741.9618204180210        2476.0382254919214        3203.8900072380361        4458.0172630024435        5901.4609545756166        7410.4879427327132        8936.2967119790464        10455.222591273530        11953.552884969016        13422.287197190259        14855.059628623851        16247.204509528779        17595.282235901999        18896.806309682095        20150.064677584480        21353.988459802938        22508.046691906013        23612.157151919666        24666.608624799283        25671.992394494082        26629.141842830883        27539.079480335040        28402.970882239646        29222.085024654607        29997.760495105391        30731.377027405008        31424.331798938667        32078.019933133321        32693.818669903649        33273.074698789314        33817.094189424308        34327.135098336184        34804.401376947593        35250.038750854961        35665.131783464683        36050.701976913719        36407.706699359413        36737.038759991148        37039.526481521090        37315.934144630162        37566.962700150281        37793.250662976570        37995.375117161595        38173.852774687803        38329.141041365285        38461.639052460887        38571.688648305331        38659.575266493732        38725.528732611921        38769.723935882670        38792.281379906060        38793.267601922285        38772.695456894755        38730.524265322354        38666.659826164032        38580.954298707875        38473.205959750507        38343.158845182930        38190.502288114505        38014.870369126707        37815.841298253203        37592.936752964757        37345.621201934497        37073.301250823155        36775.325053910681        36450.981844278678        36099.501645586985        35720.055240458547        35311.754484250669        34873.653068692060        34404.747857617200        33903.980936891887        33370.242542594038        32802.375055490309        32199.178275619790        31559.416218011349        30881.825698724580        30165.127008880878        29408.037002407611        28609.284950123772        27767.631538019243        26881.891411154411        25950.959687766630        24973.842894487731        23949.694810988422        22877.857776890833        21757.910136547092        20589.720738129738        19373.511878406469        18109.933022559257        16800.149494156489        15445.954101512625        14049.917494628386        12615.609936834935        11147.965585271319        9653.9539373860935        8143.9718016024071        6635.1054028415492        0.0000000000000000     
   2885.6367643960716        2596.2934506459228        3355.3413467064570        4671.7933044215351        6187.8043574673966        7771.7716613652219        9371.6939215378843        10962.269128936836        12528.802965145887        14061.667567985898        15554.103595820139        17001.226796593717        18399.517115344239        19746.518104743180        21040.635039784469        22280.983285844428        23467.265136878636        24599.665139222885        25678.759242274009        26705.435497188428        27680.825036839684        28606.242453941246        29483.134804648587        30313.038472679586        31097.543113066906        31838.261888238299        32536.807222750191        33194.771336672122        33813.710867046226        34395.134946614024        34940.496174056112        35451.183976217879        35928.519927164023        36373.754649374634        36788.065977740356        37172.558116641565        37528.261564161192        37856.133615553983        38157.059290835721        38431.852559237610        38681.257756812498        38905.951113209150        39106.542320055487        39283.576086984685        39437.533642528884        39568.834146276546        39677.835986179591        39764.837941000362        39830.080192862930        39873.745178941295        39895.958274672208        39896.788303693334        39876.247872128137        39834.293527003967        39770.825740623615        39685.688724731561        39578.670080440374        39449.500292224766        39297.852076970034        39123.339602205364        38925.517591393989        38703.880338641538        38457.860660581129        38186.828819678500        37890.091460965821        37566.890613471733        37216.402818592775        36837.738460584485        36429.941389481326        35991.988944317913        35522.792504737889        35021.198722118483        34485.991607327916        33915.895681199399        33309.580425660868        32665.666307970543        31982.732687268712        31259.327951089163        30493.982268855623        29685.223388942832        28831.595944969940        27931.684775479705        26984.142800051879        25987.724037514530        24941.322405891726        23844.017024761331        22695.124879591895        21494.261964064179        20241.414506853529        18937.022845696978        17582.082408260467        16178.270102135182        14728.112431574196        13235.229044155789        11704.725123400767        10143.903065940396        8563.7221514378962        6982.1997773506801        0.0000000000000000     
   3041.7632392217552        2725.5952006708394        3517.5985223540747        4901.4124337761441        6495.9526229598396        8160.8409927283410        9840.5028281134419        11507.806366285078        13146.968668194751        14747.681376728231        16302.778295418981        17807.173387164825        19257.305434808539        20650.803030751646        21986.253545335490        23263.026164765706        24481.126858569314        25641.075212198928        26743.798367990956        27790.539599057363        28782.779958961120        29722.171772708549        30610.482820324884        31449.550077278072        32241.241886229796        32987.427466586174        33689.952725757525        34350.621414001478        34971.180755774440        35553.310787474271        36098.616728505011        36608.623805529372        37084.774035881863        37528.424553886944        37940.847132663002        38323.228613925443        38676.672009779410        39002.198084198739        39300.747258632560        39573.181716803840        39820.287609087973        40042.777277651701        40241.291440490444        40416.401286244763        40568.610442746409        40698.356791107399        40806.014104223163        40891.893494153628        40956.244657262912        40999.256909485535        41021.060006852531        41021.724748636450        41001.263362315185        40959.629671150855        40896.719046659404        40812.368149728150        40706.354465740209        40578.395640903880        40428.148629186908        40255.208661951627        40059.108055724057        39839.314877671684        39595.231493492320        39326.193028737405        39031.465782338979        38710.245640538815        38361.656550817999        37984.749129106225        37578.499489846363        37141.808407744909        36673.500942599254        36172.326684782471        35636.960809068209        35066.006158699056        34457.996620034944        33811.402090709118        33124.635390725212        32396.061515905069        31624.009685909037        30806.788693956456        29942.706121716481        29030.092040419819        28067.327879003133        27052.881205312238        25985.347244748071        24863.498068110381        23686.340547852324        22453.184469553853        21163.722710266971        19818.126391229926        18417.159860628548        16962.324291002114        15456.046879032316        13901.950497018584        12305.279627562419        10673.658896188075        9018.6285610156810        7359.1957612644746        0.0000000000000000     
   3212.1233870308474        2865.0228812256832        3691.8649485034271        5148.7798676100565        6828.6453424873125        8581.2318688837604        10346.949272654436        12096.611656824505        13813.227840349155        15485.756428820781        17106.620770853624        18670.565881675284        20174.048256903956        21614.857429142594        22991.848163801740        24304.732010828637        25553.905713247310        26740.306220784805        27865.287271508263        28930.514651481324        29937.878063412667        30889.417815167337        31787.264629952897        32633.590932217539        33430.572032660632        34180.355735403842        34885.039015878661        35546.650559353067        36167.138097076720        36748.359621533047        37292.077698451001        37799.956217499137        38273.559034208498        38714.350052203612        39123.694377701664        39502.860248441815        39853.021497992202        40175.260365118258        40470.570497947178        40739.860035311140        40983.954674066015        41203.600652395711        41399.467596025584        41572.151187650321        41722.175630385762        41849.995884226388        41955.999660788228        42040.509166420212        42103.782587388792        42146.015313544201        42167.340898879389        42167.831758877481        42147.499605670404        42106.295622935620        42044.110383266401        41960.773511580403        41856.053099095931        41729.654873623098        41581.221133512394        41410.329454711777        41216.491183160644        40999.149728367003        40757.678678676595        40491.379764679696        40199.480704683003        39881.132975505454        39535.409563388959        39161.302763940781        38757.722117176723        38323.492584386047        37857.353098184823        37357.955646269977        36823.865083519340        36253.559906640250        35645.434270894097        34997.801579716106        34308.900035316350        33576.900601368521        32799.917897216241        31976.024616038103        31103.270136530566        30179.704078747211        29203.405640811412        28172.519647824261        27085.300355674121        25940.164197504262        24735.752871936565        23471.008511826083        22145.263259666328        20758.346647050148        19310.716217035017        17803.620884177180        16239.314945083641        14621.358985904979        12955.086139221252        11248.416028361660        9513.4766421994282        7770.3191963507916        0.0000000000000000     
   3398.8615558891320        3015.8275719061385        3879.5188596698736        5416.1246934723076        7189.1193880519313        9037.1303673276925        10896.025182586001        12734.301810439687        14533.629020549472        16282.184707192589        17971.994693261950        19597.691638666191        21155.835890206123        22644.481664540312        24062.862740614517        25411.145032640048        26690.223059906646        27901.549614120479        29046.992973210614        30128.718007624968        31149.088273549591        32110.586471758288        33015.750802325783        33867.124891113199        34667.219140302070        35418.481561862849        36123.276376934860        36783.868891410748        37402.415376963014        37980.956889427049        38521.416138385393        39025.596681184252        39495.183851544251        39931.746948695378        40336.742309536741        40711.516965963594        41057.312654529116        41375.269998226380        41666.432722400365        41931.751800415368        42172.089451251748        42388.222932000259        42580.848084363679        42750.582606676566        42897.969032369292        43023.477402845667        43127.507627916806        43210.391530643086        43272.394576010789        43313.717284579114        43334.496333293348        43334.805346253728        43314.655378506512        43273.995096016806        43212.710655006827        43130.625283909794        43027.498571404736        42903.025464474587        42756.834981287320        42588.488645076162        42397.478647243151        42183.225750814876        41945.076949353759        41682.302901728559        41394.095170073284        41079.563297168876        40737.731770779494        40367.536936642151        39967.823939388058        39537.343792277825        39074.750702928715        38578.599813918219        38047.345555002910        37479.340848421212        36872.837461021962        36225.987857322929        35536.848976415735        34803.388433010812        34023.493728699483        33194.985153311696        32315.633157648350        31383.181087852605        30395.374289511135        29349.996720284133        28244.916362845164        27078.140924240386        25847.885579700829        24552.654935714432        23191.342074529202        21763.348743152244        20268.732957028475        18708.394556949359        17084.317972046596        15399.910292313392        13660.516153238766        11874.298104394329        10053.958807000246        8220.6370604621734        0.0000000000000000     
   3604.5809545458433        3179.4633836069734        4082.1411888381349        5706.0729481345470        7581.2313954432484        9533.5336616912937        11493.672620614376        13427.524598254964        15315.276779115380        17144.291154173028        18906.235804453754        20595.722478393134        22209.539246444780        23746.145584921633        25205.299336348093        26587.761425766934        27895.054492239669        29129.263770038979        30292.873391252491        31388.633160602774        32419.451605013979        33388.311481776393        34298.204232742763        35152.080191483044        35952.811698949634        36703.166646604812        37405.790324695801        38063.193791385042        38677.747285297832        39251.677474496486        39787.067567677223        40285.859509951748        40749.857648952173        41180.733390994232        41580.030475687083        41949.170584596264        42289.459068941447        42602.090636016663        42888.154876795015        43148.641550333195        43384.445566044895        43596.371624246953        43785.138489881450        43951.382885018516        44095.662993479687        44218.461576354159        44320.188700835854        44401.184087106725        44461.719079260452        44501.998246763113        44522.160622891715        44522.280586146524        44502.368389935662        44462.370344998511        44402.168658170194        44321.580930289623        44220.359315413334        44098.189343117978        43954.688405666246        43789.403912305417        43601.811114115539        43391.310604809907        43157.225505937553        42898.798349315584        42615.187675554618        42305.464375631411        41968.607813077542        41603.501778053935        41208.930342024592        40783.573703686670        40326.004144120401        39834.682242748662        39307.953546678495        38744.045935415757        38141.067981877073        37497.008680069353        36809.738990606093        36077.015747968930        35296.488578364508        34465.710594120930        33582.153759610526        32643.229964800877        31646.318997164199        30588.804775423981        29468.121410409640        28281.810911578930        27027.594705147789        25703.461648780209        24307.776058640604        22839.410667435146        21297.911916146073        19683.709616017251        17998.392206694461        16245.088360912207        14429.040329863559        12558.564732060635        10646.893603248662        8716.2749598697410        0.0000000000000000     
   3832.4728757678809        3357.6237957939652        4301.5467220523396        6021.7426743736269        8009.6204786779235        10076.462906123601        12147.023940700969        14184.203956329447        16166.563597268978        18080.639143156230        19917.823341821619        21672.849185935109        23342.908209554476        24927.054013597495        26425.755492712316        27840.543605166848        29173.726166203058        30428.157102823228        31607.051271365115        32713.837825028630        33752.046033200560        34725.218091753966        35636.844058035320        36490.314648844549        37288.888243985042        38035.669017075154        38733.593647965965        39385.424544307731        39993.747908465957        40560.975330904686        41089.347876858468        41580.941866111236        42037.675733222444        42461.317504748877        42853.492547524322        43215.691333741990        43549.277039463421        43855.492847468115        44135.468866536416        44390.228610144353        44620.695000415049        44827.695879822364        45011.969025009312        45174.166665286684        45314.859513795112        45434.540322626905        45533.626974939412        45612.465127658477        45671.330418079837        45710.430246771466        45729.905147846330        45729.829756058592        45710.213378393164        45671.000175963083        45612.068960185570        45533.232605451507        45434.237078912593        45314.760086669325        45174.409334649077        45012.720401931627        44829.154224354163        44623.094187086106        44393.842826728003        44140.618146636858        43862.549553955876        43558.673433658005        43227.928384320840        42869.150152973183        42481.066322956307        42062.290830233258        41611.318411025022        41126.519118273638        40606.133087606089        40048.265786698925        39450.884046801242        38811.813253240769        38128.736164487018        37399.193938004719        36620.590066560362        35790.198071253413        34905.173957383508        33962.574616474936        32959.383553688778        31892.545539212777        30759.012037215867        29555.799582979751        28280.063709393908        26929.191662474615        25500.918159278142        23993.470128202272        22405.749283413130        20737.566627650973        18989.952978682311        17165.590189847320        15269.453900819721        13309.872056741244        11300.509421484270        9264.7046374538804        0.0000000000000000     
   4086.4919985110564        3552.2823720258270        4539.8176401694091        6366.8700934561721        8479.9285603181215        10673.249231415954        12864.718837852573        15013.856310887064        17097.460813787020        19101.279987569371        21016.580193998841        22838.430994486207        24564.673777105305        26195.207660823096        27731.451277397955        29175.920890850335        30531.896074226574        31803.155936472242        32993.773592260506        34107.958744434094        35149.939612006201        36123.876577867049        37033.801011344287        37883.573753806260        38676.858713964444        39417.107877826027        40107.554782600244        40751.214132265122        41350.885751375667        41909.161494345986        42428.434063262008        42910.906951888763        43358.604939641533        43773.384718152243        44156.945354301599        44510.838385200550        44836.477409114901        45135.147086968893        45408.011505991402        45656.121883540611        45880.423607698882        46081.762623832838        46260.891184470136        46418.472984707099        46555.087707805505        46671.235006321251        46767.337943531878        46843.745918462322        46900.737095727141        46938.520358915550        46957.236803495296        46956.960782313297        46937.700513812124        46899.398260125381        46841.930079320671        46765.105153274068        46668.664690043071        46552.280397212729        46415.552520602178        46258.007441029142        46079.094820666905        45878.184290051671        45654.561667222348        45407.424702070784        45135.878342098935        44838.929520863006        44515.481477994806        44164.327630521831        43784.145030126725        43373.487461041310        42930.778259733859        42454.302971918856        41942.202006448919        41392.463501317026        40802.916686486737        40171.226113876452        39494.887228842628        38771.223882038750        37997.388527262025        37170.366020903566        36286.982132250698        35343.918091079191        34337.732740273852        33264.894130329965        32121.822701371588        30904.948575777529        29610.785991735796        28236.028662079952        26777.671054238133        25233.162623738259        23600.605543011738        21879.012658210766        20068.653781597313        18171.540815964672        16192.150673862378        14138.601819747819        12024.814475836652        9875.1287147172316        0.0000000000000000     
   4371.5980505074558        3765.7354009204478        4799.3372828791507        6745.9813647202755        8999.1052889396942        11332.924493017053        13657.327910000224        15928.001379719548        18119.884005072683        20218.054086070024        22213.903003501473        24103.156725984860        25884.647918679944        27559.452163382870        29130.238669111171        30600.769758037051        31975.514302534535        33259.352245946517        34457.352602567305        35574.610333282602        36616.129763665849        37586.744211428340        38491.063311374412        39333.441156484376        40117.959790899367        40848.423786893429        41528.362622449975        42161.038369171300        42749.456827830247        43296.380738003951        43804.344064482473        44275.666649191931        44712.468732468253        45116.685007532396        45490.077989732985        45834.250567658251        46150.657664477352        46440.616980959392        46705.318821208304        46945.835021793871        47163.127017331302        47358.053082671540        47531.374795206408        47683.762761474100        47815.801651084272        47927.994578562400        48020.766870467094        48094.469251369366        48149.380478214815        48185.709448368085        48203.596802364977        48203.116038140710        48184.274149305820        48147.011795936021        48091.203012349972        48016.654452490788        47923.104169827340        47810.219925183250        47677.597012632083        47524.755590639819        47351.137503085280        47156.102572786127        46938.924348892673        46698.785289234722        46434.771359758692        46145.866036013911        45830.943696812421        45488.762408433715        45117.956110008367        44717.026228169627        44284.332773164504        43818.085001149804        43316.331770499259        42776.951776133843        42197.643918033682        41575.918151375932        40909.087279510233        40194.260290511120        39428.338006214435        38608.012011517283        37729.768062150448        36789.895430621757        35784.503941388997        34709.550768037363        33560.879425164028        32334.273812481726        31025.530724487311        29630.555065930595        28145.483379271624        26566.843674915050        24891.763787381286        23118.248011927073        21245.555350971339        19274.738267674438        17209.453367824779        15057.277249363678        12832.083096072663        10559.002320184103        0.0000000000000000     
   4694.0949267312581        4000.6399730312141        5082.8197543367642        7164.6339192463929        9575.8405376090432        12066.764797409167        14537.925115090371        16940.698378976762        19248.150795313421        21444.950209461251        23523.020096865937        25479.209987730519        27313.810804677156        29029.504204504836        30630.582862982130        32122.364588298107        33510.754853081846        34801.925495874973        36002.084207888656        37117.314128966798        38153.466722937315        39116.094425603485        40010.412417717511        40841.281278433897        41613.204242589200        42330.334358607914        42996.488076411537        43615.162743569635        44189.556207511399        44722.587260131324        45216.916059250085        45674.963952274695        46098.932337359824        46490.820346908891        46852.441243099391        47185.437487195064        47491.294492670488        47771.353103282912        48026.820856103324        48258.782099776261        48468.207042546695        48655.959804776889        48822.805548142518        48969.416749417636        49096.378681414157        49204.194157706537        49293.287591565735        49364.008413259493        49416.633883680421        49451.371336217693        49468.359872930145        49467.671535422473        49449.311965369052        49413.220564357223        49359.270157619612        49287.266161274973        49196.945247891301        49087.973500521075        48959.944040852177        48812.374112806203        48644.701598858999        48456.280942663820        48246.378448374067        48014.166924612153        47758.719639615716        47479.003554132709        47173.871800688124        46842.055382654922        46482.154075097613        46092.626522883758        45671.779551683823        45217.756736235751        44728.526310162109        44201.868555766821        43635.362884262373        43026.374911004619        42372.043951205211        41669.271514107917        40914.711562360491        40104.763531964149        39235.569378616216        38303.016227667002        37302.746553416306        36230.178193418957        35080.536912553413        33848.904683758839        32530.287404401734        31119.706568115165        29612.320785305168        28003.585618626519        26289.465097321845        24466.717429046374        22533.294207346811        20488.923313929241        18336.005749766420        16081.087404778395        13737.499408286432        11330.750177341582        0.0000000000000000     
   5062.1160579360821        4260.0323517554361        5393.3274238318718        7629.7691168178280        10221.194914701226        12889.060709278900        15522.869692192144        18069.247566297472        20499.550344769352        22798.525556609922        24959.268711064247        26980.423854248489        28864.368751203048        30615.938595600033        32241.501372632407        33748.287395712556        35143.910152344230        36436.032089871791        37632.139219200137        38739.396142663660        39764.559413645053        40713.932320651998        41593.348384568497        42408.174176859589        43163.324634554527        43863.285996296814        44512.142937190358        45113.607548253938        45671.048580567338        46187.519928193251        46665.787715099061        47108.355623444753        47517.488286707623        47895.232695619030        48243.437645725811        48563.771305589689        48857.737013605423        49126.687425875542        49371.837142307304        49594.273936460515        49794.968709023407        49974.784276748876        50134.483099348065        50274.734036947462        50396.118220746546        50499.134109760897        50584.201797171641        50651.666620911587        50701.802124726855        50734.812408051352        50750.833895582538        50749.936550402555        50732.124547788204        50697.336420438456        50645.444679657390        50576.254911007636        50489.504337047663        50384.859833943272        50261.915382979918        50120.188932287558        49959.118638447573        49778.058452137637        49576.273006684976        49352.931763509274        49107.102364192804        48837.743135677498        48543.694693368576        48223.670587427012        47876.246941216028        47499.851039021130        47092.748834485610        46653.031373924729        46178.600162657400        45667.151551343792        45116.160287517021        44522.862470446475        43884.238271442337        43196.994943643826        42457.550852318025        41662.021515054759        40806.208955066977        39885.596039952281        38895.347896119143        37830.322941143386        36685.096542250860        35454.000773474334        34131.184225512894        32710.696437647312        31186.602606797926        29553.136550026047        27804.904971664211        25937.166658207334        23946.230983033212        21830.059178213582        19589.225358041069        17228.542990004727        14760.013947645019        12208.766841719944        0.0000000000000000     
   5486.3345798831042        4547.2929405215982        5734.2634220868504        8150.2526235593305        10949.546724594808        13818.228950714953        16632.883181267109        19335.106148235682        21895.041116450244        24298.380015376068        26540.371558457406        28622.399600442139        30549.757331242879        32330.113684419244        33972.442500847013        35486.282486702374        36881.238163026792        38166.655615744115        39351.423183035891        40443.859696903033        41451.662657911678        42381.896286797688        43241.005147341406        44034.843319344203        44768.712233692138        45447.402534881461        46075.236932626700        46656.112118677825        47193.538591753422        47690.677752577452        48150.375975690527        48575.195587950417        48967.442823255202        49329.192905752323        49662.312458377019        49968.479453016735        50249.200921900483        50505.828643086264        50739.573000301963        50951.515201634029        51142.618024449890        51313.735236623645        51465.619827305200        51598.931164527967        51714.241182081962        51812.039684358278        51892.738845277825        51956.676965886421        52004.121544631394        52035.271704620165        52050.260013179250        52049.153720662340        52031.955437581346        51998.603261643548        51948.970359061852        51882.863997469220        51800.024020818193        51700.120749704256        51582.752283549366        51447.441173965133        51293.630431357567        51120.678819428926        50927.855384721195        50714.333160817514        50479.181979446636        50221.360313790865        49939.706073203473        49632.926263908303        49299.585427965809        48938.092774078301        48546.687920378135        48123.425183511536        47666.156373192527        47172.512091039098        46639.881592181438        46065.391354504653        45445.882621596400        44777.888351084694        44057.610220635244        43280.896629960691        42443.222997269295        41539.676085783343        40564.944603159129        39513.318870371324        38378.702911879605        37154.642810631347        35834.375535864296        34410.902693117772        32877.093994493262        31225.826475294321        29450.169463490001        27543.635885217864        25500.544693473094        23316.588970101471        20989.800053208754        18522.282242534569        15923.486256734273        13216.832946482802        0.0000000000000000     
   5981.0283808447084        4865.9838681440797        6109.3220240024357        8737.7493144137534        11780.059196004597        14878.444383828035        17894.539379722817        20765.072795366264        23460.081955542588        25967.659354370440        28286.673578720929        30422.547904632349        32384.552207341589        34184.004650809438        35833.080262446536        37344.039917777620        38728.751488225113        39998.411470829007        41163.401385348763        42233.232387610275        43216.545671661421        44121.146487178688        44954.056909380197        45721.577619937190        46429.352485929601        47082.432116733347        47685.334175280368        48242.099266413228        48756.341895964470        49231.296412172516        49669.858090751630        50074.619664271733        50447.903664702681        50791.790971367634        51108.145952623665        51398.638569836694        51664.763784079107        51907.858574175247        52129.116842171963        52329.602450746424        52510.260607439988        52671.927783381412        52815.340329487466        52941.141930962076        53049.890021105894        53142.061257791065        53218.056150215045        53278.202909483392        53322.760583950942        53351.921528849292        53365.813249340121        53364.499646562821        53347.981687315681        53316.197509555132        53269.021967766283        53206.265614305754        53127.673104914524        53032.921008617734        52921.614994058233        52793.286355846714        52647.387835665679        52483.288683568113        52300.268895124369        52097.512549796738        51874.100165220167        51628.999971098005        51361.057995459945        51068.986845543812        50751.353056274587        50406.562872305287        50032.846326438179        49628.239480214710        49190.564704718490        48717.408905542310        48206.099641341665        47653.679158274295        47056.876473051532        46412.077797989448        45715.295827483948        44962.138713525877        44147.779964509427        43266.931018093892        42313.818863999244        41282.171799995027        40165.217125363044        38955.695181463416        37645.894441739270        36227.712106345032        34692.743765293038        33032.404580308423        31238.084914565068        29301.350218622239        27214.218576863535        24969.608778768019        22562.179138959014        19990.026408784597        17258.203687073808        14386.150498052666        0.0000000000000000     
   6565.7222725897554        5219.3959714526509        6522.3872607233379        9408.2277631798352        12739.024783790335        16102.067953155163        19342.320193528922        22392.786656970526        25225.571699679367        27833.527320914018        30221.269280545715        32399.988304283943        34384.235493936649        36189.905922058468        37832.999078762121        39328.890758802925        40691.938647316463        41935.301027131885        43070.887446827081        44109.387583536729        45060.343377171594        45932.242268981820        46732.617868713533        47468.149931725726        48144.759100421441        48767.694116199462        49341.610592620476        49870.641263271224        50358.458082098507        50808.326793314467        51223.154689187926        51605.532292995566        51957.769676618555        52281.928069964801        52579.847356224353        52853.169981068349        53103.361739935826        53331.729847982264        53539.438643213369        53727.523225113968        53896.901288559864        54048.383375573590        54182.681735043974        54300.417952318923        54402.129486061502        54488.275228415325        54559.240185889357        54615.339362020015        54656.820908424983        54683.868597991233        54696.603662343812        54695.086025155964        54679.314953048764        54649.229136571033        54604.706204854658        54545.561668816546        54471.547279057508        54382.348775720246        54277.582998354126        54156.794314136379        54019.450312468827        53864.936702861989        53692.551341008089        53501.497294926812        53290.874848975320        53059.672328351284        52806.755610575507        52530.856173576380        52230.557512884538        51904.279743899329        51550.262190510810        51166.543750552002        50750.940824608770        50301.022601991128        49814.083522417714        49287.112782934048        48716.760848777427        48099.303070330971        47430.600726607605        46706.060134126128        45920.590907058227        45068.565057544802        44143.779400846681        43139.424666052153        42048.065735634402        40861.638361760226        39571.468175384318        38168.317232011163        36642.460960444187        34983.793595967800        33181.953620020664        31226.456797779319        29106.836237009451        26812.846285042244        24334.946172355310        21665.631272693656        18802.871421463562        15758.308022880801        0.0000000000000000     
   7267.8004257754919        5609.4389009882743        6977.4324130503301        10184.710273195928        13863.715318487248        17533.282294167726        21021.411643442756        24260.543834806791        27228.808400575890        29927.486746905870        32369.905891697781        34575.213454514764        36564.749292042485        38359.956907659776        39981.240160089787        41447.398799461225        42775.410662817500        43980.413779820527        45075.797007730704        46073.343523341318        46983.394218355366        47815.012260560587        48576.138813590056        49273.735152855152        49913.909477694739        50502.028436345761        51042.814280683146        51540.428983195161        51998.546784251732        52420.416618472867        52808.915770102365        53166.595973019212        53495.723026695101        53798.310858845427        54076.150835666704        54330.837004331377        54563.787850467335        54776.265065105545        54969.389739858845        55144.156344481627        55301.444786008367        55442.030802006491        55566.594900858763        55675.730028311038        55769.948110821992        55849.685601707737        55915.308134976476        55967.114373496588        56005.339122216836        56030.155763120158        56041.678056061159        56039.961338281333        56025.003144922521        55996.743263007265        55955.063221886463        55899.785213846153        55830.670429207799        55747.416780638217        55649.655981306147        55536.949930768860        55408.786350834460        55264.573600903175        55103.634588221590        54925.199672865485        54728.398449888620        54512.250271752688        54275.653352760921        54017.372273729598        53736.023679690814        53430.059936447564        53097.750484145537        52737.160599191295        52346.127252326078        51922.231734405432        51462.768718500200        50964.711446398775        50424.672782733418        49838.861989746365        49203.037266528983        48512.454403786352        47761.812373889392        46945.197359040299        46056.027670407799        45087.003259950608        44030.065041620670        42876.370838751762        41616.295986884536        40239.466467219419        38734.829197260398        37090.755217874903        35295.154352541809        33335.554710198936        31199.078264515760        28872.263576032674        26340.842951214163        23590.053707135197        20607.125964532377        17389.645094722277        0.0000000000000000     
   8126.8123064586607        6034.0314990373572        7478.7484296279699        11102.588992120887        15208.833165673215        19233.505012461686        22991.374875851427        26421.315426989331        29514.255892080622        32285.334436970497        34760.486283110513        36969.391700070271        38941.754314226084        40705.442973641526        42285.685018869779        43704.839142426834        44982.472227437327        46135.581440510177        47178.872564278332        48125.046650393328        48985.070870779564        49768.422902628357        50483.305547098760        51136.832112963246        51735.184918773310        52283.749976888663        52787.231040059800        53249.746013248601        53674.908426120805        54065.896315175363        54425.510525182130        54756.224129271221        55060.224393922181        55339.448480358515        55595.613875060160        55830.244375354596        56044.692317001522        56240.157615151351        56417.704094220389        56578.273502758915        56722.697543448376        56851.708193560095        56965.946545549610        57065.970359295963        57152.260485463994        57225.226292444990        57285.210206388452        57332.491454210212        57367.289082506286        57389.764310488048        57400.022261925144        57398.113109255537        57384.032652156930        57357.722342673740        57319.068759186222        57267.902521839700        57203.996632277893        57127.064210404293        57036.755590181157        56932.654724912849        56814.274839773047        56681.053255232655        56532.345289205870        56367.417127813475        56185.437534296507        55985.468242414485        55766.452854249212        55527.204032352944        55266.388742362062        54982.511264448571        54673.893650516999        54338.653259621686        53974.676958296222        53579.591528353951        53150.729787394383        52685.091905185829        52179.301405683895        51629.555400337791        51031.568734590139        50380.511991517182        49670.943748669917        48896.738213119388        48051.010474114264        47126.043230478877        46113.221056991933        45002.981023886379        43784.791380135612        42447.171888926641        40977.767605885463        39363.477240104483        37590.609157070088        35644.981742246280        33511.795691534244        31175.013209598106        28616.011232062596        25811.768678510478        22734.438583312243        19357.693011724114        0.0000000000000000     
   9201.8657442053391        6480.9927049648750        8032.8840948580182        12220.362785085808        16857.386235862119        21289.234291087578        25330.615869771464        28940.584001178944        32133.690833536086        34946.397612219771        37421.923909944402        39603.153320812344        41529.507978018497        43235.831621666272        44752.263507737975        46104.566051924696        47314.626954255364        48400.996031616574        49379.391598823320        50263.150229248873        51063.613340605720        51790.453296651613        52451.945539416833        53055.194354676802        53606.319661016118        54110.611450554468        54572.657577152502        54996.449667647750        55385.471101694762        55742.770291769069        56071.021897120605        56372.578113119111        56649.511775911116        56903.652696731617        57136.618377012826        57349.840042893928        57544.584766067892        57721.974299074638        57883.001140659537        58028.542255430162        58159.370797572643        58276.166127484241        58379.522360165407        58469.955642953195        58547.910325956902        58613.764159997758        58667.832632846461        58710.372534197202        58741.584822373719        58761.616850630438        58770.563997580859        58768.470734329909        58755.331149937869        58731.088946575655        58695.636905848776        58648.815817995019        58590.412855730290        58520.159364158768        58437.728027099460        58342.729358113545        58234.707451118986        58113.134910388748        57977.406862539996        57826.833933366790        57660.634049530207        57477.922898600496        57277.702850096524        57058.850104274192        56820.099793743240        56560.028714834596        56277.035310422514        55969.316463368290        55634.840590247673        55271.316450017090        54876.157005135203        54446.437599936660        53978.847664459630        53469.635131387578        52914.542802033473        52308.736066746053        51646.721757277752        50922.258606677693        50128.260994998418        49256.699611050986        48298.505661836898        47243.489598828230        46080.291060338546        44796.383130345326        43378.158364353309        41811.119165279146        40080.165175175178        38169.885480574143        36064.578788481871        33747.405679722455        31197.706231979264        28385.579479451066        25264.698490720701        21770.537827391741        0.0000000000000000     
   10584.964058409552        6913.5265037170366        8657.5222908957548        13641.818554369213        18938.685403631858        23822.683003836777        28140.967179214367        31897.093346535006        35144.972116400313        37951.532514160623        40382.040914838741        42494.701158805350        44339.295845424880        45957.529815445865        47383.998063557992        48647.292134662261        49771.041003291350        50774.814592272865        51674.877409853158        52484.804145339855        53215.977113119625        53877.986264991530        54478.950446211624        55025.775659466657        55524.363196195867        55979.777930320037        56396.384933248504        56777.960843938046        57127.785058623929        57448.714728527986        57743.246711792432        58013.568968261490        58261.603372009777        58489.041514555734        58697.374756382516        58887.919536245478        59061.838751746807        59220.159869228286        59363.790297246203        59493.530458866808        59610.084918430293        59714.071854145426        59806.031115681959        59886.431063307624        59955.674350101915        60014.102779807894        60062.001348723854        60099.601559697214        60127.084078968932        60144.580791677930        60152.176298736660        60149.908886082747        60137.770986610092        60115.709145053203        60083.623486427750        60041.366679036466        59988.742373247114        59925.503086953846        59851.347497544601        59765.917087985181        59668.792080929816        59559.486579162134        59437.442812668953        59302.024371692947        59152.508280526723        58988.075737818712        58807.801314842225        58610.640362461505        58395.414329190826        58160.793635416514        57905.277681068874        57627.171484334933        57324.558356148373        56995.267908548776        56636.838575236710        56246.473692947948        55820.990060365912        55356.757772911798        54849.630056260685        54294.861841046360        53687.016025709447        53019.856914066637        52286.231433901638        51477.940829966763        50585.609165369446        49598.560984933654        48504.729899475846        47290.633443477251        45941.466656350065        44441.381792484826        42774.015470133971        40923.247888894635        38873.921981374253        36611.618306424803        34119.364943320848        31367.616342225869        28294.175209946570        24779.663859212560        0.0000000000000000     
   12426.767223390530        7234.8463503450776        9416.0022217313854        15561.287531379028        21656.315091748518        27004.093004028771        31550.299558988510        35380.726029688332        38608.250347719426        41339.224356647333        43664.198601804594        45657.137000011135        47377.410329820646        48872.400437655349        50179.935358990704        51330.328781577424        52348.008061854227        53252.785188378984        54060.839620645071        54785.476391787510        55437.711710080090        56026.727023882537        56560.222908748459        57044.696509112182        57485.660417417297        57887.816463446878        58255.194588142651        58591.264515551367        58899.026099650764        59181.082847822247        59439.702089357190        59676.864476976945        59894.304916835557        60093.546570084283        60275.929221669954        60442.633043693109        60594.698572159206        60733.043553020158        60858.477185331489        60971.712188097044        61073.375036856996        61164.014651670353        61244.109766311332        61314.075166520401        61374.266950916208        61424.986940045339        61466.486335733491        61498.968713386217        61522.592413358128        61537.472383307475        61543.681511044633        61541.251476315527        61530.173139857019        61510.396478582436        61481.830066598086        61444.340092629980        61397.748895069992        61341.832985941328        61276.320524325260        61200.888187838988        61115.157377218646        61018.689673483699        60910.981449000414        60791.457512379740        60659.463641751659        60514.257830618168        60355.000034043296        60180.740159005945        59990.403989634993        59782.776673756329        59556.483319334395        59309.966155253103        59041.457597422159        58748.948425288116        58430.150112692987        58082.450169114098        57702.859134038197        57287.947636072087        56833.771698665209        56335.784287285082        55788.731029702292        55186.528254033372        54522.122255597293        53787.330516193215        52972.669313769999        52067.179220591723        51058.272726865056        49931.650130045513        48671.365277269280        47260.174635960175        45680.363812295269        43915.269070987182        41951.540697907883        39781.403521151398        37401.830864644129        34802.386491244179        31926.461201340993        28594.446582146800        0.0000000000000000     
   14992.570754177166        7199.3684203096354        10538.960882725270        18349.471803576831        25325.293511472701        31060.416279496108        35708.450638193965        39484.530222032481        42578.083152740772        45139.151635636488        47282.492164271323        49095.043883460072        50642.788526182710        51976.158547797073        53134.070538683860        54146.871346695996        55038.478704679968        55827.940458492485        56530.577701204835        57158.830035085637        57722.886538029670        58231.161411680572        58690.656072046026        59107.237439698431        59485.853800859295        59830.703721720041        60145.369333581395        60432.922337207172        60696.008939810366        60936.918389501152        61157.638638947676        61359.901833805663        61545.221699193797        61714.924430628533        61870.174342811741        62011.995260695730        62141.288430814515        62258.847571305014        62365.371554851721        62461.475121480689        62547.697941376864        62624.512286959012        62692.329524735782        62751.505598259922        62802.345641705295        62845.107837605574        62880.006610856806        62907.215233217321        62926.867897458680        62939.061307401847        62943.855818808530        62941.276156060805        62931.311720396639        62913.916496856924        62889.008558752816        62856.469160111599        62816.141397927786        62767.828416857468        62711.291118939836        62646.245329666519        62572.358358852965        62489.244879822676        62396.462032833108        62293.503637756643        62179.793375935405        62054.676770797727        61917.411759946299        61767.157606365261        61602.961841097771        61423.744861663319        61228.281726437934        61015.180581291890        60782.857026188853        60529.503570489447        60253.053129799555        59951.135277240595        59621.023671272997        59259.572736405149        58863.141274808477        58427.500254063125        57947.721599493118        57418.044534602413        56831.716103778330        56180.803468753060        55455.978357814813        54646.280520484404        53738.880715194115        52718.891142538479        51569.323938348512        50271.395547927896        48805.542907835683        47153.772601089528        45304.228035126318        43258.653423265096        41040.978550431275        38695.573021234282        36238.135965808717        33485.869849849951        0.0000000000000000     
   18815.849124310982        6186.3447078188919        12785.299946035366        22687.934805948276        30402.711933961225        36265.928466688078        40767.948279410724        44286.968455224131        47090.092555651150        49363.019228022051        51235.740681795425        52800.648598382555        54124.601553125511        55256.875164973106        56234.429525373969        57085.444947935983        57831.733633516858        58490.412623546639        59075.083874767530        59596.680128139844        60064.080476668707        60484.564731289109        60864.153257055594        61207.864285770207        61519.910975590465        61803.853929823643        62062.720405972548        62299.098342425546        62515.211152659693        62712.977690312786        62894.060677364505        63059.906080614186        63211.775329371012        63350.771828363766        63477.862891604818        63593.897975258828        63699.623899123275        63795.697601811808        63882.696863051009        63961.129339558873        64031.440192796559        64094.018533043585        64149.202861417602        64197.285657140550        64238.517229635014        64273.108932461131        64301.235817539819        64323.038792677238        64338.626332407672        64348.075781054031        64351.434277214452        64348.719320245807        64339.918991412473        64324.991834919572        64303.866396800207        64276.440412329037        64242.579625043611        64202.116212314701        64154.846783426525        64100.529905991156        64038.883104842258        63969.579263877560        63892.242345090548        63806.442319555506        63711.689181545204        63607.425888173049        63493.020031580170        63367.754006962852        63230.813385395464        63081.273132539747        62918.081229200536        62740.039142468013        62545.778460681904        62333.732833724011        62102.104142122706        61848.821541539633        61571.491678092301        61267.337926917739        60933.125952876042        60565.072213492713        60158.731219786823        59708.856478757763        59209.229191075428        58652.448300373326        58029.676157131638        57330.337583310924        56541.780228940377        55648.928814451232        54634.022276225936        53476.647168142699        52154.547529895499        50646.245364074544        48937.582325033873        47036.058076006899        44998.210146497186        42968.529671766744        41182.151536316844        39725.140812845697        0.0000000000000000     
   25310.482556737912        2884.2108401245196        18141.479357362590        29690.818511062422        37457.869824260728        42886.079582621198        46838.230717838982        49821.430250543264        52142.327238698956        53993.636063263126        55501.233453741690        56750.298012271167        57800.301760447335        58693.921469458779        59462.522915108631        60129.646191080559        60713.286087208144        61227.423645496099        61683.079206400347        62089.051857508981        62452.448608637918        62779.069623338575        63073.693042883220        63340.288561964051        63582.179650714192        63802.168228574446        64002.631520346942        64185.598051487694        64352.807823044852        64505.760362989764        64645.753396149077        64773.914188431248        64891.225121574913        64998.544687338923        65096.624817193922        65186.125258942855        65267.625556851999        65341.635073695637        65408.601402192820        65468.917442804312        65522.927369765530        65570.931663858122        65613.191356021285        65649.931598405194        65681.344657308742        65707.592404427298        65728.808368041078        65745.099393485463        65756.546951895973        65763.208127362159        65765.116304891271        65762.281574669018        65754.690861754629        65742.307784327466        65725.072237704881        65702.899695369415        65675.680211968691        65643.277106464651        65605.525296058506        65562.229242922011        65513.160465781875        65458.054556618823        65396.607628645215        65328.472104671957        65253.251734150173        65170.495701535830        65079.691656830248        64980.257459449509        64871.531376696330        64752.760415053308        64623.086382336456        64481.529176203439        64326.966662619896        64158.110337317121        63973.475741525050        63771.346313573580        63549.728977909050        63306.299272885306        63038.333159343958        62742.621783763650        62415.364332646139        62052.032644767918        61647.199398168290        61194.319488446308        60685.451918837083        60110.907980388998        59458.813062919784        58714.580188049309        57860.328685450142        56874.380190055053        55731.225107491962        54403.029354297010        52865.493649071861        51115.298818901698        49216.947670887290        47416.994848166018        46366.061199452677        47235.641372658130        0.0000000000000000     
   0.0000000000000000        0.0000000000000000        0.0000000000000000        0.0000000000000000        0.0000000000000000        0.0000000000000000        0.0000000000000000        0.0000000000000000        0.0000000000000000        0.0000000000000000        0.0000000000000000        0.0000000000000000        0.0000000000000000        0.0000000000000000        0.0000000000000000        0.0000000000000000        0.0000000000000000        0.0000000000000000        0.0000000000000000        0.0000000000000000        0.0000000000000000        0.0000000000000000        0.0000000000000000        0.0000000000000000        0.0000000000000000        0.0000000000000000        0.0000000000000000        0.0000000000000000        0.0000000000000000        0.0000000000000000        0.0000000000000000        0.0000000000000000        0.0000000000000000        0.0000000000000000        0.0000000000000000        0.0000000000000000        0.0000000000000000        0.0000000000000000        0.0000000000000000        0.0000000000000000        0.0000000000000000        0.0000000000000000        0.0000000000000000        0.0000000000000000        0.0000000000000000        0.0000000000000000        0.0000000000000000        0.0000000000000000        0.0000000000000000        0.0000000000000000        0.0000000000000000        0.0000000000000000        0.0000000000000000        0.0000000000000000        0.0000000000000000        0.0000000000000000        0.0000000000000000        0.0000000000000000        0.0000000000000000        0.0000000000000000        0.0000000000000000        0.0000000000000000        0.0000000000000000        0.0000000000000000        0.0000000000000000        0.0000000000000000        0.0000000000000000        0.0000000000000000        0.0000000000000000        0.0000000000000000        0.0000000000000000        0.0000000000000000        0.0000000000000000        0.0000000000000000        0.0000000000000000        0.0000000000000000        0.0000000000000000        0.0000000000000000        0.0000000000000000        0.0000000000000000        0.0000000000000000        0.0000000000000000        0.0000000000000000        0.0000000000000000        0.0000000000000000        0.0000000000000000        0.0000000000000000        0.0000000000000000        0.0000000000000000        0.0000000000000000        0.0000000000000000        0.0000000000000000        0.0000000000000000        0.0000000000000000        0.0000000000000000        0.0000000000000000        0.0000000000000000        0.0000000000000000        0.0000000000000000     
