   2.0000000000000000        1.0000000000000000        0.0000000000000000     
   2.0120480357296309       0.99801998204381059        9.9999997764825821E-003
   2.0241924536536549       0.99608002979085342        1.9999999552965164E-002
   2.0364336320763075       0.99418021272668999        2.9999999329447746E-002
   2.0487719452376072       0.99232060405628220        3.9999999105930328E-002
   2.0612077630979315       0.99050128075671451        4.9999998882412910E-002
   2.0737414511176646       0.98872232363064982        5.9999998658895493E-002
   2.0863733700318150       0.98698381736053198        6.9999998435378075E-002
   2.0991038756195044       0.98528585056354889        7.9999998211860657E-002
   2.1119333184682256       0.98362851584736921        8.9999997988343239E-002
   2.1248620437327688       0.98201190986666576        9.9999997764825821E-002
   2.1378903908887130       0.98043613338043922       0.10999999754130840     
   2.1510186934803746       0.97890129131015458       0.11999999731779099     
   2.1642472788631100       0.97740749279870354       0.12999999709427357     
   2.1775764679398661       0.97595485127020587       0.13999999687075615     
   2.1910065748918646       0.97454348449066186       0.14999999664723873     
   2.2045379069033166       0.97317351462946899       0.15999999642372131     
   2.2181707638800527       0.97184506832181450       0.16999999620020390     
   2.2319054381619590       0.97055827673195660       0.17999999597668648     
   2.2457422142291028       0.96931327561740566       0.18999999575316906     
   2.2596813684014374       0.96811020539401760       0.19999999552965164     
   2.2737231685319674       0.96694921120201061       0.20999999530613422     
   2.2878678736932598       0.96583044297291665       0.21999999508261681     
   2.3021157338571840       0.96475405549747817       0.22999999485909939     
   2.3164669895677612       0.96372020849450113       0.23999999463558197     
   2.3309218716070026       0.96272906668067415       0.24999999441206455     
   2.3454806006536209       0.96178079984136400       0.25999999418854713     
   2.3601433869344897       0.96087558290239672       0.26999999396502972     
   2.3749104298687316       0.96001359600283309       0.27999999374151230     
   2.3897819177043100       0.95919502456874794       0.28999999351799488     
   2.4047580271470061       0.95842005938802000       0.29999999329447746     
   2.4198389229816542       0.95768889668614132       0.30999999307096004     
   2.4350247576855106       0.95700173820305201       0.31999999284744263     
   2.4503156710336356       0.95635879127100754       0.32999999262392521     
   2.4657117896961602       0.95576026889348409       0.33999999240040779     
   2.4812132268273142       0.95520638982512662       0.34999999217689037     
   2.4968200816460908       0.95469737865274451       0.35999999195337296     
   2.5125324390084232       0.95423346587735802       0.36999999172985554     
   2.5283503689707461       0.95381488799729863       0.37999999150633812     
   2.5442739263448204       0.95344188759236459       0.38999999128282070     
   2.5603031502436933       0.95311471340903275       0.39999999105930328     
   2.5764380636186743       0.95283362044672715       0.40999999083578587     
   2.5926786727872000       0.95259887004514232       0.41999999061226845     
   2.6090249669514667       0.95241072997262000       0.42999999038875103     
   2.6254769177077097       0.95226947451557498       0.43999999016523361     
   2.6420344785460097       0.95217538456896589       0.44999998994171619     
   2.6586975843405032       0.95212874772780520       0.45999998971819878     
   2.6754661508298843       0.95212985837970066       0.46999998949468136     
   2.6923400740880785       0.95217901779841929       0.47999998927116394     
   2.7093192299849749       0.95227653423846415       0.48999998904764652     
   2.7264034736371063       0.95242272303065123       0.49999998882412910     
   2.7435926388481655       0.95261790667867330       0.50999998860061169     
   2.7608865375392506       0.95286241495663448       0.51999998837709427     
   2.7782849591687366       0.95315658500753964       0.52999998815357685     
   2.7957876701416704       0.95350076144271678       0.53999998793005943     
   2.8133944132085906       0.95389529644215354       0.54999998770654202     
   2.8311049068536800       0.95434054985572192       0.55999998748302460     
   2.8489188446721583       0.95483688930526678       0.56999998725950718     
   2.8668358947368291       0.95538469028752804       0.57999998703598976     
   2.8848556989537006       0.95598433627786705       0.58999998681247234     
   2.9029778724066024       0.95663621883476235       0.59999998658895493     
   2.9212020026907273       0.95734073770503836       0.60999998636543751     
   2.9395276492350328       0.95809830092978798       0.61999998614192009     
   2.9579543426134416       0.95890932495094539       0.62999998591840267     
   2.9764815838447909       0.95977423471846457       0.63999998569488525     
   2.9951088436814821       0.96069346379805265       0.64999998547136784     
   3.0138355618867916       0.96166745447940638       0.65999998524785042     
   3.0326611465008155       0.96269665788489434       0.66999998502433300     
   3.0515849730950237       0.96378153407862510       0.67999998480081558     
   3.0706063840154094       0.96492255217583589       0.68999998457729816     
   3.0897246876142326       0.96612019045253328       0.69999998435378075     
   3.1089391574703629       0.96737493645531281       0.70999998413026333     
   3.1282490315982368       0.96868728711127905       0.71999998390674591     
   3.1476535116454616       0.97005774883798379       0.72999998368322849     
   3.1671517620791030       0.97148683765329347       0.73999998345971107     
   3.1867429093607083       0.97297507928509441       0.74999998323619366     
   3.2064260411101357       0.97452300928073521       0.75999998301267624     
   3.2262002052582659       0.97613117311610287       0.76999998278915882     
   3.2460644091886901       0.97780012630422231       0.77999998256564140     
   3.2660176188684886       0.97953043450326227       0.78999998234212399     
   3.2860587579682226       0.98132267362382419       0.79999998211860657     
   3.3061867069712845       0.98317742993538504       0.80999998189508915     
   3.3264003022727695       0.98509530017175650       0.81999998167157173     
   3.3466983352680453       0.98707689163541656       0.82999998144805431     
   3.3670795514312246       0.98912282230056137       0.83999998122453690     
   3.3875426493837595       0.99123372091471851       0.84999998100101948     
   3.4080862799533977       0.99341022709875326       0.85999998077750206     
   3.4287090452237727       0.99565299144509167       0.86999998055398464     
   3.4494094975749108       0.99796267561397567       0.87999998033046722     
   3.4701861387149724        1.0003399524275558       0.88999998010694981     
   3.4910374187035678        1.0027855059616178       0.89999997988343239     
   3.5119617349670129        1.0053000316347300       0.90999997965991497     
   3.5329574313059218        1.0078842362945890       0.91999997943639755     
   3.5540227968955613        1.0105388383013263       0.92999997921288013     
   3.5751560652794243        1.0132645676075356       0.93999997898936272     
   3.5963554133565050        1.0160621658347619       0.94999997876584530     
   3.6176189603628042        1.0189323863461854       0.95999997854232788     
   3.6389447668476147        1.0218759943152211       0.96999997831881046     
   3.6603308336451827        1.0248937667897433       0.97999997809529305     
   3.6817751008423714        1.0279864927516278       0.98999997787177563     
   3.7032754467429965        1.0311549731712983       0.99999997764825821     
   3.7248296868295414        1.0344000210569428        1.0099999774247408     
   3.7464355727230054        1.0377224614980571        1.0199999772012234     
   3.7680907911416721        1.0411231317029555        1.0299999769777060     
   3.7897929628596430        1.0446028810298764        1.0399999767541885     
   3.8115396416660179        1.0481625710112932        1.0499999765306711     
   3.8333283133256546        1.0518030753710266        1.0599999763071537     
   3.8551563945424925        1.0555252800337402        1.0699999760836363     
   3.8770212319264705        1.0593300831263821        1.0799999758601189     
   3.8989201009651309        1.0632183949711194        1.0899999756366014     
   3.9208502050010412        1.0671911380692998        1.0999999754130840     
   3.9428086742162431        1.0712492470759514        1.1099999751895666     
   3.9647925646249718        1.0753936687643160        1.1199999749660492     
   3.9867988570759652        1.0796253619798970        1.1299999747425318     
   4.0088244562657405        1.0839452975834802        1.1399999745190144     
   4.0308661897642715        1.0883544583825684        1.1499999742954969     
   4.0529208070545666        1.0928538390506535        1.1599999740719795     
   4.0749849785877279        1.0974444460337305        1.1699999738484621     
   4.0970552948551093        1.1021272974434360        1.1799999736249447     
   4.1191282654792909        1.1069034229361769        1.1899999734014273     
   4.1412003183256418        1.1117738635775958        1.1999999731779099     
   4.1632677986363147        1.1167396716916960        1.2099999729543924     
   4.1853269681885950        1.1218019106939354        1.2199999727308750     
   4.2073740044795978        1.1269616549075712        1.2299999725073576     
   4.2294049999393897        1.1322199893625231        1.2399999722838402     
   4.2514159611746685        1.1375780095760013        1.2499999720603228     
   4.2734028082452458        1.1430368213141238        1.2599999718368053     
   4.2953613739756227        1.1485975403337298        1.2699999716132879     
   4.3172874033040500        1.1542612921035773        1.2799999713897705     
   4.3391765526715371        1.1600292115040887        1.2899999711662531     
   4.3610243894533598        1.1659024425047977        1.2999999709427357     
   4.3828263914356898        1.1718821378186237        1.3099999707192183     
   4.4045779463400656        1.1779694585320888        1.3199999704957008     
   4.4262743513984892        1.1841655737105687        1.3299999702721834     
   4.4479108129820304        1.1904716599776597        1.3399999700486660     
   4.4694824462858920        1.1968889010677191        1.3499999698251486     
   4.4909842750739788        1.2034184873506304        1.3599999696016312     
   4.5124112314860838        1.2100616153278230        1.3699999693781137     
   4.5337581559108937        1.2168194870985665        1.3799999691545963     
   4.5550197969280894        1.2236933097955500        1.3899999689310789     
   4.5761908113228946        1.2306842949887415        1.3999999687075615     
   4.5972657641765027        1.2377936580565176        1.4099999684840441     
   4.6182391290358744        1.2450226175230439        1.4199999682605267     
   4.6391052881664852        1.2523723943608829        1.4299999680370092     
   4.6598585328916560        1.2598442112578032        1.4399999678134918     
   4.6804930640221611        1.2674392918467579        1.4499999675899744     
   4.7010029923798804        1.2751588598980073        1.4599999673664570     
   4.7213823394193080        1.2830041384723589        1.4699999671429396     
   4.7416250379507794        1.2909763490345094        1.4799999669194221     
   4.7617249329693294        1.2990767105254737        1.4899999666959047     
   4.7816757825931324        1.3073064383931081        1.4999999664723873     
   4.8014712591155027        1.3156667435797420        1.5099999662488699     
   4.8211049501744707        1.3241588314659543        1.5199999660253525     
   4.8405703600439587        1.3327839007695528        1.5299999658018351     
   4.8598609110505944        1.3415431423988409        1.5399999655783176     
   4.8789699451202120        1.3504377382592843        1.5499999653548002     
   4.8978907254580690        1.3594688600127285        1.5599999651312828     
   4.9166164383667983        1.3686376677883536        1.5699999649077654     
   4.9351401952060918        1.3779453088445988        1.5799999646842480     
   4.9534550344980657        1.3873929161813365        1.5899999644607306     
   4.9715539241822126        1.3969816071016314        1.5999999642372131     
   4.9894297640237806        1.4067124817224790        1.6099999640136957     
   5.0070753881793459        1.4165866214339831        1.6199999637901783     
   5.0244835679232560        1.4266050873065028        1.6299999635666609     
   5.0416470145385066        1.4367689184453789        1.6399999633431435     
   5.0585583823755158        1.4470791302929302        1.6499999631196260     
   5.0752102720821028        1.4575367128775045        1.6599999628961086     
   5.0915952340078325        1.4681426290094624        1.6699999626725912     
   5.1077057717857244        1.4788978124240781        1.6799999624490738     
   5.1235343460941252        1.4898031658714552        1.6899999622255564     
   5.1390733786013438        1.5008595591536666        1.6999999620020390     
   5.1543152560954200        1.5120678271094634        1.7099999617785215     
   5.1692523348011479        1.5234287675470228        1.7199999615550041     
   5.1838769448862134        1.5349431391253510        1.7299999613314867     
   5.1981813951580138        1.5466116591851047        1.7399999611079693     
   5.2121579779524145        1.5584350015297510        1.7499999608844519     
   5.2257989742153805        1.5704137941581509        1.7599999606609344     
   5.2390966587780419        1.5825486169498209        1.7699999604374170     
   5.2520433058254037        1.5948399993043139        1.7799999602138996     
   5.2646311945584845        1.6072884177363378        1.7899999599903822     
   5.2768526150492718        1.6198942934284357        1.7999999597668648     
   5.2886998742874161        1.6326579897432445        1.8099999595433474     
   5.3001653024171258        1.6455798096975662        1.8199999593198299     
   5.3112412591622409        1.6586599934006951        1.8299999590963125     
   5.3219201404369363        1.6718987154596707        1.8399999588727951     
   5.3321943851389859        1.6852960823543532        1.8499999586492777     
   5.3420564821219472        1.6988521297854544        1.8599999584257603     
   5.3514989773420591        1.7125668199988899        1.8699999582022429     
   5.3605144811750485        1.7264400390900732        1.8799999579787254     
   5.3690956758974151        1.7404715942920055        1.8899999577552080     
   5.3772353233261443        1.7546612112512814        1.8999999575316906     
   5.3849262726101319        1.7690085312963699        1.9099999573081732     
   5.3921614681659493        1.7835131087027940        1.9199999570846558     
   5.3989339577498976        1.7981744079600845        1.9299999568611383     
   5.4052369006575960        1.8129918010456387        1.9399999566376209     
   5.4110635760416717        1.8279645647108698        1.9499999564141035     
   5.4164073913373807        1.8430918777852821        1.9599999561905861     
   5.4212618907852974        1.8583728185043591        1.9699999559670687     
   5.4256207640394889        1.8738063618673892        1.9799999557435513     
   5.4294778548488596        1.8893913770315973        1.9899999555200338     
   5.4328271697986592        1.9051266247491720        1.9999999552965164     
   5.4356628870984167        1.9210107548540076        2.0099999550729990     
   5.4379793654018762        1.9370423038051832        2.0199999548494816     
   5.4397711526438179        1.9532196922944027        2.0299999546259642     
   5.4410329948779790        1.9695412229248044        2.0399999544024467     
   5.4417598450996261        1.9860050779687182        2.0499999541789293     
   5.4419468720357154        2.0026093172121007        2.0599999539554119     
   5.4415894688849580        2.0193518758935149        2.0699999537318945     
   5.4406832619895509        2.0362305627456383        2.0799999535083771     
   5.4392241194197828        2.0532430581473684        2.0899999532848597     
   5.4372081594522310        2.0703869123946754        2.0999999530613422     
   5.4346317589218094        2.0876595440983929        2.1099999528378248     
   5.4314915614275199        2.1050582387171533        2.1199999526143074     
   5.4277844853713955        2.1225801472336716        2.1299999523907900     
   5.4235077318098233        2.1402222849825416        2.1399999521672726     
   5.4186587920961946        2.1579815306376369        2.1499999519437551     
   5.4132354552936386        2.1758546253671147        2.1599999517202377     
   5.4072358153364899        2.1938381721638818        2.1699999514967203     
   5.4006582779190921        2.2119286353592136        2.1799999512732029     
   5.3935015670905573        2.2301223403270209        2.1899999510496855     
   5.3857647315342243        2.2484154733860127        2.1999999508261681     
   5.3774471505107213        2.2668040819067299        2.2099999506026506     
   5.3685485394438199        2.2852840746301148        2.2199999503791332     
   5.3590689551286017        2.3038512222039289        2.2299999501556158     
   5.3490088005418999        2.3225011579429422        2.2399999499320984     
   5.3383688292355025        2.3412293788183969        2.2499999497085810     
   5.3271501492932014        2.3600312466817832        2.2599999494850636     
   5.3153542268334757        2.3789019897274679        2.2699999492615461     
   5.3029828890403827        2.3978367041981801        2.2799999490380287     
   5.2900383267061040        2.4168303563367934        2.2899999488145113     
   5.2765230962695506        2.4358777845872406        2.2999999485909939     
   5.2624401213364820        2.4549737020467579        2.3099999483674765     
   5.2477926936677184        2.4741126991710045        2.3199999481439590     
   5.2325844736232474        2.4932892467328931        2.3299999479204416     
   5.2168194900513001        2.5124976990352672        2.3399999476969242     
   5.2005021396128495        2.5317322973768062        2.3499999474734068     
   5.1836371855334002        2.5509871737697862        2.3599999472498894     
   5.1662297557754604        2.5702563549075395        2.3699999470263720     
   5.1482853406266225        2.5895337663786644        2.3799999468028545     
   5.1298097896997987        2.6088132371242336        2.3899999465793371     
   5.1108093083438302        2.6280885041334323        2.3999999463558197     
   5.0912904534643690        2.6473532173722432        2.4099999461323023     
   5.0712601287566841        2.6666009449389816        2.4199999459087849     
   5.0507255793537924        2.6858251784396638        2.4299999456852674     
   5.0296943858951053        2.7050193385753971        2.4399999454617500     
   5.0081744580225669        2.7241767809331741        2.4499999452382326     
   4.9861740273130479        2.7432908019706925        2.4599999450147152     
   4.9637016396575540        2.7623546451850500        2.4699999447911978     
   4.9407661470995698        2.7813615074544438        2.4799999445676804     
   4.9173766991466081        2.8003045455412914        2.4899999443441629     
   4.8935427335707420        2.8191768827445269        2.4999999441206455     
   4.8692739667155776        2.8379716156881840        2.5099999438971281     
   4.8445803833287320        2.8566818212327867        2.5199999436736107     
   4.8194722259404559        2.8753005634955202        2.5299999434500933     
   4.7939599838105167        2.8938209009646414        2.5399999432265759     
   4.7680543814668921        2.9122358936931469        2.5499999430030584     
   4.7417663668611540        2.9305386105563045        2.5599999427795410     
   4.7151070991666630        2.9487221365573153        2.5699999425560236     
   4.6880879362468457        2.9667795801650860        2.5799999423325062     
   4.6607204218218854        2.9847040806678624        2.5899999421089888     
   4.6330162723630712        3.0024888155263101        2.5999999418854713     
   4.6049873637448977        3.0201270077095246        2.6099999416619539     
   4.5766457176857038        3.0376119329974181        2.6199999414384365     
   4.5480034880082334        3.0549369272329514        2.6299999412149191     
   4.5190729467519519        3.0720953935077708        2.6399999409914017     
   4.4898664701693107        3.0890808092649666        2.6499999407678843     
   4.4603965246383401        3.1058867333028846        2.6599999405443668     
   4.4306756525240498        3.1225068126642026        2.6699999403208494     
   4.4007164580210709        3.1389347893948321        2.6799999400973320     
   4.3705315930097912        3.1551645071575947        2.6899999398738146     
   4.3401337429579554        3.1711899176860974        2.6999999396502972     
   4.3095356128992757        3.1870050870647288        2.7099999394267797     
   4.2787499135200617        3.2026042018212801        2.7199999392032623     
   4.2477893473842352        3.2179815748192966        2.7299999389797449     
   4.2166665953263198        3.2331316509379371        2.7399999387562275     
   4.1853943030411429        3.2480490125278196        2.7499999385327101     
   4.1539850678980104        3.2627283846320703        2.7599999383091927     
   4.1224514260060499        3.2771646399625762        2.7699999380856752     
   4.0908058395562819        3.2913528036222477        2.7799999378621578     
   4.0590606844647423        3.3052880575649293        2.7899999376386404     
   4.0272282383396734        3.3189657447854581        2.7999999374151230     
   3.9953206687944416        3.3323813732332379        2.8099999371916056     
   3.9633500221264195        3.3455306194435868        2.8199999369680882     
   3.9313282123805813        3.3584093318820156        2.8299999367445707     
   3.8992670108150653        3.3710135339974863        2.8399999365210533     
   3.8671780357843950        3.3833394269816077        2.8499999362975359     
   3.8350727430544880        3.3953833922316203        2.8599999360740185     
   3.8029624165619902        3.4071419935159044        2.8699999358505011     
   3.7708581596288751        3.4186119788416285        2.8799999356269836     
   3.7387708866416496        3.4297902820250137        2.8899999354034662     
   3.7067113152029192        3.4406740239655211        2.8999999351799488     
   3.6746899587614870        3.4512605136260963        2.9099999349564314     
   3.6427171197256012        3.4615472487223924        2.9199999347329140     
   3.6108028830624450        3.4715319161246474        2.9299999345093966     
   3.5789571103854567        3.4812123919766291        2.9399999342858791     
   3.5471894345296247        3.4905867415367542        2.9499999340623617     
   3.5155092546134821        3.4996532187471385        2.9599999338388443     
   3.4839257315851730        3.5084102655369658        2.9699999336153269     
   3.4524477842486503        3.5168565108671332        2.9799999333918095     
   3.4210840857648259        3.5249907695236771        2.9899999331682920     
   3.3898430606213008        3.5328120406679679        2.9999999329447746     
   3.3587328820631894        3.5403195061521298        3.0099999327212572     
   3.3277614699764957        3.5475125286085345        3.0199999324977398     
   3.2969364892145228        3.5543906493225963        3.0299999322742224     
   3.2662653483568760        3.5609535858984023        3.0399999320507050     
   3.2357551988897897        3.5672012297270030        3.0499999318271875     
   3.2054129347957421        3.5731336432674099        3.0599999316036701     
   3.1752451925396206        3.5787510571505434        3.0699999313801527     
   3.1452583514380930        3.5840538671165225        3.0799999311566353     
   3.1154585343982859        3.5890426307957912        3.0899999309331179     
   3.0858516090113981        3.5937180643446522        3.0999999307096004     
   3.0564431889864720        3.5980810389458013        3.1099999304860830     
   3.0272386359092134        3.6021325771844546        3.1199999302625656     
   2.9982430613104767        3.6058738493106124        3.1299999300390482     
   2.9694613290288343        3.6093061693979376        3.1399999298155308     
   2.9408980578515034        3.6124309914096089        3.1499999295920134     
   2.9125576244178251        3.6152499051813800        3.1599999293684959     
   2.8844441663694673        3.6177646323319093        3.1699999291449785     
   2.8565615857315527        3.6199770221102310        3.1799999289214611     
   2.8289135525089999        3.6218890471900309        3.1899999286979437     
   2.8015035084824893        3.6235027994201463        3.1999999284744263     
   2.7743346711886532        3.6248204855404618        3.2099999282509089     
   2.7474100380692970        3.6258444228720901        3.2199999280273914     
   2.7207323907747250        3.6265770349904476        3.2299999278038740     
   2.6943042996065367        3.6270208473895220        3.2399999275803566     
   2.6681281280855793        3.6271784831453182        3.2499999273568392     
   2.6422060376311101        3.6270526585861442        3.2599999271333218     
   2.6165399923375920        3.6266461789770621        3.2699999269098043     
   2.5911317638359641        3.6259619342254927        3.2799999266862869     
   2.5659829362266406        3.6250028946146107        3.2899999264627695     
   2.5410949110719523        3.6237721065708244        3.2999999262392521     
   2.5164689124361841        3.6222726884712855        3.3099999260157347     
   2.4921059919618518        3.6205078264970112        3.3199999257922173     
   2.4680070339713236        3.6184807705368685        3.3299999255686998     
   2.4441727605833918        3.6161948301473061        3.3399999253451824     
   2.4206037368348845        3.6136533705723872        3.3499999251216650     
   2.3973003757979034        3.6108598088283288        3.3599999248981476     
   2.3742629436837719        3.6078176098564216        3.3699999246746302     
   2.3514915649252628        3.6045302827478762        3.3799999244511127     
   2.3289862272291764        3.6010013770438185        3.3899999242275953     
   2.3067467865918156        3.5972344791133439        3.3999999240040779     
   2.2847729722703898        3.5932332086122374        3.4099999237805605     
   2.2630643917038498        3.5890012150246675        3.4199999235570431     
   2.2416205353771166        3.5845421742898762        3.4299999233335257     
   2.2204407816231262        3.5798597855156138        3.4399999231100082     
   2.1995244013575461        3.5749577677797952        3.4499999228864908     
   2.1788705627414573        3.5698398570216074        3.4599999226629734     
   2.1584783357677089        3.5645098030230420        3.4699999224394560     
   2.1383466967670581        3.5589713664816052        3.4799999222159386     
   2.1184745328306014        3.5532283161747245        3.4899999219924212     
   2.0988606461453765        3.5472844262161676        3.4999999217689037     
   2.0795037582403766        3.5411434734045817        3.5099999215453863     
   2.0604025141405722        3.5348092346640789        3.5199999213218689     
   2.0415554864268577        3.5282854845766090        3.5299999210983515     
   2.0229611792001676        3.5215759930056989        3.5399999208748341     
   2.0046180319483042        3.5146845228109771        3.5499999206513166     
   1.9865244233143053        3.5076148276527568        3.5599999204277992     
   1.9686786747654550        3.5003706498858156        3.5699999202042818     
   1.9510790541622984        3.4929557185413826        3.5799999199807644     
   1.9337237792272608        3.4853737473962325        3.5899999197572470     
   1.9166110209127030        3.4776284331276708        3.5999999195337296     
   1.8997389066684567        3.4697234535531050        3.6099999193102121     
   1.8831055236090859        3.4616624659528066        3.6199999190866947     
   1.8667089215813049        3.4534491054743834        3.6299999188631773     
   1.8505471161321583        3.4450869836174198        3.6399999186396599     
   1.8346180913787300        3.4365796867966689        3.6499999184161425     
   1.8189198027802935        3.4279307749821313        3.6599999181926250     
   1.8034501798139577        3.4191437804143048        3.6699999179691076     
   1.7882071285549803        3.4102222063928465        3.6799999177455902     
   1.7731885341630413        3.4011695261368531        3.6899999175220728     
   1.7583922632758686        3.3919891817149370        3.6999999172985554     
   1.7438161663117029        3.3826845830432544        3.7099999170750380     
   1.7294580796821692        3.3732591069496194        3.7199999168515205     
   1.7153158279172027        3.3637160963018307        3.7299999166280031     
   1.7013872257037339        3.3540588591983251        3.7399999164044857     
   1.6876700798399016        3.3442906682192732        3.7499999161809683     
   1.6741621911066096        3.3344147597362315        3.7599999159574509     
   1.6608613560582814        3.3244343332784698        3.7699999157339334     
   1.6477653687347076        3.3143525509541076        3.7799999155104160     
   1.6348720222959008        3.3041725369241952        3.7899999152868986     
   1.6221791105819050        3.2938973769279012        3.7999999150633812     
   1.6096844295995105        3.2835301178569787        3.8099999148398638     
   1.5973857789378452        3.2730737673777108        3.8199999146163464     
   1.5852809631148135        3.2625312935985513        3.8299999143928289     
   1.5733677928563554        3.2519056247817102        3.8399999141693115     
   1.5616440863104970        3.2411996490969552        3.8499999139457941     
   1.5501076701981509        3.2304162144159343        3.8599999137222767     
   1.5387563809026195        3.2195581281453505        3.8699999134987593     
   1.5275880654997342        3.2086281570973587        3.8799999132752419     
   1.5166005827305482        3.1976290273955810        3.8899999130517244     
   1.5057918039184774        3.1865634244151781        3.8999999128282070     
   1.4951596138327641        3.1754339927554449        3.9099999126046896     
   1.4847019115001077        3.1642433362434352        3.9199999123811722     
   1.4744166109662828        3.1529940179671629        3.9299999121576548     
   1.4643016420095318        3.1416885603369535        3.9399999119341373     
   1.4543549508074902        3.1303294451735701        3.9499999117106199     
   1.4445745005593689        3.1189191138217640        3.9599999114871025     
   1.4349582720650835        3.1074599672879466        3.9699999112635851     
   1.4255042642629860        3.0959543664007145        3.9799999110400677     
   1.4162104947278160        3.0844046319929923        3.9899999108165503     
   1.4070750001304562        3.0728130451046072        3.9999999105930328     
   1.3980958366610337        3.0611818472041339        4.0099999103695154     
   1.3892710804168746        3.0495132404288952        4.0199999101459980     
   1.3805988277567811        3.0378093878420356        4.0299999099224806     
   1.3720771956230575        3.0260724137056250        4.0399999096989632     
   1.3637043218326794        3.0143044037687794        4.0499999094754457     
   1.3554783653389548        3.0025074055698306        4.0599999092519283     
   1.3473975064649937        2.9906834287516042        4.0699999090284109     
   1.3394599471102568        2.9788344453889000        4.0799999088048935     
   1.3316639109314257        2.9669623903273097        4.0899999085813761     
   1.3240076434987866        2.9550691615325300        4.0999999083578587     
   1.3164894124292947        2.9431566204493684        4.1099999081343412     
   1.3091075074974388        2.9312265923696708        4.1199999079108238     
   1.3018602407249951        2.9192808668084238        4.1299999076873064     
   1.2947459464507216        2.9073211978873275        4.1399999074637890     
   1.2877629813810070        2.8953493047251513        4.1499999072402716     
   1.2809097246224561        2.8833668718342209        4.1599999070167542     
   1.2741845776973570        2.8713755495224129        4.1699999067932367     
   1.2675859645429419        2.8593769543000569        4.1799999065697193     
   1.2611123314953212        2.8473726692911776        4.1899999063462019     
   1.2547621472589390        2.8353642446485288        4.1999999061226845     
   1.2485339028623632        2.8233531979718975        4.2099999058991671     
   1.2424261116011965        2.8113410147291882        4.2199999056756496     
   1.2364373089688607        2.7993291486798069        4.2299999054521322     
   1.2305660525759821        2.7873190222999034        4.2399999052286148     
   1.2248109220590708        2.7753120272090377        4.2499999050050974     
   1.2191705189791660        2.7633095245978674        4.2599999047815800     
   1.2136434667110849        2.7513128456564719        4.2699999045580626     
   1.2082284103238941        2.7393232920029442        4.2799999043345451     
   1.2029240164531891        2.7273421361119072        4.2899999041110277     
   1.1977289731657503        2.7153706217426246        4.2999999038875103     
   1.1926419898171121        2.7034099643663985        4.3099999036639929     
   1.1876617969025660        2.6914613515929595        4.3199999034404755     
   1.1827871459020893        2.6795259435955736        4.3299999032169580     
   1.1780168091196739        2.6676048735346072        4.3399999029934406     
   1.1733495795175051        2.6556992479793040        4.3499999027699232     
   1.1687842705454241        2.6438101473275442        4.3599999025464058     
   1.1643197159660819        2.6319386262233713        4.3699999023228884     
   1.1599547696761785        2.6200857139720855        4.3799999020993710     
   1.1556883055241625        2.6082524149527098        4.3899999018758535     
   1.1515192171247430        2.5964397090276590        4.3999999016523361     
   1.1474464176705574        2.5846485519494440        4.4099999014288187     
   1.1434688397413122        2.5728798757642566        4.4199999012053013     
   1.1395854351107064        2.5611345892122990        4.4299999009817839     
   1.1357951745514281        2.5494135781247187        4.4399999007582664     
   1.1320970476384977        2.5377177058170366        4.4499999005347490     
   1.1284900625512229        2.5260478134789488        4.4599999003112316     
   1.1249732458740109        2.5144047205604059        4.4699999000877142     
   1.1215456423962753        2.5027892251538719        4.4799998998641968     
   1.1182063149116572        2.4912021043726815        4.4899998996406794     
   1.1149543440167740        2.4796441147254145        4.4999998994171619     
   1.1117888279096912        2.4681159924862230        4.5099998991936445     
   1.1087088821883087        2.4566184540610454        4.5199998989701271     
   1.1057136396488334        2.4451521963496505        4.5299998987466097     
   1.1028022500845100        2.4337178971034712        4.5399998985230923     
   1.0999738800847627        2.4223162152791731        4.5499998982995749     
   1.0972277128348966        2.4109477913879336        4.5599998980760574     
   1.0945629479164973        2.3996132478403926        4.5699998978525400     
   1.0919788011086584        2.3883131892872518        4.5799998976290226     
   1.0894745041901575        2.3770482029555016        4.5899998974055052     
   1.0870493047426948        2.3658188589802633        4.5999998971819878     
   1.0847024659553015        2.3546257107322299        4.6099998969584703     
   1.0824332664300140        2.3434692951407019        4.6199998967349529     
   1.0802409999889089        2.3323501330122145        4.6299998965114355     
   1.0781249754825817        2.3212687293447587        4.6399998962879181     
   1.0760845166001507        2.3102255736375987        4.6499998960644007     
   1.0741189616808569        2.2992211401966940        4.6599998958408833     
   1.0722276635273291        2.2882558884357396        4.6699998956173658     
   1.0704099892205758        2.2773302631728334        4.6799998953938484     
   1.0686653199367606        2.2664446949227957        4.6899998951703310     
   1.0669930507658125        2.2555996001851515        4.6999998949468136     
   1.0653925905319208        2.2447953817278048        4.7099998947232962     
   1.0638633616159541        2.2340324288664251        4.7199998944997787     
   1.0624047997798449        2.2233111177395743        4.7299998942762613     
   1.0610163539929727        2.2126318115796031        4.7399998940527439     
   1.0596974862605772        2.2019948609793443        4.7499998938292265     
   1.0584476714542301        2.1914006041546399        4.7599998936057091     
   1.0572663971443852        2.1808493672027316        4.7699998933821917     
   1.0561531634350323        2.1703414643565515        4.7799998931586742     
   1.0551074828004701        2.1598771982349501        4.7899998929351568     
   1.0541288799242112        2.1494568600888972        4.7999998927116394     
   1.0532168915400344        2.1390807300436991        4.8099998924881220     
   1.0523710662751899        2.1287490773372677        4.8199998922646046     
   1.0515909644957675        2.1184621605544836        4.8299998920410872     
   1.0508761581542294        2.1082202278576969        4.8399998918175697     
   1.0502262306391119        2.0980235172134063        4.8499998915940523     
   1.0496407766268945        2.0878722566151611        4.8599998913705349     
   1.0491194019360359        2.0777666643027288        4.8699998911470175     
   1.0486617233831721        2.0677069489775746        4.8799998909235001     
   1.0482673686414727        2.0576933100146957        4.8899998906999826     
   1.0479359761011473        2.0477259376708572        4.8999998904764652     
   1.0476671947320924        2.0378050132892764        4.9099998902529478     
   1.0474606839486724        2.0279307095007968        4.9199998900294304     
   1.0473161134766198        2.0181031904216047        4.9299998898059130     
   1.0472331632220433        2.0083226118475301        4.9399998895823956     
   1.0472115231425307        1.9985891214449798        4.9499998893588781     
   1.0472508931203317        1.9889028589385500        4.9599998891353607     
   1.0473509828376026        1.9792639562953651        4.9699998889118433     
   1.0475115116537004        1.9696725379061875        4.9799998886883259     
   1.0477322084845033        1.9601287207633482        4.9899998884648085     
   1.0480128116837446        1.9506326146355426        4.9999998882412910     
   1.0483530689263354        1.9411843222395391        5.0099998880177736     
   1.0487527370936605        1.9317839394088450        5.0199998877942562     
   1.0492115821608241        1.9224315552593798        5.0299998875707388     
   1.0497293790858260        1.9131272523521980        5.0399998873472214     
   1.0503059117006435        1.9038711068533085        5.0499998871237040     
   1.0509409726042016        1.8946631886906378        5.0599998869001865     
   1.0516343630572031        1.8855035617081792        5.0699998866766691     
   1.0523858928788004        1.8763922838173772        5.0799998864531517     
   1.0531953803450809        1.8673294071457862        5.0899998862296343     
   1.0540626520893466        1.8583149781830544        5.0999998860061169     
   1.0549875430041604        1.8493490379242705        5.1099998857825994     
   1.0559698961451349        1.8404316220107233        5.1199998855590820     
   1.0570095626364404        1.8315627608681109        5.1299998853355646     
   1.0581064015780066        1.8227424798422482        5.1399998851120472     
   1.0592602799543913        1.8139707993323120        5.1499998848885298     
   1.0604710725452930        1.8052477349216667        5.1599998846650124     
   1.0617386618376796        1.7965732975063127        5.1699998844414949     
   1.0630629379395098        1.7879474934209973        5.1799998842179775     
   1.0644437984950192        1.7793703245630323        5.1899998839944601     
   1.0658811486015478        1.7708417885138543        5.1999998837709427     
   1.0673749007278790        1.7623618786583715        5.2099998835474253     
   1.0689249746340690        1.7539305843021342        5.2199998833239079     
   1.0705312972927370        1.7455478907863704        5.2299998831003904     
   1.0721938028117910        1.7372137796009213        5.2399998828768730     
   1.0739124323585638        1.7289282284951202        5.2499998826533556     
   1.0756871340853329        1.7206912115866477        5.2599998824298382     
   1.0775178630561972        1.7125026994684034        5.2699998822063208     
   1.0794045811752857        1.7043626593134296        5.2799998819828033     
   1.0813472571162717        1.6962710549779241        5.2899998817592859     
   1.0833458662531661        1.6882278471023779        5.2999998815357685     
   1.0854003905923646        1.6802329932108724        5.3099998813122511     
   1.0875108187059226        1.6722864478085722        5.3199998810887337     
   1.0896771456660310        1.6643881624774473        5.3299998808652163     
   1.0918993729806687        1.6565380859702596        5.3399998806416988     
   1.0941775085304051        1.6487361643028460        5.3499998804181814     
   1.0965115665063263        1.6409823408447317        5.3599998801946640     
   1.0989015673490621        1.6332765564081080        5.3699998799711466     
   1.1013475376888837        1.6256187493352043        5.3799998797476292     
   1.1038495102868515        1.6180088555840879        5.3899998795241117     
   1.1064075239769839        1.6104468088129218        5.3999998793005943     
   1.1090216236094241        1.6029325404627131        5.4099998790770769     
   1.1116918599945784        1.5954659798385802        5.4199998788535595     
   1.1144182898482009        1.5880470541895710        5.4299998786300421     
   1.1172009757374011        1.5806756887870603        5.4399998784065247     
   1.1200399860275461        1.5733518070017560        5.4499998781830072     
   1.1229353948300360        1.5660753303793438        5.4599998779594898     
   1.1258872819509258        1.5588461787147965        5.4699998777359724     
   1.1288957328403681        1.5516642701253796        5.4799998775124550     
   1.1319608385428548        1.5445295211223766        5.4899998772889376     
   1.1350826956482289        1.5374418466815638        5.4999998770654202     
   1.1382614062434468        1.5304011603124608        5.5099998768419027     
   1.1414970778650615        1.5234073741263829        5.5199998766183853     
   1.1447898234524054        1.5164603989033221        5.5299998763948679     
   1.1481397613014479        1.5095601441576805        5.5399998761713505     
   1.1515470150193010        1.5027065182028836        5.5499998759478331     
   1.1550117134793523        1.4958994282148976        5.5599998757243156     
   1.1585339907769969        1.4891387802946741        5.5699998755007982     
   1.1621139861859475        1.4824244795295485        5.5799998752772808     
   1.1657518441150956        1.4757564300536137        5.5899998750537634     
   1.1694477140659008        1.4691345351070950        5.5999998748302460     
   1.1732017505902841        1.4625586970947468        5.6099998746067286     
   1.1770141132489997        1.4560288176432961        5.6199998743832111     
   1.1808849665704624        1.4495447976579536        5.6299998741596937     
   1.1848144800100044        1.4431065373780170        5.6399998739361763     
   1.1888028279095402        1.4367139364315844        5.6499998737126589     
   1.1928501894576111        1.4303668938894039        5.6599998734891415     
   1.1969567486497892        1.4240653083178774        5.6699998732656240     
   1.2011226942494120        1.4178090778312409        5.6799998730421066     
   1.2053482197486278        1.4115981001429418        5.6899998728185892     
   1.2096335233297237        1.4054322726162338        5.6999998725950718     
   1.2139788078267131        1.3993114923140086        5.7099998723715544     
   1.2183842806871577        1.3932356560478858        5.7199998721480370     
   1.2228501539341992        1.3872046604265791        5.7299998719245195     
   1.2273766441287770        1.3812184019035589        5.7399998717010021     
   1.2319639723320046        1.3752767768240304        5.7499998714774847     
   1.2366123640676816        1.3693796814712447        5.7599998712539673     
   1.2413220492849160        1.3635270121121643        5.7699998710304499     
   1.2460932623208298        1.3577186650424986        5.7799998708069324     
   1.2509262418633258        1.3519545366311276        5.7899998705834150     
   1.2558212309138854        1.3462345233639348        5.7999998703598976     
   1.2607784767503767        1.3405585218870619        5.8099998701363802     
   1.2657982308898432        1.3349264290496081        5.8199998699128628     
   1.2708807490512497        1.3293381419457870        5.8299998696893454     
   1.2760262911181568        1.3237935579565601        5.8399998694658279     
   1.2812351211013002        1.3182925747907630        5.8499998692423105     
   1.2865075071010461        1.3128350905257429        5.8599998690187931     
   1.2918437212696972        1.3074210036475196        5.8699998687952757     
   1.2972440397736213        1.3020502130904905        5.8799998685717583     
   1.3027087427551776        1.2967226182766942        5.8899998683482409     
   1.3082381142944086        1.2914381191546467        5.8999998681247234     
   1.3138324423704764        1.2861966162377694        5.9099998679012060     
   1.3194920188228088        1.2809980106424215        5.9199998676776886     
   1.3252171393119323        1.2758422041255537        5.9299998674541712     
   1.3310081032799603        1.2707290991219977        5.9399998672306538     
   1.3368652139107087        1.2656585987814075        5.9499998670071363     
   1.3427887780894106        1.2606306070048665        5.9599998667836189     
   1.3487791063619992        1.2556450284811751        5.9699998665601015     
   1.3548365128939310        1.2507017687228354        5.9799998663365841     
   1.3609613154285174        1.2458007341017445        5.9899998661130667     
   1.3671538352447354        1.2409418318846128        5.9999998658895493     
   1.3734143971144870        1.2361249702681223        6.0099998656660318     
   1.3797433292592747        1.2313500584138364        6.0199998654425144     
   1.3861409633062642        1.2266170064828779        6.0299998652189970     
   1.3926076342436995        1.2219257256703870        6.0399998649954796     
   1.3991436803756390        1.2172761282397762        6.0499998647719622     
   1.4057494432759827        1.2126681275567914        6.0599998645484447     
   1.4124252677417530        1.2081016381233973        6.0699998643249273     
   1.4191715017455984        1.2035765756114976        6.0799998641014099     
   1.4259884963874849        1.1990928568965056        6.0899998638778925     
   1.4328766058455424        1.1946504000907767        6.0999998636543751     
   1.4398361873260279        1.1902491245769178        6.1099998634308577     
   1.4468676010123738        1.1858889510409854        6.1199998632073402     
   1.4539712100132824        1.1815698015055869        6.1299998629838228     
   1.4611473803098323        1.1772915993628976        6.1399998627603054     
   1.4683964807015568        1.1730542694076063        6.1499998625367880     
   1.4757188827514622        1.1688577378698022        6.1599998623132706     
   1.4831149607299405        1.1647019324478185        6.1699998620897532     
   1.4905850915575447        1.1605867823410414        6.1799998618662357     
   1.4981296547465832        1.1565122182827006        6.1899998616427183     
   1.5057490323414950        1.1524781725726538        6.1999998614192009     
   1.5134436088579657        1.1484845791101763        6.2099998611956835     
   1.5212137712207414        1.1445313734267704        6.2199998609721661     
   1.5290599087001013        1.1406184927190059        6.2299998607486486     
   1.5369824128469445        1.1367458758814051        6.2399998605251312     
   1.5449816774264489        1.1329134635393849        6.2499998603016138     
   1.5530580983502591        1.1291211980822686        6.2599998600780964     
   1.5612120736071566        1.1253690236963798        6.2699998598545790     
   1.5694440031921708        1.1216568863982317        6.2799998596310616     
   1.5777542890340803        1.1179847340678235        6.2899998594075441     
   1.5861433349212635        1.1143525164820569        6.2999998591840267     
   1.5946115464258450        1.1107601853482858        6.3099998589605093     
   1.6031593308260952        1.1072076943380116        6.3199998587369919     
   1.6117870970270300        1.1036949991207352        6.3299998585134745     
   1.6204952554791643        1.1002220573979817        6.3399998582899570     
   1.6292842180953648        1.0967888289375058        6.3499998580664396     
   1.6381543981657556        1.0933952756076954        6.3599998578429222     
   1.6471062102706193        1.0900413614121822        6.3699998576194048     
   1.6561400701912445        1.0867270525246739        6.3799998573958874     
   1.6652563948186638        1.0834523173240207        6.3899998571723700     
   1.6744556020602275        1.0802171264295273        6.3999998569488525     
   1.6837381107439573        1.0770214527365254        6.4099998567253351     
   1.6931043405206243        1.0738652714522170        6.4199998565018177     
   1.7025547117634925        1.0707485601318036        6.4299998562783003     
   1.7120896454656689        1.0676712987149122        6.4399998560547829     
   1.7217095631350019        1.0646334695623314        6.4499998558312654     
   1.7314148866864667        1.0616350574930724        6.4599998556077480     
   1.7412060383319754        1.0586760498217640        6.4699998553842306     
   1.7510834404675510        1.0557564363963983        6.4799998551607132     
   1.7610475155578000        1.0528762096364375        6.4899998549371958     
   1.7710986860176199        1.0500353645712965        6.4999998547136784     
   1.7812373740910747        1.0472338988792134        6.5099998544901609     
   1.7914640017273733        1.0444718129265198        6.5199998542666435     
   1.8017789904538812        1.0417491098073277        6.5299998540431261     
   1.8121827612460979        1.0390657953836422        6.5399998538196087     
   1.8226757343945281        1.0364218783259151        6.5499998535960913     
   1.8332583293683775        1.0338173701540527        6.5599998533725739     
   1.8439309646759992        1.0312522852788899        6.5699998531490564     
   1.8546940577220172        1.0287266410441458        6.5799998529255390     
   1.8655480246610538        1.0262404577688720        6.5899998527020216     
   1.8764932802479826        1.0237937587904087        6.5999998524785042     
   1.8875302376846315        1.0213865705078604        6.6099998522549868     
   1.8986593084628569        1.0190189224261070        6.6199998520314693     
   1.9098809022039100        1.0166908472003604        6.6299998518079519     
   1.9211954264940130        1.0144023806812834        6.6399998515844345     
   1.9326032867160650        1.0121535619606827        6.6499998513609171     
   1.9441048858773924        1.0099444334177894        6.6599998511373997     
   1.9557006244334609        1.0077750407661410        6.6699998509138823     
   1.9673909001074621        1.0056454331010793        6.6799998506903648     
   1.9791761077056877        1.0035556629478755        6.6899998504668474     
   1.9910566389286044        1.0015057863104986        6.6999998502433300     
   2.0030328821775365       0.99949586272103963        6.7099998500198126     
   2.0151052223568695       0.99752595528980437        6.7199998497962952     
   2.0272740406716783       0.99559613075608944        6.7299998495727777     
   2.0395397144206893       0.99370645953965542        6.7399998493492603     
   2.0519026167844805       0.99185701579290897        6.7499998491257429     
   2.0643631166088245       0.99004787745380940        6.7599998489022255     
   2.0769215781830730       0.98827912629951153        6.7699998486787081     
   2.0895783610134897       0.98655084800075910        6.7799998484551907     
   2.1023338195914274       0.98486313217704213        6.7899998482316732     
   2.1151883031562511       0.98321607245253095        6.7999998480081558     
   2.1281421554528999       0.98160976651280041        6.8099998477846384     
   2.1411957144839895       0.98004431616235765        6.8199998475611210     
   2.1543493122563442       0.97851982738298615        6.8299998473376036     
   2.1676032745218592       0.97703641039291833        6.8399998471140862     
   2.1809579205125775       0.97559417970685114        6.8499998468905687     
   2.1944135626698795       0.97419325419681546        6.8599998466670513     
   2.2079705063676700       0.97283375715391263        6.8699998464435339     
   2.2216290496294562       0.97151581635093054        6.8799998462200165     
   2.2353894828391998       0.97023956410585088        6.8899998459964991     
   2.2492520884458331       0.96900513734625970        6.8999998457729816     
   2.2632171406613222       0.96781267767467305        6.9099998455494642     
   2.2772849051521642       0.96666233143478830        6.9199998453259468     
   2.2914556387241989       0.96555424977867388        6.9299998451024294     
   2.3057295890006206       0.96448858873490606        6.9399998448789120     
   2.3201069940930670       0.96346550927766550        6.9499998446553946     
   2.3345880822656708       0.96248517739680184        6.9599998444318771     
   2.3491730715919510       0.96154776416887711        6.9699998442083597     
   2.3638621696044209       0.96065344582919732        6.9799998439848423     
   2.3786555729367960       0.95980240384484083        6.9899998437613249     
   2.3935534669586747       0.95899482498869182        6.9999998435378075     
   2.4085560254025720       0.95823090141448708        7.0099998433142900     
   2.4236634099831789       0.95751083073288390        7.0199998430907726     
   2.4388757700087274       0.95683481608855503        7.0299998428672552     
   2.4541932419843340       0.95620306623831752        7.0399998426437378     
   2.4696159492071992       0.95561579563030086        7.0499998424202204     
   2.4851440013535337       0.95507322448415966        7.0599998421967030     
   2.5007774940570924       0.95457557887233413        7.0699998419731855     
   2.5165165084791865       0.95412309080236257        7.0799998417496681     
   2.5323611108700512       0.95371599830024822        7.0899998415261507     
   2.5483113521214427       0.95335454549488130        7.0999998413026333     
   2.5643672673103421       0.95303898270351806        7.1099998410791159     
   2.5805288752336417       0.95276956651831601        7.1199998408555984     
   2.5967961779336890       0.95254655989392345        7.1299998406320810     
   2.6131691602145706       0.95237023223612127        7.1399998404085636     
   2.6296477891490091       0.95224085949151371        7.1499998401850462     
   2.6462320135757578       0.95215872423826220        7.1599998399615288     
   2.6629217635873701       0.95212411577785649        7.1699998397380114     
   2.6797169500082307       0.95213733022791547        7.1799998395144939     
   2.6966174638627298       0.95219867061600771        7.1899998392909765     
   2.7136231758334661       0.95230844697448269        7.1999998390674591     
   2.7307339357093712       0.95246697643629774        7.2099998388439417     
   2.7479495718236420       0.95267458333182919        7.2199998386204243     
   2.7652698904813753       0.95293159928664972        7.2299998383969069     
   2.7826946753768045       0.95323836332025524        7.2399998381733894     
   2.8002236870000310       0.95359522194572066        7.2499998379498720     
   2.8178566620331607       0.95400252927026286        7.2599998377263546     
   2.8355933127357460       0.95446064709668632        7.2699998375028372     
   2.8534333263194491       0.95496994502568522        7.2799998372793198     
   2.8713763643118351       0.95553080055897166        7.2899998370558023     
   2.8894220619092215       0.95614359920320013        7.2999998368322849     
   2.9075700273185054       0.95680873457465176        7.3099998366087675     
   2.9258198410878968       0.95752660850464222        7.3199998363852501     
   2.9441710554264962       0.95829763114561306        7.3299998361617327     
   2.9626231935126595       0.95912222107786205        7.3399998359382153     
   2.9811757487910966       0.96000080541686672        7.3499998357146978     
   2.9998281842586607       0.96093381992115012        7.3599998354911804     
   3.0185799317387922       0.96192170910063535        7.3699998352676630     
   3.0374303911445866       0.96296492632543185        7.3799998350441456     
   3.0563789297304700       0.96406393393499024        7.3899998348206282     
   3.0754248813324678       0.96521920334756206        7.3999998345971107     
   3.0945675455970680       0.96643121516989272        7.4099998343735933     
   3.1138061871986853       0.96770045930707438        7.4199998341500759     
   3.1331400350457490       0.96902743507247857        7.4299998339265585     
   3.1525682814754434       0.97041265129768561        7.4399998337030411     
   3.1720900814371444       0.97185662644232040        7.4499998334795237     
   3.1917045516646105       0.97335988870370038        7.4599998332560062     
   3.2114107698369940       0.97492297612619661        7.4699998330324888     
   3.2312077737287588       0.97654643671020003        7.4799998328089714     
   3.2510945603486032       0.97823082852058274        7.4899998325854540     
   3.2710700850674996       0.97997671979453482        7.4999998323619366     
   3.2911332607359851       0.98178468904865290        7.5099998321384192     
   3.3112829567908482       0.98365532518514764        7.5199998319149017     
   3.3315179983513805       0.98558922759703238        7.5299998316913843     
   3.3518371653053762       0.98758700627214657        7.5399998314678669     
   3.3722391913850873       0.98964928189586043        7.5499998312443495     
   3.3927227632333588       0.99177668595229840        7.5599998310208321     
   3.4132865194601942       0.99396986082391281        7.5699998307973146     
   3.4339290496900219       0.99622945988922806        7.5799998305737972     
   3.4546488935999564       0.99855614761856859        7.5899998303502798     
   3.4754445399493794        1.0009505996675743        7.5999998301267624     
   3.4963144256011804        1.0034135029682967        7.6099998299032450     
   3.5172569345350406        1.0059455558176607        7.6199998296797276     
   3.5382703968531541        1.0085474679630653        7.6299998294562101     
   3.5593530877788235        1.0112199606848871        7.6399998292326927     
   3.5805032266483954        1.0139637668756385        7.6499998290091753     
   3.6017189758970263        1.0167796311155217        7.6599998287856579     
   3.6229984400388142        1.0196683097441095        7.6699998285621405     
   3.6443396646418589        1.0226305709278676        7.6799998283386230     
   3.6657406352988491        1.0256671947232270        7.6899998281151056     
   3.6871992765938209        1.0287789731348957        7.6999998278915882     
   3.7087134510657616        1.0319667101690910        7.7099998276680708     
   3.7302809581697796        1.0352312218813569        7.7199998274445534     
   3.7518995332365992        1.0385733364186194        7.7299998272210360     
   3.7735668464311902        1.0419938940551166        7.7399998269975185     
   3.7952805017113764        1.0454937472218253        7.7499998267740011     
   3.8170380357873217        1.0490737605289944        7.7599998265504837     
   3.8388369170828427        1.0527348107813737        7.7699998263269663     
   3.8606745446995365        1.0564777869857185        7.7799998261034489     
   3.8825482473847770        1.0603035903501266        7.7899998258799314     
   3.9044552825046739        1.0642131342747532        7.7999998256564140     
   3.9263928350231545        1.0682073443334295        7.8099998254328966     
   3.9483580164883749        1.0722871582456950        7.8199998252093792     
   3.9703478640277345        1.0764535258387338        7.8299998249858618     
   3.9923593393528209        1.0807074089986899        7.8399998247623444     
   4.0143893277756746        1.0850497816108162        7.8499998245388269     
   4.0364346372378312        1.0894816294878942        7.8599998243153095     
   4.0584919973536575        1.0940039502863417        7.8699998240917921     
   4.0805580584695651        1.0986177534094088        7.8799998238682747     
   4.1026293907407565        1.1033240598968399        7.8899998236447573     
   4.1247024832272263        1.1081239023003631        7.8999998234212399     
   4.1467737430108054        1.1130183245443463        7.9099998231977224     
   4.1688394943351206        1.1180083817709427        7.9199998229742050     
   4.1908959777704045        1.1230951401690217        7.9299998227506876     
   4.2129393494051675        1.1282796767861714        7.9399998225271702     
   4.2349656800668249        1.1335630793230296        7.9499998223036528     
   4.2569709545734504        1.1389464459091854        7.9599998220801353     
   4.2789510710188914        1.1444308848598719        7.9699998218566179     
   4.3009018400935792        1.1500175144126525        7.9799998216331005     
   4.3228189844434404        1.1557074624432804        7.9899998214095831     
   4.3446981380693899        1.1615018661598961        7.9999998211860657     
   4.3665348457699782        1.1674018717747059        8.0099998209625483     
   4.3883245626298413        1.1734086341522665        8.0199998207390308     
   4.4100626535566816        1.1795233164334837        8.0299998205155134     
   4.4317443928696028        1.1857470896344167        8.0399998202919960     
   4.4533649639416826        1.1920811322189593        8.0499998200684786     
   4.4749194588997732        1.1985266296444588        8.0599998198449612     
   4.4964028783845800        1.2050847738793138        8.0699998196214437     
   4.5178101313741603        1.2117567628915815        8.0799998193979263     
   4.5391360350740619        1.2185438001076114        8.0899998191744089     
   4.5603753148773958        1.2254470938397093        8.0999998189508915     
   4.5815226043982147        1.2324678566818277        8.1099998187273741     
   4.6025724455816448        1.2396073048722709        8.1199998185038567     
   4.6235192888942906        1.2468666576223915        8.1299998182803392     
   4.6443574935984948        1.2542471364102563        8.1399998180568218     
   4.6650813281141090        1.2617499642382519        8.1499998178333044     
   4.6856849704714945        1.2693763648536016        8.1599998176097870     
   4.7061625088595163        1.2771275619307660        8.1699998173862696     
   4.7265079422723675        1.2850047782147047        8.1799998171627522     
   4.7467151812590984        1.2930092346239810        8.1899998169392347     
   4.7667780487797682        1.3011421493127038        8.1999998167157173     
   4.7866902811721799        1.3094047366903114        8.2099998164921999     
   4.8064455292331907        1.3177982063982197        8.2199998162686825     
   4.8260373594186099        1.3263237622423736        8.2299998160451651     
   4.8454592551657152        1.3349826010807697        8.2399998158216476     
   4.8647046183424338        1.3437759116650365        8.2499998155981302     
   4.8837667708272239        1.3527048734351985        8.2599998153746128     
   4.9026389562236909        1.3617706552667814        8.2699998151510954     
   4.9213143417139538        1.3709744141694558        8.2799998149275780     
   4.9397860200547425        1.3803172939364641        8.2899998147040606     
   4.9580470117201676        1.3898004237441246        8.2999998144805431     
   4.9760902671950538        1.3994249167007600        8.3099998142570257     
   4.9939086694226607        1.4091918683444640        8.3199998140335083     
   5.0114950364105342        1.4191023550891804        8.3299998138099909     
   5.0288421239981362        1.4291574326186460        8.3399998135864735     
   5.0459426287898008        1.4393581342278259        8.3499998133629560     
   5.0627891912564298        1.4497054691115556        8.3599998131394386     
   5.0793743990092111        1.4602004206001984        8.3699998129159212     
   5.0956907902484749        1.4708439443422197        8.3799998126924038     
   5.1117308573906417        1.4816369664336937        8.3899998124688864     
   5.1274870508760095        1.4925803814948650        8.3999998122453690     
   5.1429517831599236        1.5036750506940104        8.4099998120218515     
   5.1581174328896431        1.5149217997189741        8.4199998117983341     
   5.1729763492689553        1.5263214166968844        8.4299998115748167     
   5.1875208566123288        1.5378746500627034        8.4399998113512993     
   5.2017432590900983        1.5495822063774130        8.4499998111277819     
   5.2156358456658536        1.5614447480967957        8.4599998109042645     
   5.2291908952268820        1.5734628912919408        8.4699998106807470     
   5.2424006819081290        1.5856372033227752        8.4799998104572296     
   5.2552574806097931        1.5979682004661022        8.4899998102337122     
   5.2677535727082372        1.6104563454998215        8.4999998100101948     
   5.2798812519594813        1.6231020452451999        8.5099998097866774     
   5.2916328305940974        1.6359056480692644        8.5199998095631599     
   5.3030006456018386        1.6488674413496043        8.5299998093396425     
   5.3139770652038560        1.6619876489040812        8.5399998091161251     
   5.3245544955098199        1.6752664283881760        8.5499998088926077     
   5.3347253873567348        1.6887038686629250        8.5599998086690903     
   5.3444822433256745        1.7022999871366400        8.5699998084455729     
   5.3538176249320673        1.7160547270838398        8.5799998082220554     
   5.3627241599845838        1.7299679549450730        8.5899998079985380     
   5.3711945501070355        1.7440394576115543        8.5999998077750206     
   5.3792215784170612        1.7582689396987909        8.6099998075515032     
   5.3867981173547390        1.7726560208136299        8.6199998073279858     
   5.3939171366535623        1.7872002328194101        8.6299998071044683     
   5.4005717114455640        1.8019010171041587        8.6399998068809509     
   5.4067550304916594        1.8167577218570303        8.6499998066574335     
   5.4124604045275868        1.8317695993584349        8.6599998064339161     
   5.4176812747151111        1.8469358032895549        8.6699998062103987     
   5.4224112211874331        1.8622553860671991        8.6799998059868813     
   5.4266439716770458        1.8777272962101801        8.6899998057633638     
   5.4303734102135408        1.8933503757436398        8.6999998055398464     
   5.4335935858781799        1.9091233576479727        8.7099998053163290     
   5.4362987216013137        1.9250448633592168        8.7199998050928116     
   5.4384832229880518        1.9411134003279882        8.7299998048692942     
   5.4401416871568946        1.9573273596442304        8.7399998046457767     
   5.4412689115753698        1.9736850137352311        8.7499998044222593     
   5.4418599028760752        1.9901845141445242        8.7599998041987419     
   5.4419098856358987        2.0068238893994459        8.7699998039752245     
   5.4414143111005870        2.0236010429752400        8.7799998037517071     
   5.4403688658362910        2.0405137513637213        8.7899998035281897     
   5.4387694802891566        2.0575596622545889        8.7999998033046722     
   5.4366123372335649        2.0747362928375530        8.8099998030811548     
   5.4338938800891770        2.0920410282334698        8.8199998028576374     
   5.4306108210865265        2.1094711200626945        8.8299998026341200     
   5.4267601492605824        2.1270236851588513        8.8399998024106026     
   5.4223391382513917        2.1446957044361632        8.8499998021870852     
   5.4173453538907017        2.1624840219184231        8.8599998019635677     
   5.4117766615532812        2.1803853439375604        8.8699998017400503     
   5.4056312332515759        2.1983962385096327        8.8799998015165329     
   5.3989075544522915        2.2165131348958838        8.8899998012930155     
   5.3916044305935555        2.2347323233563019        8.8999998010694981     
   5.3837209932814298        2.2530499551028660        8.9099998008459806     
   5.3752567061447412        2.2714620424593748        8.9199998006224632     
   5.3662113703274965        2.2899644592344415        8.9299998003989458     
   5.3565851295985070        2.3085529413138701        8.9399998001754284     
   5.3463784750583052        2.3272230874782371        8.9499997999519110     
   5.3355922494239874        2.3459703604510627        8.9599997997283936     
   5.3242276508732305        2.3647900881824899        8.9699997995048761     
   5.3122862364294665        2.3836774653728812        8.9799997992813587     
   5.2997699248710006        2.4026275552401946        8.9899997990578413     
   5.2866809991477428        2.4216352915344324        8.9999997988343239     
   5.2730221082902320        2.4406954808018386        9.0099997986108065     
   5.2587962687966687        2.4598028049008804        9.0199997983872890     
   5.2440068654848444        2.4789518237713812        9.0299997981637716     
   5.2286576517970795        2.4981369784574712        9.0399997979402542     
   5.2127527495475894        2.5173525943842980        9.0499997977167368     
   5.1962966481030772        2.5365928848876917        9.0599997974932194     
   5.1792942029888085        2.5558519549952172        9.0699997972697020     
   5.1617506339139307        2.5751238054562542        9.0799997970461845     
   5.1436715222113785        2.5944023370179612        9.0899997968226671     
   5.1250628076893241        2.6136813549431572        9.0999997965991497     
   5.1059307848928093        2.6329545737653550        9.1099997963756323     
   5.0862820987759028        2.6522156222753526        9.1199997961521149     
   5.0661237397864731        2.6714580487329802        9.1299997959285975     
   5.0454630383674246        2.6906753262967849        9.1399997957050800     
   5.0243076588800442        2.7098608586636339        9.1499997954815626     
   5.0026655929568768        2.7290079859094307        9.1599997952580452     
   4.9805451522933586        2.7481099905213600        9.1699997950345278     
   4.9579549608892055        2.7671601036113338        9.1799997948110104     
   4.9349039467523239        2.7861515112995834        9.1899997945874929     
   4.9114013330797537        2.8050773612566422        9.1999997943639755     
   4.8874566289318420        2.8239307693913065        9.2099997941404581     
   4.8630796194175208        2.8427048266715382        9.2199997939169407     
   4.8382803554101566        2.8613926060646802        9.2299997936934233     
   4.8130691428149852        2.8799871695828267        9.2399997934699059     
   4.7874565314106290        2.8984815754186943        9.2499997932463884     
   4.7614533032885804        2.9168688851568945        9.2599997930228710     
   4.7350704609158516        2.9351421710451304        9.2699997927993536     
   4.7083192148472266        2.9532945233095043        9.2799997925758362     
   4.6812109711146448        2.9713190574978485        9.2899997923523188     
   4.6537573183223016        2.9892089218347895        9.2999997921288013     
   4.6259700144769340        3.0069573045720928        9.3099997919052839     
   4.5978609735835647        3.0245574413177603        9.3199997916817665     
   4.5694422520376623        3.0420026223273240        9.3299997914582491     
   4.5407260348452185        3.0592861997408218        9.3399997912347317     
   4.5117246217026867        3.0764015947490524        9.3499997910112143     
   4.4824504129690288        3.0933423046728672        9.3599997907876968     
   4.4529158955622865        3.1101019099395009        9.3699997905641794     
   4.4231336288131633        3.1266740809402358        9.3799997903406620     
   4.3931162303080091        3.1430525847540451        9.3899997901171446     
   4.3628763617534077        3.1592312917222913        9.3999997898936272     
   4.3324267148942353        3.1752041818600101        9.4099997896701097     
   4.3017799975166175        3.1909653510898592        9.4199997894465923     
   4.2709489195666404        3.2065090172853683        9.4299997892230749     
   4.2399461794149902        3.2218295261107750        9.4399997889995575     
   4.2087844502969176        3.2369213566453854        9.4499997887760401     
   4.1774763669560144        3.2517791267811296        9.4599997885525227     
   4.1460345125193099        3.2663975983827189        9.4699997883290052     
   4.1144714056301046        3.2807716822006072        9.4799997881054878     
   4.0827994878637908        3.2948964425277709        9.4899997878819704     
   4.0510311114506612        3.3087671015921614        9.4999997876584530     
   4.0191785273283918        3.3223790436775444        9.5099997874349356     
   3.9872538735454981        3.3357278189663240        9.5199997872114182     
   3.9552691640356277        3.3488091470988288        9.5299997869879007     
   3.9232362777810734        3.3616189204444473        9.5399997867643833     
   3.8911669483823612        3.3741532070808873        9.5499997865408659     
   3.8590727540492149        3.3864082534787490        9.5599997863173485     
   3.8269651080266271        3.3983804868894789        9.5699997860938311     
   3.7948552494681689        3.4100665174356708        9.5799997858703136     
   3.7627542347670744        3.4214631399035458        9.5899997856467962     
   3.7306729293540437        3.4325673352382968        9.5999997854232788     
   3.6986219999691099        3.4433762717438214        9.6099997851997614     
   3.6666119074133547        3.4538873059891739        9.6199997849762440     
   3.6346528997846974        3.4640979834248520        9.6299997847527266     
   3.6027550062004661        3.4740060387127860        9.6399997845292091     
   3.5709280310079747        3.4836093957746193        9.6499997843056917     
   3.5391815484828855        3.4929061675635542        9.6599997840821743     
   3.5075248980137328        3.5018946555656876        9.6699997838586569     
   3.4759671797696470        3.5105733490373656        9.6799997836351395     
   3.4445172508470190        3.5189409239856619        9.6899997834116220     
   3.4131837218896162        3.5269962418996053        9.6999997831881046     
   3.3819749541754942        3.5347383482402743        9.7099997829645872     
   3.3508990571629433        3.5421664706983105        9.7199997827410698     
   3.3199638864866730        3.5492800172278041        9.7299997825175524     
   3.2891770423944777        3.5560785738658587        9.7399997822940350     
   3.2585458686137287        3.5625619023474493        9.7499997820705175     
   3.2280774516362203        3.5687299375254531        9.7599997818470001     
   3.1977786204091490        3.5745827846059623        9.7699997816234827     
   3.1676559464193335        3.5801207162091542        9.7799997813999653     
   3.1377157441571777        3.5853441692661461        9.7899997811764479     
   3.1079640719463546        3.5902537417623517        9.7999997809529305     
   3.0784067331247305        3.5948501893379166        9.8099997807294130     
   3.0490492775616613        3.5991344217558319        9.8199997805058956     
   3.0198970034964763        3.6031074992483085        9.8299997802823782     
   2.9909549596827105        3.6067706287519425        9.8399997800588608     
   2.9622279478224587        3.6101251600421196        9.8499997798353434     
   2.9337205252751053        3.6131725817769960        9.8599997796118259     
   2.9054370080246068        3.6159145174612397        9.8699997793883085     
   2.8773814738895060        3.6183527213395563        9.8799997791647911     
   2.8495577659598936        3.6204890742298157        9.8899997789412737     
   2.8219694962456328        3.6223255793053850        9.8999997787177563     
   2.7946200495203009        3.6238643578360286        9.9099997784942389     
   2.7675125873454975        3.6251076448964730        9.9199997782707214     
   2.7406500522603889        3.6260577850514601        9.9299997780472040     
   2.7140351721216320        3.6267172280258189        9.9399997778236866     
   2.6876704645791221        3.6270885243677760        9.9499997776001692     
   2.6615582416733421        3.6271743211134111        9.9599997773766518     
   2.6357006145404553        3.6269773574598343        9.9699997771531343     
   2.6100994982116688        3.6265004604543236        9.9799997769296169     
   2.5847566164938129        3.6257465407063272        9.9899997767060995     
   2.5596735069185055        3.6247185881288781        9.9999997764825821     
   2.5348515257477193        3.6234196677156278        10.009999776259065     
   2.5102918530240390        3.6218529153593519        10.019999776035547     
   2.4859954976543537        3.6200215337174297        10.029999775812030     
   2.4619633025162289        3.6179287881294484        10.039999775588512     
   2.4381959495766763        3.6155780025917412        10.049999775364995     
   2.4146939650135404        3.6129725557933186        10.059999775141478     
   2.3914577243302131        3.6101158772173156        10.069999774917960     
   2.3684874574548824        3.6070114433117464        10.079999774694443     
   2.3457832538160135        3.6036627737330300        10.089999774470925     
   2.3233450673862497        3.6000734276654276        10.099999774247408     
   2.3011727216874092        3.5962470002192282        10.109999774023890     
   2.2792659147497214        3.5921871189102079        10.119999773800373     
   2.2576242240189304        3.5878974402226036        10.129999773576856     
   2.2362471112053370        3.5833816462575472        10.139999773353338     
   2.2151339270693193        3.5786434414686439        10.149999773129821     
   2.1942839161382954        3.5736865494861072        10.159999772906303     
   2.1736962213505269        3.5685147100306125        10.169999772682786     
   2.1533698886215777        3.5631316759177887        10.179999772459269     
   2.1333038713296384        3.5575412101540373        10.189999772235751     
   2.1134970347163167        3.5517470831241509        10.199999772012234     
   2.0939481601998717        3.5457530698709854        10.209999771788716     
   2.0746559495982186        3.5395629474672559        10.219999771565199     
   2.0556190292593834        3.5331804924793273        10.229999771341681     
   2.0368359540974117        3.5266094785227029        10.239999771118164     
   2.0183052115320481        3.5198536739087469        10.249999770894647     
   2.0000252253308073        3.5129168393820205        10.259999770671129     
   1.9819943593523304        3.5058027259474751        10.269999770447612     
   1.9642109211902017        3.4985150727865997        10.279999770224094     
   1.9466731657166441        3.4910576052615134        10.289999770000577     
   1.9293792985257558        3.4834340330058633        10.299999769777060     
   1.9123274792761749        3.4756480481012946        10.309999769553542     
   1.8955158249332662        3.4677033233381640        10.319999769330025     
   1.8789424129111267        3.4596035105590750        10.329999769106507     
   1.8626052841148844        3.4513522390837421        10.339999768882990     
   1.8465024458839367        3.4429531142136200        10.349999768659472     
   1.8306318748369361        3.4344097158146698        10.359999768435955     
   1.8149915196194699        3.4257255969765827        10.369999768212438     
   1.7995793035555188        3.4169042827467355        10.379999767988920     
   1.7843931272039009        3.4079492689371058        10.389999767765403     
   1.7694308708210171        3.3988640210023506        10.399999767541885     
   1.7546903967313150        3.3896519729872168        10.409999767318368     
   1.7401695516069804        3.3803165265414328        10.419999767094851     
   1.7258661686584456        3.3708610500002147        10.429999766871333     
   1.7117780697373743        3.3612888775285104        10.439999766647816     
   1.6979030673538509        3.3516033083270926        10.449999766424298     
   1.6842389666095476        3.3418076058986208        10.459999766200781     
   1.6707835670487026        3.3319049973717805        10.469999765977263     
   1.6575346644287703        3.3218986728816291        10.479999765753746     
   1.6444900524126453        3.3117917850042762        10.489999765530229     
   1.6316475241843851        3.3015874482440428        10.499999765306711     
   1.6190048739903751        3.2912887385712666        10.509999765083194     
   1.6065598986079004        3.2808986930089254        10.519999764859676     
   1.5943103987430876        3.2704203092662905        10.529999764636159     
   1.5822541803601942        3.2598565454178283        10.539999764412642     
   1.5703890559442166        3.2492103196256097        10.549999764189124     
   1.5587128456987831        3.2384845099035031        10.559999763965607     
   1.5472233786812934        3.2276819539214641        10.569999763742089     
   1.5359184938772494        3.2168054488482642        10.579999763518572     
   1.5247960412157069        3.2058577512310324        10.589999763295054     
   1.5138538825277632        3.1948415769100169        10.599999763071537     
   1.5030898924499680        3.1837596009670133        10.609999762848020     
   1.4925019592745243        3.1726144577059370        10.619999762624502     
   1.4820879857481193        3.1614087406640525        10.629999762400985     
   1.4718458898211968        3.1501450026524176        10.639999762177467     
   1.4617736053494512        3.1388257558241248        10.649999761953950     
   1.4518690827492922        3.1274534717689746        10.659999761730433     
   1.4421302896089971        3.1160305816332401        10.669999761506915     
   1.4325552112572313        3.1045594762632289        10.679999761283398     
   1.4231418512905820        3.0930425063713813        10.689999761059880     
   1.4138882320617170        3.0814819827236870        10.699999760836363     
   1.4047923951297383        3.0698801763472323        10.709999760612845     
   1.3958524016742682        3.0582393187567360        10.719999760389328     
   1.3870663328747614        3.0465616021989632        10.729999760165811     
   1.3784322902565036        3.0348491799139441        10.739999759942293     
   1.3699483960047161        3.0231041664119638        10.749999759718776     
   1.3616127932481461        3.0113286377653243        10.759999759495258     
   1.3534236463134861        2.9995246319139111        10.769999759271741     
   1.3453791409519260        2.9876941489836373        10.779999759048223     
   1.3374774845391015        2.9758391516168698        10.789999758824706     
   1.3297169062496685        2.9639615653139746        10.799999758601189     
   1.3220956572076894        2.9520632787851535        10.809999758377671     
   1.3146120106139865        2.9401461443117767        10.819999758154154     
   1.3072642618515733        2.9282119781164426        10.829999757930636     
   1.3000507285702450        2.9162625607410360        10.839999757707119     
   1.2929697507513676        2.9042996374320751        10.849999757483602     
   1.2860196907538741        2.8923249185326778        10.859999757260084     
   1.2791989333424385        2.8803400798804994        10.869999757036567     
   1.2725058856987641        2.8683467632110218        10.879999756813049     
   1.2659389774168930        2.8563465765656053        10.889999756589532     
   1.2594966604834037        2.8443410947037400        10.899999756366014     
   1.2531774092433394        2.8323318595189537        10.909999756142497     
   1.2469797203526727        2.8203203804578658        10.919999755918980     
   1.2409021127180828        2.8083081349418961        10.929999755695462     
   1.2349431274247944        2.7962965687911612        10.939999755471945     
   1.2291013276531930        2.7842870966501154        10.949999755248427     
   1.2233752985849093        2.7722811024145146        10.959999755024910     
   1.2177636472990299        2.7602799396593003        10.969999754801393     
   1.2122650026590729        2.7482849320670253        10.979999754577875     
   1.2068780151913350        2.7362973738564600        10.989999754354358     
   1.2016013569551933        2.7243185302110366        10.999999754130840     
   1.1964337214059206        2.7123496377068106        11.009999753907323     
   1.1913738232505477        2.7003919047396296        11.019999753683805     
   1.1864203982972865        2.6884465119512266        11.029999753460288     
   1.1815722032989999        2.6765146126539623        11.039999753236771     
   1.1768280157911879        2.6645973332539610        11.049999753013253     
   1.1721866339249352        2.6526957736723999        11.059999752789736     
   1.1676468762952461        2.6408110077647260        11.069999752566218     
   1.1632075817651739        2.6289440837375864        11.079999752342701     
   1.1588676092861308        2.6170960245632764        11.089999752119184     
   1.1546258377147485        2.6052678283915163        11.099999751895666     
   1.1504811656266412        2.5934604689583876        11.109999751672149     
   1.1464325111274036        2.5816748959922635        11.119999751448631     
   1.1424788116611642        2.5699120356165861        11.129999751225114     
   1.1386190238169938        2.5581727907493499        11.139999751001596     
   1.1348521231334587        2.5464580414991640        11.149999750778079     
   1.1311771039015894        2.5347686455577740        11.159999750554562     
   1.1275929789665227        2.5231054385889351        11.169999750331044     
   1.1240987795280635        2.5114692346135334        11.179999750107527     
   1.1206935549403971        2.4998608263908704        11.189999749884009     
   1.1173763725111723        2.4882809857960200        11.199999749660492     
   1.1141463173001598        2.4767304641931887        11.209999749436975     
   1.1110024919176864        2.4652099928050091        11.219999749213457     
   1.1079440163230250        2.4537202830777067        11.229999748989940     
   1.1049700276229173        2.4422620270420876        11.239999748766422     
   1.1020796798703936        2.4308358976702951        11.249999748542905     
   1.0992721438640412        2.4194425492283034        11.259999748319387     
   1.0965466069478695        2.4080826176241028        11.269999748095870     
   1.0939022728119066        2.3967567207515570        11.279999747872353     
   1.0913383612936538        2.3854654588298980        11.289999747648835     
   1.0888541081805205        2.3742094147388508        11.299999747425318     
   1.0864487650133472        2.3629891543493615        11.309999747201800     
   1.0841215988911239        2.3518052268499292        11.319999746978283     
   1.0818718922769996        2.3406581650685272        11.329999746754766     
   1.0796989428056738        2.3295484857901201        11.339999746531248     
   1.0776020630922527        2.3184766900697702        11.349999746307731     
   1.0755805805426486        2.3074432635413458        11.359999746084213     
   1.0736338371655947        2.2964486767218348        11.369999745860696     
   1.0717611893863395        2.2854933853112804        11.379999745637178     
   1.0699620078620837        2.2745778304883491        11.389999745413661     
   1.0682356772992148        2.2637024392015528        11.399999745190144     
   1.0665815962723875        2.2528676244561416        11.409999744966626     
   1.0649991770455010        2.2420737855966935        11.419999744743109     
   1.0634878453946104        2.2313213085854224        11.429999744519591     
   1.0620470404328126        2.2206105662762345        11.439999744296074     
   1.0606762144371391        2.2099419186845601        11.449999744072556     
   1.0593748326774863        2.1993157132529935        11.459999743849039     
   1.0581423732476094        2.1887322851127702        11.469999743625522     
   1.0569783268982025        2.1781919573411206        11.479999743402004     
   1.0558821968720851        2.1676950412145306        11.489999743178487     
   1.0548534987415119        2.1572418364579504        11.499999742954969     
   1.0538917602476197        2.1468326314899850        11.509999742731452     
   1.0529965211420209        2.1364677036641111        11.519999742507935     
   1.0521673330305557        2.1261473195059550        11.529999742284417     
   1.0514037592192051        2.1158717349466789        11.539999742060900     
   1.0507053745621722        2.1056411955525105        11.549999741837382     
   1.0500717653121296        2.0954559367504659        11.559999741613865     
   1.0495025289726374        2.0853161840503036        11.569999741390347     
   1.0489972741527243        2.0752221532627577        11.579999741166830     
   1.0485556204236315        2.0651740507140910        11.589999740943313     
   1.0481771981777126        2.0551720734570189        11.599999740719795     
   1.0478616484894805        2.0452164094780425        11.609999740496278     
   1.0476086229787953        2.0353072379012418        11.619999740272760     
   1.0474177836761804        2.0254447291885751        11.629999740049243     
   1.0472888028902561        2.0156290453367260        11.639999739825726     
   1.0472213630772782        2.0058603400705510        11.649999739602208     
   1.0472151567127677        1.9961387590331692        11.659999739378691     
   1.0472698861652148        1.9864644399727442        11.669999739155173     
   1.0473852635718435        1.9768375129260032        11.679999738931656     
   1.0475610107164186        1.9672581003985397        11.689999738708138     
   1.0477968589090763        1.9577263175419479        11.699999738484621     
   1.0480925488681614        1.9482422723278350        11.709999738261104     
   1.0484478306040514        1.9388060657187569        11.719999738037586     
   1.0488624633049459        1.9294177918361248        11.729999737814069     
   1.0493362152246015        1.9200775381251280        11.739999737590551     
   1.0498688635719913        1.9107853855167203        11.749999737367034     
   1.0504601944028660        1.9015414085867135        11.759999737143517     
   1.0511100025131954        1.8923456757120263        11.769999736919999     
   1.0518180913344664        1.8831982492241304        11.779999736696482     
   1.0525842728308137        1.8740991855597426        11.789999736472964     
   1.0534083673979617        1.8650485354088051        11.799999736249447     
   1.0542902037639521        1.8560463438597978        11.809999736025929     
   1.0552296188916315        1.8470926505424288        11.819999735802412     
   1.0562264578828779        1.8381874897677446        11.829999735578895     
   1.0572805738845386        1.8293308906657058        11.839999735355377     
   1.0583918279960538        1.8205228773202666        11.849999735131860     
   1.0595600891787444        1.8117634689020063        11.859999734908342     
   1.0607852341667343        1.8030526797983508        11.869999734684825     
   1.0620671473794834        1.7943905197414260        11.879999734461308     
   1.0634057208359069        1.7857769939335870        11.889999734237790     
   1.0648008540700533        1.7772121031706607        11.899999734014273     
   1.0662524540483149        1.7686958439629445        11.909999733790755     
   1.0677604350881469        1.7602282086539995        11.919999733567238     
   1.0693247187782673        1.7518091855372782        11.929999733343720     
   1.0709452339003120        1.7434387589706257        11.939999733120203     
   1.0726219163519197        1.7351169094886933        11.949999732896686     
   1.0743547090712191        1.7268436139133023        11.959999732673168     
   1.0761435619626942        1.7186188454617946        11.969999732449651     
   1.0779884318243997        1.7104425738534095        11.979999732226133     
   1.0798892822765020        1.7023147654137216        11.989999732002616     
   1.0818460836911183        1.6942353831771764        11.999999731779099     
   1.0838588131234295        1.6862043869877599        12.009999731555581     
   1.0859274542440398        1.6782217335978371        12.019999731332064     
   1.0880519972725566        1.6702873767651945        12.029999731108546     
   1.0902324389123668        1.6624012673483206        12.039999730885029     
   1.0924687822865813        1.6545633533999593        12.049999730661511     
   1.0947610368751244        1.6467735802589683        12.059999730437994     
   1.0971092184529398        1.6390318906405161        12.069999730214477     
   1.0995133490292903        1.6313382247246517        12.079999729990959     
   1.1019734567881234        1.6236925202432761        12.089999729767442     
   1.1044895760294793        1.6160947125655503        12.099999729543924     
   1.1070617471119140        1.6085447347817685        12.109999729320407     
   1.1096900163959134        1.6010425177857306        12.119999729096889     
   1.1123744361882739        1.5935879903556391        12.129999728873372     
   1.1151150646874217        1.5861810792335576        12.139999728649855     
   1.1179119659296488        1.5788217092034522        12.149999728426337     
   1.1207652097362384        1.5715098031678532        12.159999728202820     
   1.1236748716614560        1.5642452822231583        12.169999727979302     
   1.1266410329413807        1.5570280657336113        12.179999727755785     
   1.1296637804435532        1.5498580714039811        12.189999727532268     
   1.1327432066174126        1.5427352153509684        12.199999727308750     
   1.1358794094455016        1.5356594121733698        12.209999727085233     
   1.1390724923954121        1.5286305750210225        12.219999726861715     
   1.1423225643724477        1.5216486156625588        12.229999726638198     
   1.1456297396729795        1.5147134445519947        12.239999726414680     
   1.1489941379384694        1.5078249708941784        12.249999726191163     
   1.1524158841101364        1.5009831027091243        12.259999725967646     
   1.1558951083842433        1.4941877468952567        12.269999725744128     
   1.1594319461679767        1.4874388092915891        12.279999725520611     
   1.1630265380358991        1.4807361947388606        12.289999725297093     
   1.1666790296869449        1.4740798071396557        12.299999725073576     
   1.1703895719019404        1.4674695495175296        12.309999724850059     
   1.1741583205016191        1.4609053240751626        12.319999724626541     
   1.1779854363051114        1.4543870322515657        12.329999724403024     
   1.1818710850888832        1.4479145747783606        12.339999724179506     
   1.1858154375460974        1.4414878517351555        12.349999723955989     
   1.1898186692463772        1.4351067626040392        12.359999723732471     
   1.1938809605959437        1.4287712063232150        12.369999723508954     
   1.1980024967981056        1.4224810813397941        12.379999723285437     
   1.2021834678140753        1.4162362856617718        12.389999723061919     
   1.2064240683240870        1.4100367169092045        12.399999722838402     
   1.2107244976887932        1.4038822723646109        12.409999722614884     
   1.2150849599109137        1.3977728490226140        12.419999722391367     
   1.2195056635971131        1.3917083436388462        12.429999722167850     
   1.2239868219200813        1.3856886527781367        12.439999721944332     
   1.2285286525807944        1.3797136728619985        12.449999721720815     
   1.2331313777709270        1.3737833002154374        12.459999721497297     
   1.2377952241353951        1.3678974311130974        12.469999721273780     
   1.2425204227350015        1.3620559618247658        12.479999721050262     
   1.2473072090091595        1.3562587886602526        12.489999720826745     
   1.2521558227386695        1.3505058080136629        12.499999720603228     
   1.2570665080085230        1.3447969164070825        12.509999720379710     
   1.2620395131707072        1.3391320105336906        12.519999720156193     
   1.2670750908069857        1.3335109873003206        12.529999719932675     
   1.2721734976916290        1.3279337438694827        12.539999719709158     
   1.2773349947540678        1.3224001777008687        12.549999719485641     
   1.2825598470414428        1.3169101865923525        12.559999719262123     
   1.2878483236810256        1.3114636687205052        12.569999719038606     
   1.2932006978424824        1.3060605226806412        12.579999718815088     
   1.2986172466999542        1.3007006475264082        12.589999718591571     
   1.3040982513939261        1.2953839428089426        12.599999718368053     
   1.3096439969928584        1.2901103086156009        12.609999718144536     
   1.3152547724545507        1.2848796456082860        12.619999717921019     
   1.3209308705872134        1.2796918550613827        12.629999717697501     
   1.3266725880102148        1.2745468388993182        12.639999717473984     
   1.3324802251144796        1.2694444997337622        12.649999717250466     
   1.3383540860225047        1.2643847409004818        12.659999717026949     
   1.3442944785479687        1.2593674664958672        12.669999716803432     
   1.3503017141549007        1.2543925814131414        12.679999716579914     
   1.3563761079163834        1.2494599913782694        12.689999716356397     
   1.3625179784727550        1.2445696029855811        12.699999716132879     
   1.3687276479892843        1.2397213237331226        12.709999715909362     
   1.3750054421132856        1.2349150620577503        12.719999715685844     
   1.3813516899306426        1.2301507273699803        12.729999715462327     
   1.3877667239217102        1.2254282300886108        12.739999715238810     
   1.3942508799165614        1.2207474816751263        12.749999715015292     
   1.4008044970495488        1.2161083946679025        12.759999714791775     
   1.4074279177131446        1.2115108827162226        12.769999714568257     
   1.4141214875110293        1.2069548606141185        12.779999714344740     
   1.4208855552103941        1.2024402443340523        12.789999714121222     
   1.4277204726934218        1.1979669510604514        12.799999713897705     
   1.4346265949079133        1.1935348992231076        12.809999713674188     
   1.4416042798170239        1.1891440085304579        12.819999713450670     
   1.4486538883480735        1.1847942000027567        12.829999713227153     
   1.4557757843403958        1.1804853960051545        12.839999713003635     
   1.4629703344921881        1.1762175202806955        12.849999712780118     
   1.4702379083063264        1.1719904979832474        12.859999712556601     
   1.4775788780351076        1.1678042557103763        12.869999712333083     
   1.4849936186238788        1.1636587215361793        12.879999712109566     
   1.4924825076535189        1.1595538250440889        12.889999711886048     
   1.5000459252817278        1.1554894973596601        12.899999711662531     
   1.5076842541830888        1.1514656711833551        12.909999711439013     
   1.5153978794878591        1.1474822808233365        12.919999711215496     
   1.5231871887194495        1.1435392622282834        12.929999710991979     
   1.5310525717305503        1.1396365530202421        12.939999710768461     
   1.5389944206378632        1.1357740925275244        12.949999710544944     
   1.5470131297553917        1.1319518218176654        12.959999710321426     
   1.5551090955262505        1.1281696837304560        12.969999710097909     
   1.5632827164529466        1.1244276229110586        12.979999709874392     
   1.5715343930260879        1.1207255858432223        12.989999709650874     
   1.5798645276514729        1.1170635208826094        12.999999709427357     
   1.5882735245755146        1.1134413782902435        13.009999709203839     
   1.5967617898089514        1.1098591102660946        13.019999708980322     
   1.6053297310487962        1.1063166709828136        13.029999708756804     
   1.6139777575984755        1.1028140166196261        13.039999708533287     
   1.6227062802861070        1.0993511053964011        13.049999708309770     
   1.6315157113808667        1.0959278976079063        13.059999708086252     
   1.6404064645073926        1.0925443556582621        13.069999707862735     
   1.6493789545581730        1.0892004440956073        13.079999707639217     
   1.6584335976038658        1.0858961296469887        13.089999707415700     
   1.6675708108014962        1.0826313812534887        13.099999707192183     
   1.6767910123004746        1.0794061701056021        13.109999706968665     
   1.6860946211463816        1.0762204696788755        13.119999706745148     
   1.6954820571824623        1.0730742557698216        13.129999706521630     
   1.7049537409487701        1.0699675065321217        13.139999706298113     
   1.7145100935789044        1.0669002025131298        13.149999706074595     
   1.7241515366942801        1.0638723266906887        13.159999705851078     
   1.7338784922958688        1.0608838645102741        13.169999705627561     
   1.7436913826533489        1.0579348039224774        13.179999705404043     
   1.7535906301916047        1.0550251354208413        13.189999705180526     
   1.7635766573745053        1.0521548520800597        13.199999704957008     
   1.7736498865859052        1.0493239495945572        13.209999704733491     
   1.7838107400077934        1.0465324263174598        13.219999704509974     
   1.7940596394955302        1.0437802832999687        13.229999704286456     
   1.8043970064500987        1.0410675243311536        13.239999704062939     
   1.8148232616873048        1.0383941559781753        13.249999703839421     
   1.8253388253038541        1.0357601876269529        13.259999703615904     
   1.8359441165402333        1.0331656315232880        13.269999703392386     
   1.8466395536403253        1.0306105028144594        13.279999703168869     
   1.8574255537076825        1.0280948195913016        13.289999702945352     
   1.8683025325583831        1.0256186029307797        13.299999702721834     
   1.8792709045703966        1.0231818769390759        13.309999702498317     
   1.8903310825293771        1.0207846687951996        13.319999702274799     
   1.9014834774708098        1.0184270087951335        13.329999702051282     
   1.9127284985184272        1.0161089303965323        13.339999701827765     
   1.9240665527188161        1.0138304702639847        13.349999701604247     
   1.9354980448721333        1.0115916683148534        13.359999701380730     
   1.9470233773588441        1.0093925677657065        13.369999701157212     
   1.9586429499624007        1.0072332151793535        13.379999700933695     
   1.9703571596877740        1.0051136605125002        13.389999700710177     
   1.9821664005757502        1.0030339571640352        13.399999700486660     
   1.9940710635129055        1.0009941620239626        13.409999700263143     
   2.0060715360371670       0.99899433552299366        13.419999700039625     
   2.0181682021388685       0.99703454168281058        13.429999699816108     
   2.0303614420572109       0.99511484816701778        13.439999699592590     
   2.0426516320720309       0.99323532633279255        13.449999699369073     
   2.0550391442907832       0.99139605128324870        13.459999699145555     
   2.0675243464306403       0.98959710192052786        13.469999698922038     
   2.0801076015956133       0.98783856099963074        13.479999698698521     
   2.0927892680485898       0.98612051518300214        13.489999698475003     
   2.1055696989781962       0.98444305509588292        13.499999698251486     
   2.1184492422603753       0.98280627538244270        13.509999698027968     
   2.1314282402145803       0.98121027476270561        13.519999697804451     
   2.1445070293544815       0.97965515609028286        13.529999697580934     
   2.1576859401330757       0.97814102641092471        13.539999697357416     
   2.1709652966820991       0.97666799702190521        13.549999697133899     
   2.1843454165456273       0.97523618353225172        13.559999696910381     
   2.1978266104077595       0.97384570592383235        13.569999696686864     
   2.2114091818142749       0.97249668861331340        13.579999696463346     
   2.2250934268881482       0.97118926051499943        13.589999696239829     
   2.2388796340388128       0.96992355510456729        13.599999696016312     
   2.2527680836650590       0.96869971048370684        13.609999695792794     
   2.2667590478514499       0.96751786944567930        13.619999695569277     
   2.2808527900581419       0.96637817954180449        13.629999695345759     
   2.2950495648039908       0.96528079314888882        13.639999695122242     
   2.3093496173428258       0.96422586753760309        13.649999694898725     
   2.3237531833327747       0.96321356494182309        13.659999694675207     
   2.3382604884985168       0.96224405262893997        13.669999694451690     
   2.3528717482863479       0.96131750297115270        13.679999694228172     
   2.3675871675119322       0.96043409351775055        13.689999694004655     
   2.3824069400006196       0.95959400706839415        13.699999693781137     
   2.3973312482202078       0.95879743174740450        13.709999693557620     
   2.4123602629060246       0.95804456107906688        13.719999693334103     
   2.4274941426782060       0.95733559406395741        13.729999693110585     
   2.4427330336510478       0.95667073525629853        13.739999692887068     
   2.4580770690343043       0.95605019484234999        13.749999692663550     
   2.4735263687263096       0.95547418871984025        13.759999692440033     
   2.4890810388987985       0.95494293857844337        13.769999692216516     
   2.5047411715732992       0.95445667198130502        13.779999691992998     
   2.5205068441889744       0.95401562244762106        13.789999691769481     
   2.5363781191617867       0.95362002953627045        13.799999691545963     
   2.5523550434348614       0.95327013893050483        13.809999691322446     
   2.5684376480199256       0.95296620252369391        13.819999691098928     
   2.5846259475296973       0.95270847850612717        13.829999690875411     
   2.6009199397011029       0.95249723145286969        13.839999690651894     
   2.6173196049092011       0.95233273241266936        13.849999690428376     
   2.6338249056716938       0.95221525899791126        13.859999690204859     
   2.6504357861439001       0.95214509547561443        13.869999689981341     
   2.6671521716040774       0.95212253285946369        13.879999689757824     
   2.6839739679289756       0.95214786900286918        13.889999689534307     
   2.7009010610595032       0.95222140869304317        13.899999689310789     
   2.7179333164563970       0.95234346374608392        13.909999689087272     
   2.7350705785457814       0.95251435310305288        13.919999688863754     
   2.7523126701545118       0.95273440292703127        13.929999688640237     
   2.7696593919351931       0.95300394670113930        13.939999688416719     
   2.7871105217807717       0.95332332532749953        13.949999688193202     
   2.8046658142286027       0.95369288722712398        13.959999687969685     
   2.8223249998538931       0.95411298844070258        13.969999687746167     
   2.8400877846524297       0.95458399273026773        13.979999687522650     
   2.8579538494125072       0.95510627168170803        13.989999687299132     
   2.8759228490759643       0.95568020480810101        13.999999687075615     
   2.8939944120882561       0.95630617965383236        14.009999686852098     
   2.9121681397374868       0.95698459189946716        14.019999686628580     
   2.9304436054823317       0.95771584546733468        14.029999686405063     
   2.9488203542687890       0.95850035262778488        14.039999686181545     
   2.9672979018357029       0.95933853410607350        14.049999685958028     
   2.9858757340090119       0.96023081918982756        14.059999685734510     
   3.0045533059846741       0.96117764583704002        14.069999685510993     
   3.0233300416002429       0.96217946078453920        14.079999685287476     
   3.0422053325950578       0.96323671965687385        14.089999685063958     
   3.0611785378590408       0.96434988707555214        14.099999684840441     
   3.0802489826700841       0.96551943676856677        14.109999684616923     
   3.0994159579200331       0.96674585168013616        14.119999684393406     
   3.1186787193292766       0.96802962408058491        14.129999684169888     
   3.1380364866499639       0.96937125567628446        14.139999683946371     
   3.1574884428578867       0.97077125771956718        14.149999683722854     
   3.1770337333330700       0.97223015111852473        14.159999683499336     
   3.1966714650291324       0.97374846654659319        14.169999683275819     
   3.2164007056314863       0.97532674455182489        14.179999683052301     
   3.2362204827044700       0.97696553566573840        14.189999682828784     
   3.2561297828275104       0.97866540051163387        14.199999682605267     
   3.2761275507204335       0.98042690991225301        14.209999682381749     
   3.2962126883580640       0.98225064499665837        14.219999682158232     
   3.3163840540742586       0.98413719730619731        14.229999681934714     
   3.3366404616555503       0.98608716889941073        14.239999681711197     
   3.3569806794245909       0.98810117245573870        14.249999681487679     
   3.3774034293136035       0.99017983137786703        14.259999681264162     
   3.3979073859280762       0.99232377989255083        14.269999681040645     
   3.4184911756009515       0.99453366314974390        14.279999680817127     
   3.4391533754375896       0.99681013731985191        14.289999680593610     
   3.4598925123518058       0.99915386968892161        14.299999680370092     
   3.4807070620933094        1.0015655387515650        14.309999680146575     
   3.5015954482668996        1.0040458343014118        14.319999679923058     
   3.5225560413437984        1.0065954575188709        14.329999679699540     
   3.5435871576655291        1.0092151210559723        14.339999679476023     
   3.5646870584407848        1.0119055491180500        14.349999679252505     
   3.5858539487357559        1.0146674775420155        14.359999679028988     
   3.6070859764584213        1.0175016538709605        14.369999678805470     
   3.6283812313373427        1.0204088374248150        14.379999678581953     
   3.6497377438955363        1.0233897993667753        14.389999678358436     
   3.6711534844200293        1.0264453227652037        14.399999678134918     
   3.6926263619277560        1.0295762026506894        14.409999677911401     
   3.7141542231284737        1.0327832460679462        14.419999677687883     
   3.7357348513854367        1.0360672721222088        14.429999677464366     
   3.7573659656745924        1.0394291120197772        14.439999677240849     
   3.7790452195431210        1.0428696091023404        14.449999677017331     
   3.8007702000681780        1.0463896188747019        14.459999676793814     
   3.8225384268167493        1.0499900090255079        14.469999676570296     
   3.8443473508075749        1.0536716594405671        14.479999676346779     
   3.8661943534761520        1.0574354622083353        14.489999676123261     
   3.8880767456438754        1.0612823216171201        14.499999675899744     
   3.9099917664924302        1.0652131541435454        14.509999675676227     
   3.9319365825446049        1.0692288884317964        14.519999675452709     
   3.9539082866527502        1.0733304652631523        14.529999675229192     
   3.9759038969961717        1.0775188375152920        14.539999675005674     
   3.9979203560887959        1.0817949701108427        14.549999674782157     
   4.0199545297985191        1.0861598399546220        14.559999674558640     
   4.0420032063797118        1.0906144358590049        14.569999674335122     
   4.0640630955204067        1.0951597584568298        14.579999674111605     
   4.0861308274057802        1.0997968201012371        14.589999673888087     
   4.1082029517995915        1.1045266447518149        14.599999673664570     
   4.1302759371453206        1.1093502678464067        14.609999673441052     
   4.1523461696888200        1.1142687361579167        14.619999673217535     
   4.1744099526243579        1.1192831076354279        14.629999672994018     
   4.1964635052660144        1.1243944512289301        14.639999672770500     
   4.2185029622464629        1.1296038466969298        14.649999672546983     
   4.2405243727452469        1.1349123843962021        14.659999672323465     
   4.2625236997487344        1.1403211650529168        14.669999672099948     
   4.2844968193440245        1.1458312995143567        14.679999671876431     
   4.3064395200491434        1.1514439084804236        14.689999671652913     
   4.3283475021819608        1.1571601222141095        14.699999671429396     
   4.3502163772703319        1.1629810802300897        14.709999671205878     
   4.3720416675060498        1.1689079309605790        14.719999670982361     
   4.3938188052452878        1.1749418313975697        14.729999670758843     
   4.4155431325582732        1.1810839467105563        14.739999670535326     
   4.4372099008310375        1.1873354498388320        14.749999670311809     
   4.4588142704221525        1.1936975210574281        14.759999670088291     
   4.4803513103774515        1.2001713475157483        14.769999669864774     
   4.5018159982058217        1.2067581227479400        14.779999669641256     
   4.5232032197192176        1.2134590461540276        14.789999669417739     
   4.5445077689401385        1.2202753224508205        14.799999669194221     
   4.5657243480798879        1.2272081610916006        14.809999668970704     
   4.5868475675909997        1.2342587756535810        14.819999668747187     
   4.6078719462972986        1.2414283831921202        14.829999668523669     
   4.6287919116051333        1.2487182035606723        14.839999668300152     
   4.6496017997993819        1.2561294586954443        14.849999668076634     
   4.6702958564279040        1.2636633718637358        14.859999667853117     
   4.6908682367781571        1.2713211668749278        14.869999667629600     
   4.7113130064497861        1.2791040672530993        14.879999667406082     
   4.7316241420270035        1.2870132953702447        14.889999667182565     
   4.7517955318546665        1.2950500715390802        14.899999666959047     
   4.7718209769219726        1.3032156130644352        14.909999666735530     
   4.7916941918577427        1.3115111332522358        14.919999666512012     
   4.8114088060412907        1.3199378403751094        14.929999666288495     
   4.8309583648328953        1.3284969365936539        14.939999666064978     
   4.8503363309279184        1.3371896168324446        14.949999665841460     
   4.8695360858385976        1.3460170676098759        14.959999665617943     
   4.8885509315075693        1.3549804658209692        14.969999665394425     
   4.9073740920571334        1.3640809774723157        14.979999665170908     
   4.9259987156782854        1.3733197563683630        14.989999664947391     
   4.9444178766634694        1.3826979427483006        14.999999664723873     
   4.9626245775870022        1.3922166618728529        15.009999664500356     
   4.9806117516370261        1.4018770225603427        15.019999664276838     
   4.9983722651028035        1.4116801156714529        15.029999664053321     
   5.0158989200210753        1.4216270125421802        15.039999663829803     
   5.0331844569851016        1.4317187633645510        15.049999663606286     
   5.0502215581199073        1.4419563955147499        15.059999663382769     
   5.0670028502271043        1.4523409118283972        15.069999663159251     
   5.0835209081025425        1.4628732888228060        15.079999662935734     
   5.0997682580298633        1.4735544748661518        15.089999662712216     
   5.1157373814528535        1.4843853882935920        15.099999662488699     
   5.1314207188293066        1.4953669154704929        15.109999662265182     
   5.1468106736688686        1.5064999088030366        15.119999662041664     
   5.1618996167571272        1.5177851846966175        15.129999661818147     
   5.1766798905679270        1.5292235214625698        15.139999661594629     
   5.1911438138656303        1.5408156571739178        15.149999661371112     
   5.2052836864987331        1.5525622874709872        15.159999661147594     
   5.2190917943859363        1.5644640633178826        15.169999660924077     
   5.2325604146954205        1.5765215887109989        15.179999660700560     
   5.2456818212177101        1.5887354183409164        15.189999660477042     
   5.2584482899321232        1.6011060552092073        15.199999660253525     
   5.2708521047664023        1.6136339482018762        15.209999660030007     
   5.2828855635486667        1.6263194896213549        15.219999659806490     
   5.2945409841503954        1.6391630126791767        15.229999659582973     
   5.3058107108186494        1.6521647889516693        15.239999659359455     
   5.3166871206952537        1.6653250258012235        15.249999659135938     
   5.3271626305201263        1.6786438637659220        15.259999658912420     
   5.3372297035154022        1.6921213739205414        15.269999658688903     
   5.3468808564464316        1.7057575552121800        15.279999658465385     
   5.3561086668551354        1.7195523317740040        15.289999658241868     
   5.3649057804606111        1.7335055502208507        15.299999658018351     
   5.3732649187212402        1.7476169769306751        15.309999657794833     
   5.3811788865519183        1.7618862953160823        15.319999657571316     
   5.3886405801893549        1.7763131030904391        15.329999657347798     
   5.3956429951977407        1.7908969095333118        15.339999657124281     
   5.4021792346063657        1.8056371327602390        15.349999656900764     
   5.4082425171701010        1.8205330970020961        15.359999656677246     
   5.4138261857429297        1.8355840298995654        15.369999656453729     
   5.4189237157540235        1.8507890598184731        15.379999656230211     
   5.4235287237751200        1.8661472131920038        15.389999656006694     
   5.4276349761672611        1.8816574118960365        15.399999655783176     
   5.4312363977942235        1.8973184706640884        15.409999655559659     
   5.4343270807892585        1.9131290945485695        15.419999655336142     
   5.4369012933610694        1.9290878764352730        15.429999655112624     
   5.4389534886242377        1.9451932946182271        15.439999654889107     
   5.4404783134386481        1.9614437104422255        15.449999654665589     
   5.4414706172417864        1.9778373660205359        15.459999654442072     
   5.4419254608571519        1.9943723820354404        15.469999654218554     
   5.4418381252614001        2.0110467556294118        15.479999653995037     
   5.4412041202922516        2.0278583583948531        15.489999653771520     
   5.4400191932786397        2.0448049344704282        15.499999653548002     
   5.4382793375740563        2.0618840987521030        15.509999653324485     
   5.4359808009735771        2.0790933352270615        15.519999653100967     
   5.4331200939946074        2.0964299954387053        15.529999652877450     
   5.4296939980010164        2.1138912970909458        15.539999652653933     
   5.4256995731499877        2.1314743227999715        15.549999652430415     
   5.4211341661406447        2.1491760190016271        15.559999652206898     
   5.4159954177432930        2.1669931950224517        15.569999651983380     
   5.4102812700879754        2.1849225223223052        15.579999651759863     
   5.4039899736909556        2.2029605339163685        15.589999651536345     
   5.3971200941977306        2.2211036239841082        15.599999651312828     
   5.3896705188212497        2.2393480476725793        15.609999651089311     
   5.3816404624541452        2.2576899211011887        15.619999650865793     
   5.3730294734340225        2.2761252215747332        15.629999650642276     
   5.3638374389411485        2.2946497880112098        15.639999650418758     
   5.3540645900082735        2.3132593215905173        15.649999650195241     
   5.3437115061228004        2.3319493866297649        15.659999649971724     
   5.3327791194020806        2.3507154116904587        15.669999649748206     
   5.3212687183232674        2.3695526909223594        15.679999649524689     
   5.3091819509898937        2.3884563856482854        15.689999649301171     
   5.2965208279181866        2.4074215261935841        15.699999649077654     
   5.2832877243270291        2.4264430139634090        15.709999648854136     
   5.2694853819165006        2.4455156237703237        15.719999648630619     
   5.2551169101210062        2.4646340064140988        15.729999648407102     
   5.2401857868241777        2.4837926915148971        15.739999648183584     
   5.2246958585239849        2.5029860906003307        15.749999647960067     
   5.2086513399378180        2.5222085004461481        15.759999647736549     
   5.1920568130387030        2.5414541066695513        15.769999647513032     
   5.1749172255152729        2.5607169875733815        15.779999647289515     
   5.1572378886496590        2.5799911182386159        15.789999647065997     
   5.1390244746090419        2.5992703748618204        15.799999646842480     
   5.1202830131482449        2.6185485393333980        15.809999646618962     
   5.1010198877224298        2.6378193040516531        15.819999646395445     
   5.0812418310106784        2.6570762769668739        15.829999646171927     
   5.0609559198529936        2.6763129868488260        15.839999645948410     
   5.0401695696050206        2.6955228887702352        15.849999645724893     
   5.0188905279165752        2.7146993697980384        15.859999645501375     
   4.9971268679418701        2.7338357548834002        15.869999645277858     
   4.9748869809910978        2.7529253129407238        15.879999645054340     
   4.9521795686348318        2.7719612631051378        15.889999644830823     
   4.9290136342744448        2.7909367811572241        15.899999644607306     
   4.9053984741934924        2.8098450061030684        15.909999644383788     
   4.8813436681066822        2.8286790468970522        15.919999644160271     
   4.8568590692247104        2.8474319892941975        15.929999643936753     
   4.8319547938548357        2.8660969028183052        15.939999643713236     
   4.8066412105585785        2.8846668478315873        15.949999643489718     
   4.7809289288894030        2.9031348826910301        15.959999643266201     
   4.7548287877346054        2.9214940709762853        15.969999643042684     
   4.7283518432869345        2.9397374887735213        15.979999642819166     
   4.7015093566726591        2.9578582319993485        15.989999642595649     
   4.6743127812638914        2.9758494237486710        15.999999642372131     
   4.6467737497039883        2.9937042216501299        16.009999642148614     
   4.6189040606757059        3.0114158252126608        16.019999641925097     
   4.5907156654425716        3.0289774831466207        16.029999641701579     
   4.5622206541945785        3.0463825006429395        16.039999641478062     
   4.5334312422298231        3.0636242465937955        16.049999641254544     
   4.5043597560041251        3.0806961607384520        16.059999641031027     
   4.4750186190809229        3.0975917607180663        16.069999640807509     
   4.4454203380139043        3.1143046490235435        16.079999640583992     
   4.4155774881948302        3.1308285198208083        16.089999640360475     
   4.3855026996989164        3.1471571656382471        16.099999640136957     
   4.3552086431599051        3.1632844839015051        16.109999639913440     
   4.3247080157065847        3.1792044833013020        16.119999639689922     
   4.2940135269920576        3.1949112899804795        16.129999639466405     
   4.2631378853464517        3.2103991535270811        16.139999639242887     
   4.2320937840830597        3.2256624527609041        16.149999639019370     
   4.2008938879870836        3.2406957013016502        16.159999638795853     
   4.1695508200152380        3.2554935529075175        16.169999638572335     
   4.1380771482334451        3.2700508065738507        16.179999638348818     
   4.1064853730187592        3.2843624113822441        16.189999638125300     
   4.0747879145504609        3.2984234710913278        16.199999637901783     
   4.0429971006139898        3.3122292484613034        16.209999637678266     
   4.0111251547400686        3.3257751693051669        16.219999637454748     
   3.9791841846999496        3.3390568262604345        16.229999637231231     
   3.9471861713762855        3.3520699822760847        16.239999637007713     
   3.9151429580276194        3.3648105738103182        16.249999636784196     
   3.8830662399629632        3.3772747137356527        16.259999636560678     
   3.8509675546413700        3.3894586939487517        16.269999636337161     
   3.8188582722098268        3.4013589876832953        16.279999636113644     
   3.7867495864911991        3.4129722515250713        16.289999635890126     
   3.7546525064323593        3.4242953271293355        16.299999635666609     
   3.7225778480210390        3.4353252426413472        16.309999635443091     
   3.6905362266783541        3.4460592138218007        16.319999635219574     
   3.6585380501323934        3.4564946448796938        16.329999634996057     
   3.6265935117767047        3.4666291290159328        16.339999634772539     
   3.5947125845160155        3.4764604486817343        16.349999634549022     
   3.5629050151000374        3.4859865755565851        16.359999634325504     
   3.5311803189447764        3.4952056702512024        16.369999634101987     
   3.4995477754393844        3.5041160817415764        16.379999633878469     
   3.4680164237352566        3.5127163465407736        16.389999633654952     
   3.4365950590127952        3.5210051876157387        16.399999633431435     
   3.4052922292200565        3.5289815130568534        16.409999633207917     
   3.3741162322763354        3.5366444145084786        16.419999632984400     
   3.3430751137326578        3.5439931653691414        16.429999632760882     
   3.3121766648801394        3.5510272187704115        16.439999632537365     
   3.2814284212962170        3.5577462053438547        16.449999632313848     
   3.2508376618178829        3.5641499307857538        16.459999632090330     
   3.2204114079302597        3.5702383732295333        16.469999631866813     
   3.1901564235581130        3.5760116804360425        16.479999631643295     
   3.1600792152472499        3.5814701668120219        16.489999631419778     
   3.1301860327221700        3.5866143102671972        16.499999631196260     
   3.1004828698058220        3.5914447489205443        16.509999630972743     
   3.0709754656868800        3.5959622776663074        16.519999630749226     
   3.0416693065195877        3.6001678446103691        16.529999630525708     
   3.0125696273409108        3.6040625473875476        16.539999630302191     
   2.9836814142895109        3.6076476293703310        16.549999630078673     
   2.9550094071108748        3.6109244757794738        16.559999629855156     
   2.9265581019328275        3.6138946097067541        16.569999629631639     
   2.8983317542956035        3.6165596880600392        16.579999629408121     
   2.8703343824206593        3.6189214974406352        16.589999629184604     
   2.8425697707024611        3.6209819499626832        16.599999628961086     
   2.8150414734075944        3.6227430790241502        16.609999628737569     
   2.7877528185656999        3.6242070350387072        16.619999628514051     
   2.7607069120369281        3.6253760811375280        16.629999628290534     
   2.7339066417408544        3.6262525888497597        16.639999628067017     
   2.7073546820320695        3.6268390337701137        16.649999627843499     
   2.6810534982079695        3.6271379912217254        16.659999627619982     
   2.6550053511346121        3.6271521319221010        16.669999627396464     
   2.6292123019768785        3.6268842176596467        16.679999627172947     
   2.6036762170195704        3.6263370969879354        16.689999626949430     
   2.5783987725664916        3.6255137009445195        16.699999626725912     
   2.5533814599049949        3.6244170388007633        16.709999626502395     
   2.5286255903239332        3.6230501938487993        16.719999626278877     
   2.5041323001734104        3.6214163192313840        16.729999626055360     
   2.4799025559552090        3.6195186338200558        16.739999625831842     
   2.4559371594332529        3.6173604181466699        16.749999625608325     
   2.4322367527539517        3.6149450103930221        16.759999625384808     
   2.4088018235667708        3.6122758024429400        16.769999625161290     
   2.3856327101358623        3.6093562360008784        16.779999624937773     
   2.3627296064340850        3.6061897987807279        16.789999624714255     
   2.3400925672112414        3.6027800207682170        16.799999624490738     
   2.3177215130288364        3.5991304705599716        16.809999624267220     
   2.2956162352541587        3.5952447517819888        16.819999624043703     
   2.2737764010069461        3.5911264995899783        16.829999623820186     
   2.2522015580523780        3.5867793772537340        16.839999623596668     
   2.2308911396345885        3.5822070728274205        16.849999623373151     
   2.2098444692453407        3.5774132959073821        16.859999623149633     
   2.1890607653229446        3.5724017744788266        16.869999622926116     
   2.1685391458769181        3.5671762518524810        16.879999622702599     
   2.1482786330343107        3.5617404836920841        16.889999622479081     
   2.1282781575039964        3.5560982351333434        16.899999622255564     
   2.1085365629556363        3.5502532779947753        16.909999622032046     
   2.0890526103103739        3.5442093880806373        16.919999621808529     
   2.0698249819406862        3.5379703425759663        16.929999621585011     
   2.0508522857771476        3.5315399175335531        16.939999621361494     
   2.0321330593201954        3.5249218854525157        16.949999621137977     
   2.0136657735552888        3.5181200129479602        16.959999620914459     
   1.9954488367701522        3.5111380585110816        16.969999620690942     
   1.9774805982730750        3.5039797703589026        16.979999620467424     
   1.9597593520114966        3.4966488843727270        16.989999620243907     
   1.9422833400903656        3.4891491221242559        16.999999620020390     
   1.9250507561899894        3.4814841889882131        17.009999619796872     
   1.9080597488833162        3.4736577723402124        17.019999619573355     
   1.8913084248527967        3.4656735398385177        17.029999619349837     
   1.8747948520071658        3.4575351377882564        17.039999619126320     
   1.8585170624986660        3.4492461895865718        17.049999618902802     
   1.8424730556413997        3.4408102942471368        17.059999618679285     
   1.8266608007316540        3.4322310250023831        17.069999618455768     
   1.8110782397711807        3.4235119279817594        17.079999618232250     
   1.7957232900945501        3.4146565209642743        17.089999618008733     
   1.7805938469018110        3.4056682922035519        17.099999617785215     
   1.7656877856977999        3.3965506993235883        17.109999617561698     
   1.7510029646395433        3.3873071682833751        17.119999617338181     
   1.7365372267932799        3.3779410924085358        17.129999617114663     
   1.7222884023027127        3.3684558314881010        17.139999616891146     
   1.7082543104701684        3.3588547109345477        17.149999616667628     
   1.6944327617524029        3.3491410210052122        17.159999616444111     
   1.6808215596728446        3.3393180160831926        17.169999616220593     
   1.6674185026521138        3.3293889140158575        17.179999615997076     
   1.6542213857586923        3.3193568955090873        17.189999615773559     
   1.6412280023816492        3.3092251035753786        17.199999615550041     
   1.6284361458273564        3.2989966430339650        17.209999615326524     
   1.6158436108421390        3.2886745800611195        17.219999615103006     
   1.6034481950628283        3.2782619417888221        17.229999614879489     
   1.5912477003971843        3.2677617159500043        17.239999614655972     
   1.5792399343361632        3.2571768505686007        17.249999614432454     
   1.5674227111999994        3.2465102536926702        17.259999614208937     
   1.5557938533200715        3.2357647931688720        17.269999613985419     
   1.5443511921585036        3.2249432964566167        17.279999613761902     
   1.5330925693674491        3.2140485504802423        17.289999613538384     
   1.5220158377899804        3.2030833015175983        17.299999613314867     
   1.5111188624044916        3.1920502551234549        17.309999613091350     
   1.5003995212144998        3.1809520760861898        17.319999612867832     
   1.4898557060857029        3.1697913884162401        17.329999612644315     
   1.4794853235321277        3.1585707753648453        17.339999612420797     
   1.4692862954531709        3.1472927794716417        17.349999612197280     
   1.4592565598233078        3.1359599026397067        17.359999611973763     
   1.4493940713362072        3.1245746062366937        17.369999611750245     
   1.4396968020049623        3.1131393112207255        17.379999611526728     
   1.4301627417201073        3.1016563982897662        17.389999611303210     
   1.4207898987670591        3.0901282080532164        17.399999611079693     
   1.4115763003045829        3.0785570412245238        17.409999610856175     
   1.4025199928058454        3.0669451588336321        17.419999610632658     
   1.3936190424635788        3.0552947824581360        17.429999610409141     
   1.3848715355608467        3.0436080944720381        17.439999610185623     
   1.3762755788088559        3.0318872383110462        17.449999609962106     
   1.3678292996532266        3.0201343187533896        17.459999609738588     
   1.3595308465500926        3.0083514022151543        17.469999609515071     
   1.3513783892133613        2.9965405170591901        17.479999609291553     
   1.3433701188344300        2.9847036539166640        17.489999609068036     
   1.3355042482756136        2.9728427660203738        17.499999608844519     
   1.3277790122384994        2.9609597695489711        17.509999608621001     
   1.3201926674084103        2.9490565439812704        17.519999608397484     
   1.3127434925761181        2.9371349324598555        17.529999608173966     
   1.3054297887379123        2.9251967421632301        17.539999607950449     
   1.2982498791750927        2.9132437446857811        17.549999607726932     
   1.2912021095139199        2.9012776764248609        17.559999607503414     
   1.2842848477670195        2.8893002389743221        17.569999607279897     
   1.2774964843572052        2.8773130995238643        17.579999607056379     
   1.2708354321246480        2.8653178912635813        17.589999606832862     
   1.2643001263182883        2.8533162137931276        17.599999606609344     
   1.2578890245723515        2.8413096335349421        17.609999606385827     
   1.2516006068688021        2.8292996841510001        17.619999606162310     
   1.2454333754865310        2.8172878669625825        17.629999605938792     
   1.2393858549380494        2.8052756513725821        17.639999605715275     
   1.2334565918944256        2.7932644752898810        17.649999605491757     
   1.2276441550991775        2.7812557455553666        17.659999605268240     
   1.2219471352718008        2.7692508383691643        17.669999605044723     
   1.2163641450015896        2.7572510997186961        17.679999604821205     
   1.2108938186323754        2.7452578458071839        17.689999604597688     
   1.2055348121387888        2.7332723634822487        17.699999604374170     
   1.2002858029946175        2.7212959106642618        17.709999604150653     
   1.1951454900338168        2.7093297167741359        17.719999603927135     
   1.1901125933046981        2.6973749831602505        17.729999603703618     
   1.1851858539178022        2.6854328835242280        17.739999603480101     
   1.1803640338879409        2.6735045643452962        17.749999603256583     
   1.1756459159708696        2.6615911453029790        17.759999603033066     
   1.1710303034950293        2.6496937196978867        17.769999602809548     
   1.1665160201887821        2.6378133548703722        17.779999602586031     
   1.1621019100035392        2.6259510926168561        17.789999602362514     
   1.1577868369331661        2.6141079496036164        17.799999602138996     
   1.1535696848300268        2.6022849177778657        17.809999601915479     
   1.1494493572180180        2.5904829647759429        17.819999601691961     
   1.1454247771029196        2.5787030343284618        17.829999601468444     
   1.1414948867803780        2.5669460466622711        17.839999601244926     
   1.1376586476418193        2.5552128988990845        17.849999601021409     
   1.1339150399785767        2.5435044654506620        17.859999600797892     
   1.1302630627844992        2.5318215984104206        17.869999600574374     
   1.1267017335572986        2.5201651279413686        17.879999600350857     
   1.1232300880988753        2.5085358626602683        17.889999600127339     
   1.1198471803148498        2.4969345900179354        17.899999599903822     
   1.1165520820135197        2.4853620766755955        17.909999599680305     
   1.1133438827044433        2.4738190688772237        17.919999599456787     
   1.1102216893968442        2.4623062928178014        17.929999599233270     
   1.1071846263980192        2.4508244550074338        17.939999599009752     
   1.1042318351119200        2.4393742426312728        17.949999598786235     
   1.1013624738380721        2.4279563239052031        17.959999598562717     
   1.0985757175709796        2.4165713484272500        17.969999598339200     
   1.0958707578001623        2.4052199475246754        17.979999598115683     
   1.0932468023109567        2.3939027345967361        17.989999597892165     
   1.0907030749862072        2.3826203054530772        17.999999597668648     
   1.0882388156089640        2.3713732386477475        18.009999597445130     
   1.0858532796662990        2.3601620958088203        18.019999597221613     
   1.0835457381543407        2.3489874219636109        18.029999596998096     
   1.0813154773846243        2.3378497458594873        18.039999596774578     
   1.0791617987918438        2.3267495802802731        18.049999596551061     
   1.0770840187430919        2.3156874223582422        18.059999596327543     
   1.0750814683486598        2.3046637538817181        18.069999596104026     
   1.0731534932744693        2.2936790415982813        18.079999595880508     
   1.0712994535562022        2.2827337375135999        18.089999595656991     
   1.0695187234151848        2.2718282791858995        18.099999595433474     
   1.0678106910760845        2.2609630900160895        18.109999595209956     
   1.0661747585864640        2.2501385795335693        18.119999594986439     
   1.0646103416382435        2.2393551436777330        18.129999594762921     
   1.0631168693911062        2.2286131650752021        18.139999594539404     
   1.0616937842978882        2.2179130133128129        18.149999594315886     
   1.0603405419319831        2.2072550452063866        18.159999594092369     
   1.0590566108167900        2.1966396050653159        18.169999593868852     
   1.0578414722572320        2.1860670249529974        18.179999593645334     
   1.0566946201733665        2.1755376249431486        18.189999593421817     
   1.0556155609361060        2.1650517133720433        18.199999593198299     
   1.0546038132050661        2.1546095870867004        18.209999592974782     
   1.0536589077685528        2.1442115316890695        18.219999592751265     
   1.0527803873857007        2.1338578217762483        18.229999592527747     
   1.0519678066307698        2.1235487211767743        18.239999592304230     
   1.0512207317396058        2.1132844831830337        18.249999592080712     
   1.0505387404582673        2.1030653507798269        18.259999591857195     
   1.0499214218938224        2.0928915568691338        18.269999591633677     
   1.0493683763673116        2.0827633244911254        18.279999591410160     
   1.0488792152688762        2.0726808670414645        18.289999591186643     
   1.0484535609150467        2.0626443884849373        18.299999590963125     
   1.0480910464081854        2.0526540835654661        18.309999590739608     
   1.0477913154980747        2.0427101380125463        18.319999590516090     
   1.0475540224456430        2.0328127287441511        18.329999590292573     
   1.0473788318888166        2.0229620240661559        18.339999590069056     
   1.0472654187104862        2.0131581838683226        18.349999589845538     
   1.0472134679085738        2.0034013598168956        18.359999589622021     
   1.0472226744681885        1.9936916955438508        18.369999589398503     
   1.0472927432358516        1.9840293268328508        18.379999589174986     
   1.0474233887957787        1.9744143818019462        18.389999588951468     
   1.0476143353481988        1.9648469810830751        18.399999588727951     
   1.0478653165896938        1.9553272379984048        18.409999588504434     
   1.0481760755955389        1.9458552587335622        18.419999588280916     
   1.0485463647040245        1.9364311425078014        18.429999588057399     
   1.0489759454027388        1.9270549817411515        18.439999587833881     
   1.0494645882167906        1.9177268622185955        18.449999587610364     
   1.0500120725989512        1.9084468632513196        18.459999587386847     
   1.0506181868216924        1.8992150578350868        18.469999587163329     
   1.0512827278710977        1.8900315128057721        18.479999586939812     
   1.0520055013426264        1.8808962889921101        18.489999586716294     
   1.0527863213387034        1.8718094413656978        18.499999586492777     
   1.0536250103681144        1.8627710191882971        18.509999586269259     
   1.0545213992471791        1.8537810661564813        18.519999586045742     
   1.0554753270026815        1.8448396205436701        18.529999585822225     
   1.0564866407765299        1.8359467153395959        18.539999585598707     
   1.0575551957321228        1.8271023783872442        18.549999585375190     
   1.0586808549623954        1.8183066325173134        18.559999585151672     
   1.0598634893995220        1.8095594956802314        18.569999584928155     
   1.0611029777262475        1.8008609810757765        18.579999584704638     
   1.0623992062888239        1.7922110972803404        18.589999584481120     
   1.0637520690115243        1.7836098483718756        18.599999584257603     
   1.0651614673127112        1.7750572340525683        18.609999584034085     
   1.0666273100224302        1.7665532497692757        18.619999583810568     
   1.0681495133015049        1.7580978868317696        18.629999583587050     
   1.0697280005621070        1.7496911325288231        18.639999583363533     
   1.0713627023897752        1.7413329702421814        18.649999583140016     
   1.0730535564668553        1.7330233795584540        18.659999582916498     
   1.0748005074973397        1.7247623363789668        18.669999582692981     
   1.0766035071330740        1.7165498130276111        18.679999582469463     
   1.0784625139013111        1.7083857783567271        18.689999582245946     
   1.0803774931335814        1.7002701978510582        18.699999582022429     
   1.0823484168958566        1.6922030337298122        18.709999581798911     
   1.0843752639199795        1.6841842450468654        18.719999581575394     
   1.0864580195363338        1.6762137877891439        18.729999581351876     
   1.0885966756077290        1.6682916149732188        18.739999581128359     
   1.0907912304644738        1.6604176767401466        18.749999580904841     
   1.0930416888406125        1.6525919204485922        18.759999580681324     
   1.0953480618112978        1.6448142907662637        18.769999580457807     
   1.0977103667312766        1.6370847297596975        18.779999580234289     
   1.1001286271744601        1.6294031769824191        18.789999580010772     
   1.1026028728745556        1.6217695695615182        18.799999579787254     
   1.1051331396667330        1.6141838422826662        18.809999579563737     
   1.1077194694303005        1.6066459276736074        18.819999579340219     
   1.1103619100323654        1.5991557560861556        18.829999579116702     
   1.1130605152724533        1.5917132557767264        18.839999578893185     
   1.1158153448280621        1.5843183529854337        18.849999578669667     
   1.1186264642011243        1.5769709720137806        18.859999578446150     
   1.1214939446653536        1.5696710353009755        18.869999578222632     
   1.1244178632144504        1.5624184634988982        18.879999577999115     
   1.1273983025111420        1.5552131755457479        18.889999577775598     
   1.1304353508370315        1.5480550887383975        18.899999577552080     
   1.1335291020432314        1.5409441188034854        18.909999577328563     
   1.1366796555017580        1.5338801799672683        18.919999577105045     
   1.1398871160576598        1.5268631850242638        18.929999576881528     
   1.1431515939818584        1.5198930454047066        18.939999576658010     
   1.1464732049246742        1.5129696712408480        18.949999576434493     
   1.1498520698700145        1.5060929714321207        18.959999576210976     
   1.1532883150901998        1.4992628537091945        18.969999575987458     
   1.1567820721014013        1.4924792246969496        18.979999575763941     
   1.1603334776196683        1.4857419899763897        18.989999575540423     
   1.1639426735175196        1.4790510541455200        18.999999575316906     
   1.1676098067810747        1.4724063208792135        19.009999575093389     
   1.1713350294677007        1.4658076929880892        19.019999574869871     
   1.1751184986641499        1.4592550724764242        19.029999574646354     
   1.1789603764451648        1.4527483605991238        19.039999574422836     
   1.1828608298325265        1.4462874579177716        19.049999574199319     
   1.1868200307545194        1.4398722643557802        19.059999573975801     
   1.1908381560057910        1.4335026792526662        19.069999573752284     
   1.1949153872075822        1.4271786014174692        19.079999573528767     
   1.1990519107683000        1.4208999291813382        19.089999573305249     
   1.2032479178444133        1.4146665604493032        19.099999573081732     
   1.2075036043016436        1.4084783927512545        19.109999572858214     
   1.2118191706764267        1.4023353232921503        19.119999572634697     
   1.2161948221376231        1.3962372490014709        19.129999572411180     
   1.2206307684484479        1.3901840665819412        19.139999572187662     
   1.2251272239286000        1.3841756725575383        19.149999571964145     
   1.2296844074165634        1.3782119633208068        19.159999571740627     
   1.2343025422320550        1.3722928351794972        19.169999571517110     
   1.2389818561385957        1.3664181844025491        19.179999571293592     
   1.2437225813061779        1.3605879072654361        19.189999571070075     
   1.2485249542740049        1.3548019000948894        19.199999570846558     
   1.2533892159132778        1.3490600593130222        19.209999570623040     
   1.2583156113900005        1.3433622814808672        19.219999570399523     
   1.2633043901277823        1.3377084633413494        19.229999570176005     
   1.2683558057706077        1.3320985018617089        19.239999569952488     
   1.2734701161455502        1.3265322942753912        19.249999569728971     
   1.2786475832254014        1.3210097381234234        19.259999569505453     
   1.2838884730911919        1.3155307312952900        19.269999569281936     
   1.2891930558945743        1.3100951720693286        19.279999569058418     
   1.2945616058200433        1.3047029591526589        19.289999568834901     
   1.2999944010469655        1.2993539917206618        19.299999568611383     
   1.3054917237113912        1.2940481694560260        19.309999568387866     
   1.3110538598676202        1.2887853925873758        19.319999568164349     
   1.3166810994494962        1.2835655619274970        19.329999567940831     
   1.3223737362313970        1.2783885789111769        19.339999567717314     
   1.3281320677888986        1.2732543456326708        19.349999567493796     
   1.3339563954590778        1.2681627648828155        19.359999567270279     
   1.3398470243004301        1.2631137401857988        19.369999567046762     
   1.3458042630523692        1.2581071758356033        19.379999566823244     
   1.3518284240942824        1.2531429769321401        19.389999566599727     
   1.3579198234041090        1.2482210494170833        19.399999566376209     
   1.3640787805164127        1.2433413001094238        19.409999566152692     
   1.3703056184799187        1.2385036367407536        19.419999565929174     
   1.3766006638144814        1.2337079679902971        19.429999565705657     
   1.3829642464674552        1.2289542035197023        19.439999565482140     
   1.3893966997694331        1.2242422540076052        19.449999565258622     
   1.3958983603893251        1.2195720311839846        19.459999565035105     
   1.4024695682887389        1.2149434478643164        19.469999564811587     
   1.4091106666756350        1.2103564179835447        19.479999564588070     
   1.4158220019572199        1.2058108566298820        19.489999564364552     
   1.4226039236920431        1.2013066800784522        19.499999564141035     
   1.4294567845412673        1.1968438058247894        19.509999563917518     
   1.4363809402190728        1.1924221526182068        19.519999563694000     
   1.4433767494421632        1.1880416404950482        19.529999563470483     
   1.4504445738783371        1.1837021908118357        19.539999563246965     
   1.4575847780940880        1.1794037262783263        19.549999563023448     
   1.4647977295011967        1.1751461709904918        19.559999562799931     
   1.4720837983022790        1.1709294504634327        19.569999562576413     
   1.4794433574352506        1.1667534916642415        19.579999562352896     
   1.4868767825166713        1.1626182230448274        19.589999562129378     
   1.4943844517839278        1.1585235745747142        19.599999561905861     
   1.5019667460362185        1.1544694777738265        19.609999561682343     
   1.5096240485742978        1.1504558657452744        19.619999561458826     
   1.5173567451389398        1.1464826732081521        19.629999561235309     
   1.5251652238480806        1.1425498365303612        19.639999561011791     
   1.5330498751325965        1.1386572937614721        19.649999560788274     
   1.5410110916706754        1.1348049846656358        19.659999560564756     
   1.5490492683207380        1.1309928507545606        19.669999560341239     
   1.5571648020528659        1.1272208353205624        19.679999560117722     
   1.5653580918786898        1.1234888834697065        19.689999559894204     
   1.5736295387796937        1.1197969421550482        19.699999559670687     
   1.5819795456338890        1.1161449602099891        19.709999559447169     
   1.5904085171408098        1.1125328883817589        19.719999559223652     
   1.5989168597447847        1.1089606793650371        19.729999559000134     
   1.6075049815564328        1.1054282878357256        19.739999558776617     
   1.6161732922723382        1.1019356704848864        19.749999558553100     
   1.6249222030928498        1.0984827860528565        19.759999558329582     
   1.6337521266379580        1.0950695953635510        19.769999558106065     
   1.6426634768611941        1.0916960613589697        19.779999557882547     
   1.6516566689615022        1.0883621491339186        19.789999557659030     
   1.6607321192930276        1.0850678259709583        19.799999557435513     
   1.6698902452727695        1.0818130613755930        19.809999557211995     
   1.6791314652860407        1.0785978271117123        19.819999556988478     
   1.6884561985896800        1.0754220972372992        19.829999556764960     
   1.6978648652129578        1.0722858481404156        19.839999556541443     
   1.7073578858561194        1.0691890585754802        19.849999556317925     
   1.7169356817865042        1.0661317096998493        19.859999556094408     
   1.7265986747321835        1.0631137851107153        19.869999555870891     
   1.7363472867730529        1.0601352708823348        19.879999555647373     
   1.7461819402293199        1.0571961556035991        19.889999555423856     
   1.7561030575473215        1.0542964304159606        19.899999555200338     
   1.7661110611826092        1.0514360890517274        19.909999554976821     
   1.7762063734802342        1.0486151278727405        19.919999554753304     
   1.7863894165521697        1.0458335459094443        19.929999554529786     
   1.7966606121517990        1.0430913449003663        19.939999554306269     
   1.8070203815454045        1.0403885293320159        19.949999554082751     
   1.8174691453805851        1.0377251064792197        19.959999553859234     
   1.8280073235515339        1.0351010864459018        19.969999553635716     
   1.8386353350611013        1.0325164822063257        19.979999553412199     
   1.8493535978795741        1.0299713096468097        19.989999553188682     
   1.8601625288000927        1.0274655876079299        19.999999552965164     
   1.8710625432906343        1.0249993379272233        20.009999552741647     
   1.8820540553424834        1.0225725854824039        20.019999552518129     
   1.8931374773151122        1.0201853582351079        20.029999552294612     
   1.9043132197773922        1.0178376872751780        20.039999552071095     
   1.9155816913450581        1.0155296068655029        20.049999551847577     
   1.9269432985143391        1.0132611544874237        20.059999551624060     
   1.9383984454916785        1.0110323708867222        20.069999551400542     
   1.9499475340194559        1.0088433001202035        20.079999551177025     
   1.9615909631976265        1.0066939896028873        20.089999550953507     
   1.9733291293011925        1.0045844901558205        20.099999550729990     
   1.9851624255934168        1.0025148560545261        20.109999550506473     
   1.9970912421346918        1.0004851450781005        20.119999550282955     
   2.0091159655869717       0.99849541855897384        20.129999550059438     
   2.0212369790136782       0.99654574143334618        20.139999549835920     
   2.0334546616749831       0.99463618229231365        20.149999549612403     
   2.0457693888183797       0.99276681343369821        20.159999549388885     
   2.0581815314644407       0.99093771091459371        20.169999549165368     
   2.0706914561876708       0.98914895460464269        20.179999548941851     
   2.0832995248923525       0.98740062824005670        20.189999548718333     
   2.0960060945832888       0.98569281947839360        20.199999548494816     
   2.1088115171313397       0.98402561995410553        20.209999548271298     
   2.1217161390336505       0.98239912533487062        20.219999548047781     
   2.1347203011684712       0.98081343537872101        20.229999547824264     
   2.1478243385444595       0.97926865399198149        20.239999547600746     
   2.1610285800443627       0.97776488928803018        20.249999547377229     
   2.1743333481629721       0.97630225364689549        20.259999547153711     
   2.1877389587392413       0.97488086377570105        20.269999546930194     
   2.2012457206824592       0.97350084076997168        20.279999546706676     
   2.2148539356923651       0.97216231017581245        20.289999546483159     
   2.2285638979730975       0.97086540205297345        20.299999546259642     
   2.2423758939408613       0.96961025103881182        20.309999546036124     
   2.2562902019252000       0.96839699641316268        20.319999545812607     
   2.2703070918637582       0.96722578216413135        20.329999545589089     
   2.2844268249904163       0.96609675705481679        20.339999545365572     
   2.2986496535166849       0.96501007469097855        20.349999545142055     
   2.3129758203062352       0.96396589358965701        20.359999544918537     
   2.3274055585424489       0.96296437724875716        20.369999544695020     
   2.3419390913888698       0.96200569421760695        20.379999544471502     
   2.3565766316424321       0.96109001816849826        20.389999544247985     
   2.3713183813793473       0.96021752796922100        20.399999544024467     
   2.3861645315935269       0.95938840775659773        20.409999543800950     
   2.4011152618274170       0.95860284701102849        20.419999543577433     
   2.4161707397951200       0.95786104063205202        20.429999543353915     
   2.4313311209976853       0.95716318901493180        20.439999543130398     
   2.4465965483304397       0.95650949812827213        20.449999542906880     
   2.4619671516822312       0.95590017959267171        20.459999542683363     
   2.4774430475264690       0.95533545076041837        20.469999542459846     
   2.4930243385038269       0.95481553479623071        20.479999542236328     
   2.5087111129964890       0.95434066075904955        20.489999542012811     
   2.5245034446938130       0.95391106368488265        20.499999541789293     
   2.5404013921492838       0.95352698467070440        20.509999541565776     
   2.5564049983286359       0.95318867095941184        20.519999541342258     
   2.5725142901490181       0.95289637602583721        20.529999541118741     
   2.5887292780090796       0.95265035966381584        20.539999540895224     
   2.6050499553098527       0.95245088807430778        20.549999540671706     
   2.6214762979663111       0.95229823395457003        20.559999540448189     
   2.6380082639094837       0.95219267658837481        20.569999540224671     
   2.6546457925790037       0.95213450193726812        20.579999540001154     
   2.6713888044059741       0.95212400273286224        20.589999539777637     
   2.6882372002860357       0.95216147857015299        20.599999539554119     
   2.7051908610425213       0.95224723600185213        20.609999539330602     
   2.7222496468795812       0.95238158863372313        20.619999539107084     
   2.7394133968251753       0.95256485722090767        20.629999538883567     
   2.7566819281638182       0.95279736976522655        20.639999538660049     
   2.7740550358589751       0.95307946161343937        20.649999538436532     
   2.7915324919650057       0.95341147555644323        20.659999538213015     
   2.8091140450285579       0.95379376192938981        20.669999537989497     
   2.8267994194793147       0.95422667871269762        20.679999537765980     
   2.8445883150100029       0.95471059163393368        20.689999537542462     
   2.8624804059455782       0.95524587427053687        20.699999537318945     
   2.8804753406015018       0.95583290815335287        20.709999537095428     
   2.8985727406310309       0.95647208287094687        20.719999536871910     
   2.9167722003614522       0.95716379617465852        20.729999536648393     
   2.9350732861191910       0.95790845408436043        20.739999536424875     
   2.9534755355437299       0.95870647099487838        20.749999536201358     
   2.9719784568902923       0.95955826978302727        20.759999535977840     
   2.9905815283212336       0.96046428191521549        20.769999535754323     
   3.0092841971861040       0.96142494755556507        20.779999535530806     
   3.0280858792903516       0.96244071567449152        20.789999535307288     
   3.0469859581526384       0.96351204415768510        20.799999535083771     
   3.0659837842507542       0.96463939991542824        20.809999534860253     
   3.0850786742561267       0.96582325899218269        20.819999534636736     
   3.1042699102569236       0.96706410667637288        20.829999534413218     
   3.1235567389697696       0.96836243761029017        20.839999534189701     
   3.1429383709400986       0.96971875590003509        20.849999533966184     
   3.1624139797311770       0.97113357522541111        20.859999533742666     
   3.1819827011018549       0.97260741894967873        20.869999533519149     
   3.2016436321730990       0.97414082022907156        20.879999533295631     
   3.2213958305833903       0.97573432212197242        20.889999533072114     
   3.2412383136330751       0.97738847769763948        20.899999532848597     
   3.2611700574177758       0.97910385014436807        20.909999532625079     
   3.2811899959509825       0.98088101287696594        20.919999532401562     
   3.3012970202759693       0.98272054964341482        20.929999532178044     
   3.3214899775671873       0.98462305463058164        20.939999531954527     
   3.3417676702213139       0.98658913256883818        20.949999531731009     
   3.3621288549381507       0.98861939883543903        20.959999531507492     
   3.3825722417915891       0.99071447955649949        20.969999531283975     
   3.4030964932908785       0.99287501170740855        20.979999531060457     
   3.4237002234324589       0.99510164321150241        20.989999530836940     
   3.4443819967426395       0.99739503303681498        20.999999530613422     
   3.4651403273114316       0.99975585129071487        21.009999530389905     
   3.4859736778178734        1.0021847793122260        21.019999530166388     
   3.5068804585472000        1.0046825097618224        21.029999529942870     
   3.5278590264002543        1.0072497467084742        21.039999529719353     
   3.5489076838955511        1.0098872057137165        21.049999529495835     
   3.5700246781644478        1.0125956139124948        21.059999529272318     
   3.5912081999398975        1.0153757100905385        21.069999529048800     
   3.6124563825392988        1.0182282447579938        21.079999528825283     
   3.6337673008419906        1.0211539802190417        21.089999528601766     
   3.6551389702619725        1.0241536906372124        21.099999528378248     
   3.6765693457164743        1.0272281620960935        21.109999528154731     
   3.6980563205910313        1.0303781926551183        21.119999527931213     
   3.7195977257017625        1.0336045924001087        21.129999527707696     
   3.7411913282555935        1.0369081834882274        21.139999527484179     
   3.7628348308092083        1.0402898001869880        21.149999527260661     
   3.7845258702275539        1.0437502889069499        21.159999527037144     
   3.8062620166427759        1.0472905082277157        21.169999526813626     
   3.8280407724144987        1.0509113289168288        21.179999526590109     
   3.8498595710924310        1.0546136339411574        21.189999526366591     
   3.8717157763823069        1.0583983184703312        21.199999526143074     
   3.8936066811162440        1.0622662898717845        21.209999525919557     
   3.9155295062286419        1.0662184676969395        21.219999525696039     
   3.9374813997388061        1.0702557836580473        21.229999525472522     
   3.9594594357415356        1.0743791815951884        21.239999525249004     
   3.9814606134069779        1.0785896174329139        21.249999525025487     
   4.0034818559911072        1.0828880591259933        21.259999524801970     
   4.0255200098582513        1.0872754865937129        21.269999524578452     
   4.0475718435171526        1.0917528916421542        21.279999524354935     
   4.0696340466721139        1.0963212778738594        21.289999524131417     
   4.0917032292908484        1.1009816605842733        21.299999523907900     
   4.1137759206907250        1.1057350666443313        21.309999523684382     
   4.1358485686451614        1.1105825343685443        21.319999523460865     
   4.1579175385119953        1.1155251133679094        21.329999523237348     
   4.1799791123857410        1.1205638643869580        21.339999523013830     
   4.2020294882757003        1.1256998591242318        21.349999522790313     
   4.2240647793119841        1.1309341800354562        21.359999522566795     
   4.2460810129815751        1.1362679201186636        21.369999522343278     
   4.2680741303966352        1.1417021826804949        21.379999522119761     
   4.2900399855973443        1.1472380810828928        21.389999521896243     
   4.3119743448916390        1.1528767384693754        21.399999521672726     
   4.3338728862342908        1.1586192874700663        21.409999521449208     
   4.3557311986478604        1.1644668698846288        21.419999521225691     
   4.3775447816881279        1.1704206363422447        21.429999521002173     
   4.3993090449566976        1.1764817459377492        21.439999520778656     
   4.4210193076635464        1.1826513658430238        21.449999520555139     
   4.4426707982423714        1.1889306708927274        21.459999520331621     
   4.4642586540216778        1.1953208431434328        21.469999520108104     
   4.4857779209546207        1.2018230714052176        21.479999519884586     
   4.5072235534107064        1.2084385507447468        21.489999519661069     
   4.5285904140325242        1.2151684819588700        21.499999519437551     
   4.5498732736607774        1.2220140710177418        21.509999519214034     
   4.5710668113309376        1.2289765284764698        21.519999518990517     
   4.5921656143449390        1.2360570688542754        21.529999518766999     
   4.6131641784213908        1.2432569099801565        21.539999518543482     
   4.6340569079278691        1.2505772723040236        21.549999518319964     
   4.6548381161988948        1.2580193781722868        21.559999518096447     
   4.6755020259432989        1.2655844510668630        21.569999517872930     
   4.6960427697447065        1.2732737148065747        21.579999517649412     
   4.7164543906589484        1.2810883927099150        21.589999517425895     
   4.7367308429122525        1.2890297067181604        21.599999517202377     
   4.7568659927041121        1.2970988764778144        21.609999516978860     
   4.7768536191187749        1.3052971183813871        21.619999516755342     
   4.7966874151493260        1.3136256445655172        21.629999516531825     
   4.8163609888383698        1.3220856618654737        21.639999516308308     
   4.8358678645393347        1.3306783707250849        21.649999516084790     
   4.8552014843024356        1.3394049640611732        21.659999515861273     
   4.8743552093893445        1.3482666260816039        21.669999515637755     
   4.8933223219205972        1.3572645310560860        21.679999515414238     
   4.9120960266597686        1.3663998420389036        21.689999515190721     
   4.9306694529384085        1.3756737095427982        21.699999514967203     
   4.9490356567257079        1.3850872701632713        21.709999514743686     
   4.9671876228468097        1.3946416451526269        21.719999514520168     
   4.9851182673536254        1.4043379389431341        21.729999514296651     
   5.0028204400519352        1.4141772376187536        21.739999514073133     
   5.0202869271884794        1.4241606073349404        21.749999513849616     
   5.0375104543016294        1.4342890926861123        21.759999513626099     
   5.0544836892391318        1.4445637150204549        21.769999513402581     
   5.0711992453462615        1.4549854707018257        21.779999513179064     
   5.0876496848275981        1.4655553293186088        21.789999512955546     
   5.1038275222854503        1.4762742318394824        21.799999512732029     
   5.1197252284377894        1.4871430887161645        21.809999512508512     
   5.1353352340183340        1.4981627779333220        21.819999512284994     
   5.1506499338612111        1.5093341430059515        21.829999512061477     
   5.1656616911723914        1.5206579909246722        21.839999511837959     
   5.1803628419898073        1.5321350900495119        21.849999511614442     
   5.1947456998338044        1.5437661679529096        21.859999511390924     
   5.2088025605492563        1.5555519092128198        21.869999511167407     
   5.2225257073403588        1.5674929531569608        21.879999510943890     
   5.2359074159987591        1.5795898915594202        21.889999510720372     
   5.2489399603253117        1.5918432662910120        21.899999510496855     
   5.2616156177453588        1.6042535669249620        21.909999510273337     
   5.2739266751170160        1.6168212282996925        21.919999510049820     
   5.2858654347314991        1.6295466280406774        21.929999509826303     
   5.2974242205040731        1.6424300840435480        21.939999509602785     
   5.3085953843537199        1.6554718519208405        21.949999509379268     
   5.3193713127690980        1.6686721224150023        21.959999509155750     
   5.3297444335578632        1.6820310187804945        21.969999508932233     
   5.3397072227758464        1.6955485941380684        21.979999508708715     
   5.3492522118320194        1.7092248288045246        21.989999508485198     
   5.3583719947645925        1.7230596276015122        21.999999508261681     
   5.3670592356829694        1.7370528171471660        22.009999508038163     
   5.3753066763696511        1.7512041431346357        22.019999507814646     
   5.3831071440355522        1.7655132676018108        22.029999507591128     
   5.3904535592215010        1.7799797661967969        22.039999507367611     
   5.3973389438380508        1.7946031254439614        22.049999507144094     
   5.4037564293350142        1.8093827400156151        22.059999506920576     
   5.4096992649914508        1.8243179100146543        22.069999506697059     
   5.4151608263161206        1.8394078382737393        22.079999506473541     
   5.4201346235477104        1.8546516276768346        22.089999506250024     
   5.4246143102434177        1.8700482785091788        22.099999506026506     
   5.4285936919437612        1.8855966858419944        22.109999505802989     
   5.4320667349007783        1.9012956369584737        22.119999505579472     
   5.4350275748560417        1.9171438088278063        22.129999505355954     
   5.4374705258542448        1.9331397656342202        22.139999505132437     
   5.4393900890774036        1.9492819563682151        22.149999504908919     
   5.4407809616840446        1.9655687124873524        22.159999504685402     
   5.4416380456370961        1.9819982456541387        22.169999504461884     
   5.4419564565035632        1.9985686455587002        22.179999504238367     
   5.4417315322084541        2.0152778778340825        22.189999504014850     
   5.4409588417248420        2.0321237820721310        22.199999503791332     
   5.4396341936814121        2.0491040699480076        22.209999503567815     
   5.4377536448683168        2.0662163234614712        22.219999503344297     
   5.4353135086217153        2.0834579933031065        22.229999503120780     
   5.4323103630669349        2.1008263973537074        22.239999502897263     
   5.4287410591998269        2.1183187193250235        22.249999502673745     
   5.4246027287855823        2.1359320075500414        22.259999502450228     
   5.4198927920539903        2.1536631739309207        22.269999502226710     
   5.4146089651699558        2.1715089930525990        22.279999502003193     
   5.4087492674579272        2.1894661014699728        22.289999501779675     
   5.4023120283588533        2.2075309971763821        22.299999501556158     
   5.3952958940982763        2.2257000392609454        22.309999501332641     
   5.3876998340442599        2.2439694477620584        22.319999501109123     
   5.3795231467340203        2.2623353037241016        22.329999500885606     
   5.3707654655483639        2.2807935494640956        22.339999500662088     
   5.3614267640133679        2.2993399890547126        22.349999500438571     
   5.3515073607091486        2.3179702890296583        22.359999500215054     
   5.3410079237660728        2.3366799793170392        22.369999499991536     
   5.3299294749293340        2.3554644544058627        22.379999499768019     
   5.3182733931735156        2.3743189747503393        22.389999499544501     
   5.3060414178495066        2.3932386684161231        22.399999499320984     
   5.2932356513469996        2.4122185329720707        22.409999499097466     
   5.2798585612567326        2.4312534376305006        22.419999498873949     
   5.2659129820176744        2.4503381256383161        22.429999498650432     
   5.2514021160354423        2.4694672169206862        22.439999498426914     
   5.2363295342594576        2.4886352109783068        22.449999498203397     
   5.2206991762075914        2.5078364900385428        22.459999497979879     
   5.2045153494284175        2.5270653224600186        22.469999497756362     
   5.1877827283925919        2.5463158663894694        22.479999497532845     
   5.1705063528063686        2.5655821736688922        22.489999497309327     
   5.1526916253418067        2.5848581939902329        22.499999497085810     
   5.1343443087798173        2.6041377792940614        22.509999496862292     
   5.1154705225638555        2.6234146884078604        22.519999496638775     
   5.0960767387637462        2.6426825919187440        22.529999496415257     
   5.0761697774508701        2.6619350772746042        22.539999496191740     
   5.0557568014876821        2.6811656541068718        22.549999495968223     
   5.0348453107363209        2.7003677597672660        22.559999495744705     
   5.0134431356928433        2.7195347650701138        22.569999495521188     
   4.9915584305554246        2.7386599802310418        22.579999495297670     
   4.9691996657366460        2.7577366609920730        22.589999495074153     
   4.9463756198317599        2.7767580149224340        22.599999494850636     
   4.9230953710565863        2.7957172078836576        22.609999494627118     
   4.8993682881704093        2.8146073706468901        22.619999494403601     
   4.8752040209009211        2.8334216056496717        22.629999494180083     
   4.8506124898899019        2.8521529938788457        22.639999493956566     
   4.8256038761798896        2.8707946018656996        22.649999493733048     
   4.8001886102636151        2.8893394887789188        22.659999493509531     
   4.7743773607194031        2.9077807136004696        22.669999493286014     
   4.7481810224571097        2.9261113423691145        22.679999493062496     
   4.7216107046004199        2.9443244554759049        22.689999492838979     
   4.6946777180325157        2.9624131549956916        22.699999492615461     
   4.6673935626331877        2.9803705720384572        22.709999492391944     
   4.6397699142364317        2.9981898741040873        22.719999492168427     
   4.6118186113384256        3.0158642724240856        22.729999491944909     
   4.5835516415865198        3.0333870292736793        22.739999491721392     
   4.5549811280804828        3.0507514652377736        22.749999491497874     
   4.5261193155177493        3.0679509664142888        22.759999491274357     
   4.4969785562147804        3.0849789915385473        22.769999491050839     
   4.4675712960368861        3.1018290790125884        22.779999490827322     
   4.4379100602689787        3.1184948538235502        22.789999490603805     
   4.4080074394597055        3.1349700343355815        22.799999490380287     
   4.3778760752712795        3.1512484389401427        22.809999490156770     
   4.3475286463670546        3.1673239925499921        22.819999489933252     
   4.3169778543685000        3.1831907329226570        22.829999489709735     
   4.2862364099127346        3.1988428167997474        22.839999489486217     
   4.2553170188411471        3.2142745258490679        22.849999489262700     
   4.2242323685488872        3.2294802723971370        22.859999489039183     
   4.1929951145241899        3.2444546049404184        22.869999488815665     
   4.1616178671055328        3.2591922134242997        22.879999488592148     
   4.1301131784835903        3.2736879342796263        22.889999488368630     
   4.0984935299738323        3.2879367552073968        22.899999488145113     
   4.0667713195843875        3.3019338197030543        22.909999487921596     
   4.0349588499025231        3.3156744313126656        22.919999487698078     
   4.0030683163217304        3.3291540576141379        22.929999487474561     
   3.9711117956299948        3.3423683339175221        22.939999487251043     
   3.9391012349783820        3.3553130666793343        22.949999487027526     
   3.9070484412475426        3.3679842366267301        22.959999486804008     
   3.8749650708282197        3.3803780015882725        22.969999486580491     
   3.8428626198302664        3.3924906990289228        22.979999486356974     
   3.8107524147330958        3.4043188482877813        22.989999486133456     
   3.7786456034888918        3.4158591525179798        22.999999485909939     
   3.7465531470883136        3.4271085003289903        23.009999485686421     
   3.7144858115968273        3.4380639671324680        23.019999485462904     
   3.6824541606682186        3.4487228161935541        23.029999485239387     
   3.6504685485402835        3.4590824993903766        23.039999485015869     
   3.6185391135161487        3.4691406576852435        23.049999484792352     
   3.5866757719331805        3.4788951213117674        23.059999484568834     
   3.5548882126199652        3.4883439096828597        23.069999484345317     
   3.5231858918404284        3.4974852310252027        23.079999484121799     
   3.4915780287227918        3.5063174817464304        23.089999483898282     
   3.4600736011697335        3.5148392455418498        23.099999483674765     
   3.4286813422448748        3.5230492922480705        23.109999483451247     
   3.3974097370294971        3.5309465764514232        23.119999483227730     
   3.3662670199422746        3.5385302358595103        23.129999483004212     
   3.3352611725137256        3.5457995894446488        23.139999482780695     
   3.3043999216060933        3.5527541353683425        23.149999482557178     
   3.2736907380684368        3.5593935486962498        23.159999482333660     
   3.2431408358158542        3.5657176789134053        23.169999482110143     
   3.2127571713209822        3.5717265472496891        23.179999481886625     
   3.1825464435051964        3.5774203438257492        23.189999481663108     
   3.1525150940163127        3.5827994246297292        23.199999481439590     
   3.1226693078790109        3.5878643083352815        23.209999481216073     
   3.0930150145037234        3.5926156729714180        23.219999480992556     
   3.0635578890393016        3.5970543524547915        23.229999480769038     
   3.0343033540544235        3.6011813329950000        23.239999480545521     
   3.0052565815324219        3.6049977493834806        23.249999480322003     
   2.9764224951639893        3.6085048811764802        23.259999480098486     
   2.9478057729220701        3.6117041487825019        23.269999479874969     
   2.9194108499031408        3.6145971094644884        23.279999479651451     
   2.8912419214190539        3.6171854532668521        23.289999479427934     
   2.8633029463236355        3.6194709988772709        23.299999479204416     
   2.8355976505582965        3.6214556894329650        23.309999478980899     
   2.8081295309010352        3.6231415882809381        23.319999478757381     
   2.7809018589033818        3.6245308747014118        23.329999478533864     
   2.7539176850000366        3.6256258396034169        23.339999478310347     
   2.7271798427762106        3.6264288812012193        23.349999478086829     
   2.7006909533779528        3.6269425006799514        23.359999477863312     
   2.6744534300510781        3.6271692978585186        23.369999477639794     
   2.6484694827946513        3.6271119668575156        23.379999477416277     
   2.6227411231153637        3.6267732917795632        23.389999477192760     
   2.5972701688695321        3.6261561424091351        23.399999476969242     
   2.5720582491798845        3.6252634699385990        23.409999476745725     
   2.5471068094147200        3.6240983027268485        23.419999476522207     
   2.5224171162175004        3.6226637420965542        23.429999476298690     
   2.4979902625753865        3.6209629581757072        23.439999476075172     
   2.4738271729157195        3.6189991857887840        23.449999475851655     
   2.4499286082199290        3.6167757204025062        23.459999475628138     
   2.4262951711448353        3.6142959141308291        23.469999475404620     
   2.4029273111418195        3.6115631718034469        23.479999475181103     
   2.3798253295648149        3.6085809471017734        23.489999474957585     
   2.3569893847585832        3.6053527387660145        23.499999474734068     
   2.3344194971192143        3.6018820868766430        23.509999474510550     
   2.3121155541192855        3.5981725692132520        23.519999474287033     
   2.2900773152905987        3.5942277976934713        23.529999474063516     
   2.2683044171578786        3.5900514148943259        23.539999473839998     
   2.2467963781172862        3.5856470906581253        23.549999473616481     
   2.2255526032540600        3.5810185187846995        23.559999473392963     
   2.2045723890940359        3.5761694138115234        23.569999473169446     
   2.1838549282842328        3.5711035078830160        23.579999472945929     
   2.1633993141981160        3.5658245477100543        23.589999472722411     
   2.1432045454615505        3.5603362916204992        23.599999472498894     
   2.1232695303958544        3.5546425067013168        23.609999472275376     
   2.1035930913747496        3.5487469660326516        23.619999472051859     
   2.0841739690923577        3.5426534460140151        23.629999471828341     
   2.0650108267397558        3.5363657237825534        23.639999471604824     
   2.0461022540879306        3.5298875747231837        23.649999471381307     
   2.0274467714753004        3.5232227700702130        23.659999471157789     
   2.0090428336982731        3.5163750745998974        23.669999470934272     
   1.9908888338036024        3.5093482444132511        23.679999470710754     
   1.9729831067815791        3.5021460248082716        23.689999470487237     
   1.9553239331593593        3.4947721482406262        23.699999470263720     
   1.9379095424939696        3.4872303323717206        23.709999470040202     
   1.9207381167647704        3.4795242782029638        23.719999469816685     
   1.9038077936653666        3.4716576682949469        23.729999469593167     
   1.8871166697951693        3.4636341650701543        23.739999469369650     
   1.8706628037509898        3.4554574091977575        23.749999469146132     
   1.8544442191192341        3.4471310180589523        23.759999468922615     
   1.8384589073694257        3.4386585842912489        23.769999468699098     
   1.8227048306499352        3.4300436744100566        23.779999468475580     
   1.8071799244869353        3.4212898275058601        23.789999468252063     
   1.7918821003877303        3.4124005540152371        23.799999468028545     
   1.7768092483497198        3.4033793345639363        23.809999467805028     
   1.7619592392763683        3.3942296188801913        23.819999467581511     
   1.7473299273016445        3.3849548247764396        23.829999467357993     
   1.7329191520244800        3.3755583371975790        23.839999467134476     
   1.7187247406548747        3.3660435073338935        23.849999466910958     
   1.7047445100733432        3.3564136517967644        23.859999466687441     
   1.6909762688054544        3.3466720518552799        23.869999466463923     
   1.6774178189132700        3.3368219527318588        23.879999466240406     
   1.6640669578055269        3.3268665629550065        23.889999466016889     
   1.6509214799684502        3.3168090537673289        23.899999465793371     
   1.6379791786191062        3.3066525585869457        23.909999465569854     
   1.6252378472832365        3.2964001725204510        23.919999465346336     
   1.6126952812995217        3.2860549519255966        23.929999465122819     
   1.6003492792522436        3.2756199140218887        23.939999464899302     
   1.5881976443343158        3.2650980365473092        23.949999464675784     
   1.5762381856426557        3.2544922574594062        23.959999464452267     
   1.5644687194078710        3.2438054746790144        23.969999464228749     
   1.5528870701602211        3.2330405458749074        23.979999464005232     
   1.5414910718338091        3.2222002882877030        23.989999463781714     
   1.5302785688109419        3.2112874785913825        23.999999463558197     
   1.5192474169085803        3.2003048527908171        24.009999463334680     
   1.5083954843087801        3.1892551061537220        24.019999463111162     
   1.4977206524350031        3.1781408931755060        24.029999462887645     
   1.4872208167761500        3.1669648275755087        24.039999462664127     
   1.4768938876601421        3.1557294823231632        24.049999462440610     
   1.4667377909788462        3.1444373896926510        24.059999462217093     
   1.4567504688661093        3.1330910413446627        24.069999461993575     
   1.4469298803306343        3.1216928884339068        24.079999461770058     
   1.4372740018453969        3.1102453417410523        24.089999461546540     
   1.4277808278952651        3.0987507718278278        24.099999461323023     
   1.4184483714844505        3.0872115092140358        24.109999461099505     
   1.4092746646053826        3.0756298445752837        24.119999460875988     
   1.4002577586705587        3.0640080289602603        24.129999460652471     
   1.3913957249088835        3.0523482740264383        24.139999460428953     
   1.3826866547279801        3.0406527522931066        24.149999460205436     
   1.3741286600439069        3.0289235974106838        24.159999459981918     
   1.3657198735796821        3.0171629044452906        24.169999459758401     
   1.3574584491339778        3.0053727301776023        24.179999459534883     
   1.3493425618213062        2.9935550934150350        24.189999459311366     
   1.3413704082849800        2.9817119753163510        24.199999459087849     
   1.3335402068840967        2.9698453197278081        24.209999458864331     
   1.3258501978557511        2.9579570335300045        24.219999458640814     
   1.3182986434536481        2.9460489869946094        24.229999458417296     
   1.3108838280642481        2.9341230141501993        24.239999458193779     
   1.3036040583015402        2.9221809131564465        24.249999457970262     
   1.2964576630815055        2.9102244466859473        24.259999457746744     
   1.2894429936772906        2.8982553423129960        24.269999457523227     
   1.2825584237560845        2.8862752929086457        24.279999457299709     
   1.2758023493986488        2.8742859570414265        24.289999457076192     
   1.2691731891024256        2.8622889593831142        24.299999456852674     
   1.2626693837691074        2.8502858911189723        24.309999456629157     
   1.2562893966775257        2.8382783103619174        24.319999456405640     
   1.2500317134426797        2.8262677425700806        24.329999456182122     
   1.2438948419616980        2.8142556809672632        24.339999455958605     
   1.2378773123474949        2.8022435869658087        24.349999455735087     
   1.2319776768508521        2.7902328905914358        24.359999455511570     
   1.2261945097716309        2.7782249909096004        24.369999455288053     
   1.2205264073597877        2.7662212564529738        24.379999455064535     
   1.2149719877068434        2.7542230256496496        24.389999454841018     
   1.2095298906284255        2.7422316072517043        24.399999454617500     
   1.2041987775384804        2.7302482807637660        24.409999454393983     
   1.1989773313157241        2.7182742968712552        24.419999454170465     
   1.1938642561628816        2.7063108778679834        24.429999453946948     
   1.1888582774592324        2.6943592180828171        24.439999453723431     
   1.1839581416069676        2.6824204843051223        24.449999453499913     
   1.1791626158718316        2.6704958162087280        24.459999453276396     
   1.1744704882185082        2.6585863267741603        24.469999453052878     
   1.1698805671411865        2.6466931027089142        24.479999452829361     
   1.1653916814897203        2.6348172048655414        24.489999452605844     
   1.1610026802917814        2.6229596686573546        24.499999452382326     
   1.1567124325713811        2.6111215044715483        24.509999452158809     
   1.1525198271641226        2.5993036980795652        24.519999451935291     
   1.1484237725295259        2.5875072110445339        24.529999451711774     
   1.1444231965607512        2.5757329811256260        24.539999451488256     
   1.1405170463920322        2.5639819226791896        24.549999451264739     
   1.1367042882041107        2.5522549270565200        24.559999451041222     
   1.1329839070279559        2.5405528629981511        24.569999450817704     
   1.1293549065470305        2.5288765770245472        24.579999450594187     
   1.1258163088983568        2.5172268938230959        24.589999450370669     
   1.1223671544726206        2.5056046166313037        24.599999450147152     
   1.1190065017135375        2.4940105276161066        24.609999449923635     
   1.1157334269166956        2.4824453882492206        24.619999449700117     
   1.1125470240280761        2.4709099396784566        24.629999449476600     
   1.1094464044424421        2.4594049030949390        24.639999449253082     
   1.1064306968017728        2.4479309800961668        24.649999449029565     
   1.1034990467939163        2.4364888530448736        24.659999448806047     
   1.1006506169516157        2.4250791854236367        24.669999448582530     
   1.0978845864520610        2.4137026221851992        24.679999448359013     
   1.0952001509171057        2.4023597900984743        24.689999448135495     
   1.0925965222142808        2.3910512980902046        24.699999447911978     
   1.0900729282587291        2.3797777375822506        24.709999447688460     
   1.0876286128161745        2.3685396828244998        24.719999447464943     
   1.0852628353070366        2.3573376912233743        24.729999447241426     
   1.0829748706117877        2.3461723036659397        24.739999447017908     
   1.0807640088776489        2.3350440448396004        24.749999446794391     
   1.0786295553267102        2.3239534235473904        24.759999446570873     
   1.0765708300655565        2.3129009330188599        24.769999446347356     
   1.0745871678964725        2.3018870512165615        24.779999446123838     
   1.0726779181302977        2.2909122411381539        24.789999445900321     
   1.0708424444009930        2.2799769511141306        24.799999445676804     
   1.0690801244819774        2.2690816151011899        24.809999445453286     
   1.0673903501042885        2.2582266529712709        24.819999445229769     
   1.0657725267766145        2.2474124707962688        24.829999445006251     
   1.0642260736072424        2.2366394611284619        24.839999444782734     
   1.0627504231279621        2.2259080032766687        24.849999444559216     
   1.0613450211199600        2.2152184635781671        24.859999444335699     
   1.0600093264417381        2.2045711956664076        24.869999444112182     
   1.0587428108590815        2.1939665407345461        24.879999443888664     
   1.0575449588771031        2.1834048277948361        24.889999443665147     
   1.0564152675743845        2.1728863739339106        24.899999443441629     
   1.0553532464392328        2.1624114845639921        24.909999443218112     
   1.0543584172080660        2.1519804536700700        24.919999442994595     
   1.0534303137059442        2.1415935640530770        24.929999442771077     
   1.0525684816892500        2.1312510875691153        24.939999442547560     
   1.0517724786905323        2.1209532853647621        24.949999442324042     
   1.0510418738655118        2.1107004081085052        24.959999442100525     
   1.0503762478422576        2.1004926962183439        24.969999441877007     
   1.0497751925725285        2.0903303800856050        24.979999441653490     
   1.0492383111852843        2.0802136802950115        24.989999441429973     
   1.0487652178423592        2.0701428078410533        24.999999441206455     
   1.0483555375962950        2.0601179643407019        25.009999440982938     
   1.0480089062503251        2.0501393422425154        25.019999440759420     
   1.0477249702205040        2.0402071250321794        25.029999440535903     
   1.0475033863999712        2.0303214874345294        25.039999440312386     
   1.0473438220253368        2.0204825956121022        25.049999440088868     
   1.0472459545451802        2.0106906073602602        25.059999439865351     
   1.0472094714906457        2.0009456722989389        25.069999439641833     
   1.0472340703481215        1.9912479320610592        25.079999439418316     
   1.0473194584339862        1.9815975204776572        25.089999439194798     
   1.0474653527714060        1.9719945637597733        25.099999438971281     
   1.0476714799691660        1.9624391806771495        25.109999438747764     
   1.0479375761025167        1.9529314827337811        25.119999438524246     
   1.0482633865960158        1.9434715743403708        25.129999438300729     
   1.0486486661083474        1.9340595529837281        25.139999438077211     
   1.0490931784190960        1.9246955093931648        25.149999437853694     
   1.0495966963174561        1.9153795277039289        25.159999437630177     
   1.0501590014928546        1.9061116856177245        25.169999437406659     
   1.0507798844274634        1.8968920545603636        25.179999437183142     
   1.0514591442905814        1.8877206998365945        25.189999436959624     
   1.0521965888348608        1.8785976807821518        25.199999436736107     
   1.0529920342943553        1.8695230509130734        25.209999436512589     
   1.0538453052843659        1.8604968580723278        25.219999436289072     
   1.0547562347030606        1.8515191445737984        25.229999436065555     
   1.0557246636348432        1.8425899473436651        25.239999435842037     
   1.0567504412554463        1.8337092980592289        25.249999435618520     
   1.0578334247387238        1.8248772232852228        25.259999435395002     
   1.0589734791651180        1.8160937446076499        25.269999435171485     
   1.0601704774317753        1.8073588787651922        25.279999434947968     
   1.0614243001642856        1.7986726377782316        25.289999434724450     
   1.0627348356300190        1.7900350290755249        25.299999434500933     
   1.0641019796530353        1.7814460556185736        25.309999434277415     
   1.0655256355305389        1.7729057160237276        25.319999434053898     
   1.0670057139508542        1.7644140046820658        25.329999433830380     
   1.0685421329128957        1.7559709118770914        25.339999433606863     
   1.0701348176471062        1.7475764239002807        25.349999433383346     
   1.0717837005378363        1.7392305231645253        25.359999433159828     
   1.0734887210471413        1.7309331883155064        25.369999432936311     
   1.0752498256399670        1.7226843943410370        25.379999432712793     
   1.0770669677106999        1.7144841126784116        25.389999432489276     
   1.0789401075110556        1.7063323113197992        25.399999432265759     
   1.0808692120792780        1.6982289549157166        25.409999432042241     
   1.0828542551706248        1.6901740048766163        25.419999431818724     
   1.0848952171891137        1.6821674194726286        25.429999431595206     
   1.0869920851205006        1.6742091539314883        25.439999431371689     
   1.0891448524664671        1.6662991605346826        25.449999431148171     
   1.0913535191799901        1.6584373887118566        25.459999430924654     
   1.0936180916018672        1.6506237851335055        25.469999430701137     
   1.0959385823983734        1.6428582938019907        25.479999430477619     
   1.0983150105000221        1.6351408561409106        25.489999430254102     
   1.1007474010414071        1.6274714110828603        25.499999430030584     
   1.1032357853020966        1.6198498951556084        25.509999429807067     
   1.1057802006485578        1.6122762425667272        25.519999429583549     
   1.1083806904770825        1.6047503852867033        25.529999429360032     
   1.1110373041576940        1.5972722531305625        25.539999429136515     
   1.1137500969790028        1.5898417738380357        25.549999428912997     
   1.1165191300939938        1.5824588731522986        25.559999428689480     
   1.1193444704667130        1.5751234748973126        25.569999428465962     
   1.1222261908198345        1.5678355010537974        25.579999428242445     
   1.1251643695830780        1.5605948718338616        25.589999428018928     
   1.1281590908424555        1.5534015057543213        25.599999427795410     
   1.1312104442903217        1.5462553197087339        25.609999427571893     
   1.1343185251762009        1.5391562290381737        25.619999427348375     
   1.1374834342583700        1.5321041476007773        25.629999427124858     
   1.1407052777561679        1.5250989878400834        25.639999426901340     
   1.1439841673030129        1.5181406608521955        25.649999426677823     
   1.1473202199000969        1.5112290764517924        25.659999426454306     
   1.1507135578707379        1.5043641432370098        25.669999426230788     
   1.1541643088153617        1.4975457686532216        25.679999426007271     
   1.1576726055670918        1.4907738590557422        25.689999425783753     
   1.1612385861479211        1.4840483197714767        25.699999425560236     
   1.1648623937254414        1.4773690551595411        25.709999425336719     
   1.1685441765701081        1.4707359686708770        25.719999425113201     
   1.1722840880130121        1.4641489629068831        25.729999424889684     
   1.1760822864041389        1.4576079396770889        25.739999424666166     
   1.1799389350710872        1.4511128000558888        25.749999424442649     
   1.1838542022782244        1.4446634444383637        25.759999424219131     
   1.1878282611862541        1.4382597725952087        25.769999423995614     
   1.1918612898121719        1.4319016837267897        25.779999423772097     
   1.1959534709895834        1.4255890765163508        25.789999423548579     
   1.2001049923293621        1.4193218491823922        25.799999423325062     
   1.2043160461806206        1.4130998995302404        25.809999423101544     
   1.2085868295919735        1.4069231250028307        25.819999422878027     
   1.2129175442730633        1.4007914227307225        25.829999422654510     
   1.2173083965563287        1.3947046895813675        25.839999422430992     
   1.2217595973589879        1.3886628222076489        25.849999422207475     
   1.2262713621452126        1.3826657170957131        25.859999421983957     
   1.2308439108884695        1.3767132706121121        25.869999421760440     
   1.2354774680340010        1.3708053790502754        25.879999421536922     
   1.2401722624614240        1.3649419386763291        25.889999421313405     
   1.2449285274474167        1.3591228457742828        25.899999421089888     
   1.2497465006284736        1.3533479966906008        25.909999420866370     
   1.2546264239636986        1.3476172878781756        25.919999420642853     
   1.2595685436976127        1.3419306159397220        25.929999420419335     
   1.2645731103229501        1.3362878776706091        25.939999420195818     
   1.2696403785434167        1.3306889701011471        25.949999419972301     
   1.2747706072363849        1.3251337905383460        25.959999419748783     
   1.2799640594154984        1.3196222366071642        25.969999419525266     
   1.2852210021931603        1.3141542062912612        25.979999419301748     
   1.2905417067428775        1.3087295979732747        25.989999419078231     
   1.2959264482614361        1.3033483104746333        25.999999418854713     
   1.3013755059308783        1.2980102430949259        26.009999418631196     
   1.3068891628802546        1.2927152956508403        26.019999418407679     
   1.3124677061471244        1.2874633685146888        26.029999418184161     
   1.3181114266387755        1.2822543626525345        26.039999417960644     
   1.3238206190931354        1.2770881796619362        26.049999417737126     
   1.3295955820393468        1.2719647218093242        26.059999417513609     
   1.3354366177579755        1.2668838920670249        26.069999417290092     
   1.3413440322408259        1.2618455941499473        26.079999417066574     
   1.3473181351503312        1.2568497325519474        26.089999416843057     
   1.3533592397784908        1.2518962125818838        26.099999416619539     
   1.3594676630053251        1.2469849403993811        26.109999416396022     
   1.3656437252568141        1.2421158230503140        26.119999416172504     
   1.3718877504622948        1.2372887685020260        26.129999415948987     
   1.3782000660112810        1.2325036856782989        26.139999415725470     
   1.3845810027096777        1.2277604844940859        26.149999415501952     
   1.3910308947353562        1.2230590758900213        26.159999415278435     
   1.3975500795930591        1.2183993718667230        26.169999415054917     
   1.4041388980686014        1.2137812855188999        26.179999414831400     
   1.4107976941823361        1.2092047310692786        26.189999414607882     
   1.4175268151418501        1.2046696239023622        26.199999414384365     
   1.4243266112938560        1.2001758805980356        26.209999414160848     
   1.4311974360752462        1.1957234189650305        26.219999413937330     
   1.4381396459632747        1.1913121580742636        26.229999413713813     
   1.4451536004248300        1.1869420182920598        26.239999413490295     
   1.4522396618647653        1.1826129213132768        26.249999413266778     
   1.4593981955732473        1.1783247901943399        26.259999413043261     
   1.4666295696720890        1.1740775493862048        26.269999412819743     
   1.4739341550600271        1.1698711247672571        26.279999412596226     
   1.4813123253569083        1.1657054436761651        26.289999412372708     
   1.4887644568467433        1.1615804349446959        26.299999412149191     
   1.4962909284195920        1.1574960289305092        26.309999411925673     
   1.5038921215122381        1.1534521575499426        26.319999411702156     
   1.5115684200476147        1.1494487543107976        26.329999411478639     
   1.5193202103729384        1.1454857543451440        26.339999411255121     
   1.5271478811965109        1.1415630944421509        26.349999411031604     
   1.5350518235231465        1.1376807130809605        26.359999410808086     
   1.5430324305881815        1.1338385504636144        26.369999410584569     
   1.5510900977900233        1.1300365485480477        26.379999410361052     
   1.5592252226211931        1.1262746510811614        26.389999410137534     
   1.5674382045978195        1.1225528036319881        26.399999409914017     
   1.5757294451875352        1.1188709536249599        26.409999409690499     
   1.5840993477357319        1.1152290503732960        26.419999409466982     
   1.5925483173901256        1.1116270451125183        26.429999409243464     
   1.6010767610235839        1.1080648910341098        26.439999409019947     
   1.6096850871551682        1.1045425433193279        26.449999408796430     
   1.6183737058693386        1.1010599591731856        26.459999408572912     
   1.6271430287332738        1.0976170978586122        26.469999408349395     
   1.6359934687122533        1.0942139207308079        26.479999408125877     
   1.6449254400830509        1.0908503912718019        26.489999407902360     
   1.6539393583452846        1.0875264751252312        26.499999407678843     
   1.6630356401306725        1.0842421401313471        26.509999407455325     
   1.6722147031101358        1.0809973563622686        26.519999407231808     
   1.6814769658986977        1.0777920961574885        26.529999407008290     
   1.6908228479581184        1.0746263341596516        26.539999406784773     
   1.7002527694972105        1.0715000473506118        26.549999406561255     
   1.7097671513697754        1.0684132150877859        26.559999406337738     
   1.7193664149701027        1.0653658191408129        26.569999406114221     
   1.7290509821259705        1.0623578437285346        26.579999405890703     
   1.7388212749890872        1.0593892755563092        26.589999405667186     
   1.7486777159229103        1.0564601038536703        26.599999405443668     
   1.7586207273877807        1.0535703204123446        26.609999405220151     
   1.7686507318233073        1.0507199196246424        26.619999404996634     
   1.7787681515279359        1.0479088985222327        26.629999404773116     
   1.7889734085356368        1.0451372568153152        26.639999404549599     
   1.7992669244896435        1.0424049969322056        26.649999404326081     
   1.8096491205131719        1.0397121240593425        26.659999404102564     
   1.8201204170770526        1.0370586461817339        26.669999403879046     
   1.8306812338642033        1.0344445741238530        26.679999403655529     
   1.8413319896308711        1.0318699215909983        26.689999403432012     
   1.8520731020645689        1.0293347052111310        26.699999403208494     
   1.8629049876386337        1.0268389445772024        26.709999402984977     
   1.8738280614633303        1.0243826622899856        26.719999402761459     
   1.8848427371334227        1.0219658840014245        26.729999402537942     
   1.8959494265721362        1.0195886384585127        26.739999402314425     
   1.9071485398714307        1.0172509575477173        26.749999402090907     
   1.9184404851285051        1.0149528763399605        26.759999401867390     
   1.9298256682784480        1.0126944331361705        26.769999401643872     
   1.9413044929229581        1.0104756695134200        26.779999401420355     
   1.9528773601550422        1.0082966303716605        26.789999401196837     
   1.9645446683796119        1.0061573639810686        26.799999400973320     
   1.9763068131298875        1.0040579220300192        26.809999400749803     
   1.9881641868795246        1.0019983596736954        26.819999400526285     
   2.0001171788503709       0.99997873558335315        26.829999400302768     
   2.0121661748157642       0.99799911199624991        26.839999400079250     
   2.0243115568992813       0.99605955476625452        26.849999399855733     
   2.0365537033688392       0.99416013341514931        26.859999399632215     
   2.0488929884260609       0.99230092118463953        26.869999399408698     
   2.0613297819908043       0.99048199508908263        26.879999399185181     
   2.0738644494807605       0.98870343596895127        26.889999398961663     
   2.0864973515860203       0.98696532854504360        26.899999398738146     
   2.0992288440385130       0.98526776147345418        26.909999398514628     
   2.1120592773762117       0.98361082740131822        26.919999398291111     
   2.1249889967020081       0.98199462302334306        26.929999398067594     
   2.1380183414371468       0.98041924913913980        26.939999397844076     
   2.1511476450691203       0.97888481071136813        26.949999397620559     
   2.1643772348939163       0.97739141692470710        26.959999397397041     
   2.1777074317525087       0.97593918124566459        26.969999397173524     
   2.1911385497614844       0.97452822148323892        26.979999396950006     
   2.2046708960376988       0.97315865985044381        26.989999396726489     
   2.2183047704168453       0.97183062302670997        26.999999396502972     
   2.2320404651658272       0.97054424222117530        27.009999396279454     
   2.2458782646888236       0.96929965323687517        27.019999396055937     
   2.2598184452269283       0.96809699653584502        27.029999395832419     
   2.2738612745512499       0.96693641730514646        27.039999395608902     
   2.2880070116493569       0.96581806552382810        27.049999395385385     
   2.3022559064049504       0.96474209603083216        27.059999395161867     
   2.3166081992706422       0.96370866859385673        27.069999394938350     
   2.3310641209337275       0.96271794797918520        27.079999394714832     
   2.3456238919748209       0.96177010402249130        27.089999394491315     
   2.3602877225192453       0.96086531170063039        27.099999394267797     
   2.3750558118810461       0.96000375120442483        27.109999394044280     
   2.3899283481995082       0.95918560801245367        27.119999393820763     
   2.4049055080680568       0.95841107296585260        27.129999393597245     
   2.4199874561554138       0.95768034234413391        27.139999393373728     
   2.4351743448188907       0.95699361794203164        27.149999393150210     
   2.4504663137096885       0.95635110714737925        27.159999392926693     
   2.4658634893700841       0.95575302302002541        27.169999392703176     
   2.4813659848223764       0.95519958437179298        27.179999392479658     
   2.4969738991494657       0.95469101584748517        27.189999392256141     
   2.5126873170669470       0.95422754800694287        27.199999392032623     
   2.5285063084865840       0.95380941740815539        27.209999391809106     
   2.5444309280710460       0.95343686669142691        27.219999391585588     
   2.5604612147797812       0.95311014466459942        27.229999391362071     
   2.5765971914059005       0.95282950638933162        27.239999391138554     
   2.5928388641039524       0.95259521326843344        27.249999390915036     
   2.6091862219084621       0.95240753313425297        27.259999390691519     
   2.6256392362431185       0.95226674033811354        27.269999390468001     
   2.6421978604204828       0.95217311584079511        27.279999390244484     
   2.6588620291321057       0.95212694730405478        27.289999390020967     
   2.6756316579289297       0.95212852918317881        27.299999389797449     
   2.6925066426918658       0.95217816282055745        27.309999389573932     
   2.7094868590924248       0.95227615654027165        27.319999389350414     
   2.7265721620432974       0.95242282574368042        27.329999389126897     
   2.7437623851387674       0.95261849300599499        27.339999388903379     
   2.7610573400848546       0.95286348817382360        27.349999388679862     
   2.7784568161190819       0.95315814846366986        27.359999388456345     
   2.7959605794197651       0.95350281856136587        27.369999388232827     
   2.8135683725047267       0.95389785072241762        27.379999388009310     
   2.8312799136193409       0.95434360487323910        27.389999387785792     
   2.8490948961138183       0.95484044871324958        27.399999387562275     
   2.8670129878096429       0.95538875781780486        27.409999387338758     
   2.8850338303550842       0.95598891574193190        27.419999387115240     
   2.9031570385697032       0.95664131412483255        27.429999386891723     
   2.9213821997777809       0.95734635279512015        27.439999386668205     
   2.9397088731306100       0.95810443987674931        27.449999386444688     
   2.9581365889175815       0.95891599189559584        27.459999386221170     
   2.9766648478660205       0.95978143388664139        27.469999385997653     
   2.9952931204297220       0.96070119950171318        27.479999385774136     
   3.0140208460661477       0.96167573111772586        27.489999385550618     
   3.0328474325022570       0.96270547994536837        27.499999385327101     
   3.0517722549889439       0.96379090613817686        27.509999385103583     
   3.0707946555440739       0.96493247890192646        27.519999384880066     
   3.0899139421841109       0.96613067660427565        27.529999384656549     
   3.1091293881443440       0.96738598688458777        27.539999384433031     
   3.1284402310877333       0.96869890676385251        27.549999384209514     
   3.1478456723023949       0.97006994275462510        27.559999383985996     
   3.1673448758877765       0.97149961097089355        27.569999383762479     
   3.1869369679295660       0.97298843723778250        27.579999383538961     
   3.2066210356634084       0.97453695720099376        27.589999383315444     
   3.2263961266275025       0.97614571643587944        27.599999383091927     
   3.2462612478041803       0.97781527055603712        27.609999382868409     
   3.2662153647505727       0.97954618532131033        27.619999382644892     
   3.2862574007184930       0.98133903674507117        27.629999382421374     
   3.3063862357636786       0.98319441120065498        27.639999382197857     
   3.3266007058445566       0.98511290552681063        27.649999381974339     
   3.3468996019107085       0.98709512713202097        27.659999381750822     
   3.3672816689812408       0.98914169409754304        27.669999381527305     
   3.3877456052132766       0.99125323527900744        27.679999381303787     
   3.4082900609608164       0.99343039040640901        27.689999381080270     
   3.4289136378242309       0.99567381018231316        27.699999380856752     
   3.4496148876906760       0.99798415637809146        27.709999380633235     
   3.4703923117657443        1.0003621019279938        27.719999380409718     
   3.4912443595966938        1.0028083310208520        27.729999380186200     
   3.5121694280876219        1.0053235391892024        27.739999379962683     
   3.5331658605069789        1.0079084333956032        27.749999379739165     
   3.5542319454878477        1.0105637321159127        27.759999379515648     
   3.5753659160214468        1.0132901654192839        27.769999379292130     
   3.5965659484443409        1.0160884750446189        27.779999379068613     
   3.6178301614198856        1.0189594144732157        27.789999378845096     
   3.6391566149144583        1.0219037489973282        27.799999378621578     
   3.6605433091690713        1.0249222557843463        27.809999378398061     
   3.6819881836669914        1.0280157239362939        27.819999378174543     
   3.7034891160980408        1.0311849545443248        27.829999377951026     
   3.7250439213202835        1.0344307607378869        27.839999377727509     
   3.7466503503198507        1.0377539677282099        27.849999377503991     
   3.7683060891696978        1.0411554128457567        27.859999377280474     
   3.7900087579881307        1.0446359455712653        27.869999377056956     
   3.8117559098979910        1.0481964275599924        27.879999376833439     
   3.8335450299874285        1.0518377326587558        27.889999376609921     
   3.8553735342732462        1.0555607469153530        27.899999376386404     
   3.8772387686678531        1.0593663685799233        27.909999376162887     
   3.8991380079509099        1.0632555080977995        27.919999375939369     
   3.9210684547468078        1.0672290880933790        27.929999375715852     
   3.9430272385091820        1.0712880433445304        27.939999375492334     
   3.9650114145137132        1.0754333207470281        27.949999375268817     
   3.9870179628605280        1.0796658792684959        27.959999375045300     
   4.0090437874875828        1.0839866898913180        27.969999374821782     
   4.0310857151964585        1.0883967355439590        27.979999374598265     
   4.0531404946920802        1.0928970110201155        27.989999374374747     
   4.0752047956379220        1.0974885228851021        27.999999374151230     
   4.0972752077283348        1.1021722893688579        28.009999373927712     
   4.1193482397797059        1.1069493402449353        28.019999373704195     
   4.1414203188422238        1.1118207166948197        28.029999373480678     
   4.1634877893340931        1.1167874711569026        28.039999373257160     
   4.1855469122001239        1.1218506671594140        28.049999373033643     
   4.2075938640966903        1.1270113791366017        28.059999372810125     
   4.2296247366051274        1.1322706922274206        28.069999372586608     
   4.2516355354757209        1.1376297020559780        28.079999372363091     
   4.2736221799045087        1.1430895144929618        28.089999372139573     
   4.2955805018452038        1.1486512453972568        28.099999371916056     
   4.3175062453586284        1.1543160203369360        28.109999371692538     
   4.3393950660021172        1.1600849742887933        28.119999371469021     
   4.3612425302614461        1.1659592513155665        28.129999371245503     
   4.3830441150279116        1.1719400042199823        28.139999371021986     
   4.4047952071232732        1.1780283941747312        28.149999370798469     
   4.4264911028753540        1.1842255903274708        28.159999370574951     
   4.4481270077471775        1.1905327693799335        28.169999370351434     
   4.4696980360225940        1.1969511151401995        28.179999370127916     
   4.4911992105514376        1.2034818180471840        28.189999369904399     
   4.5126254625573381        1.2101260746663702        28.199999369680882     
   4.5339716315113812        1.2168850871558072        28.209999369457364     
   4.5552324650748952        1.2237600627013812        28.219999369233847     
   4.5764026191147220        1.2307522129203583        28.229999369010329     
   4.5974766577943962        1.2378627532321878        28.239999368786812     
   4.6184490537447376        1.2450929021955441        28.249999368563294     
   4.6393141883174200        1.2524438808105887        28.259999368339777     
   4.6600663519251677        1.2599169117854190        28.269999368116260     
   4.6806997444722604        1.2675132187656808        28.279999367892742     
   4.7012084758791257        1.2752340255263110        28.289999367669225     
   4.7215865667048185        1.2830805551243900        28.299999367445707     
   4.7418279488712658        1.2910540290120824        28.309999367222190     
   4.7619264664931764        1.2991556661086594        28.319999366998672     
   4.7818758768175735        1.3073866818306015        28.329999366775155     
   4.8016698512769294        1.3157482870788006        28.339999366551638     
   4.8213019766599094        1.3242416871818992        28.349999366328120     
   4.8407657564037656        1.3328680807948201        28.359999366104603     
   4.8600546120124015        1.3416286587515767        28.369999365881085     
   4.8791618846041676        1.3505246028714726        28.379999365657568     
   4.8980808365934090        1.3595570847178453        28.389999365434051     
   4.9168046535097965        1.3687272643085373        28.399999365210533     
   4.9353264459594222        1.3780362887773303        28.409999364987016     
   4.9536392517316177        1.3874852909856215        28.419999364763498     
   4.9717360380553997        1.3970753880836779        28.429999364539981     
   4.9896097040093812        1.4068076800208646        28.439999364316463     
   5.0072530830889113        1.4166832480043063        28.449999364092946     
   5.0246589459341227        1.4267031529055134        28.459999363869429     
   5.0418200032224529        1.4368684336145843        28.469999363645911     
   5.0587289087290923        1.4471801053416740        28.479999363422394     
   5.0753782625586705        1.4576391578655148        28.489999363198876     
   5.0917606145513421        1.4682465537288696        28.499999362975359     
   5.1078684678662647        1.4790032263809025        28.509999362751842     
   5.1236942827452721        1.4899100782665631        28.519999362528324     
   5.1392304804593287        1.5009679788631993        28.529999362304807     
   5.1544694474401478        1.5121777626647419        28.539999362081289     
   5.1694035395990836        1.5235402271139324        28.549999361857772     
   5.1840250868351543        1.5350561304832133        28.559999361634254     
   5.1983263977337621        1.5467261897050433        28.569999361410737     
   5.2122997644573701        1.5585510781525611        28.579999361187220     
   5.2259374678290511        1.5705314233716829        28.589999360963702     
   5.2392317826094859        1.5826678047658926        28.599999360740185     
   5.2521749829676008        1.5949607512351625        28.609999360516667     
   5.2647593481446373        1.6074107387706311        28.619999360293150     
   5.2769771683110287        1.6200181880068598        28.629999360069633     
   5.2888207506150033        1.6327834617336876        28.639999359846115     
   5.3002824254213756        1.6457068623699214        28.649999359622598     
   5.3113545527384947        1.6587886294013074        28.659999359399080     
   5.3220295288307957        1.6720289367854544        28.669999359175563     
   5.3322997930138802        1.6854278903266087        28.679999358952045     
   5.3421578346284839        1.6989855250234156        28.689999358728528     
   5.3515962001891104        1.7127018023930380        28.699999358505011     
   5.3606075007025291        1.7265766077752498        28.709999358281493     
   5.3691844191506952        1.7406097476203670        28.719999358057976     
   5.3773197181320347        1.7548009467651340        28.729999357834458     
   5.3850062476543767        1.7691498457009291        28.739999357610941     
   5.3922369530721523        1.7836559978389168        28.749999357387424     
   5.3990048831597974        1.7983188667770202        28.759999357163906     
   5.4053031983126099        1.8131378235738520        28.769999356940389     
   5.4111251788656025        1.8281121440349892        28.779999356716871     
   5.4164642335201938        1.8432410060172308        28.789999356493354     
   5.4213139078678552        1.8585234867567255        28.799999356269836     
   5.4256678929991269        1.8739585602271012        28.809999356046319     
   5.4295200341856820        1.8895450945339602        28.819999355822802     
   5.4328643396224203        1.9052818493523407        28.829999355599284     
   5.4356949892158557        1.9211674734139566        28.839999355375767     
   5.4380063434043553        1.9372005020512475        28.849999355152249     
   5.4397929519951207        1.9533793548054612        28.859999354928732     
   5.4410495630021005        1.9697023331061789        28.869999354705215     
   5.4417711314683999        1.9861676180298637        28.879999354481697     
   5.4419528282560998        2.0027732681451655        28.889999354258180     
   5.4415900487858133        2.0195172174528486        28.899999354034662     
   5.4406784217077169        2.0363972734283236        28.909999353811145     
   5.4392138174852738        2.0534111151748631        28.919999353587627     
   5.4371923568723552        2.0705562916956421        28.929999353364110     
   5.4346104192640166        2.0878302202927976        28.939999353140593     
   5.4314646509007778        2.1052301851017154        28.949999352917075     
   5.4277519729058845        2.1227533357687474        28.959999352693558     
   5.4234695891347533        2.1403966862805213        28.969999352470040     
   5.4186149938155230        2.1581571139529356        28.979999352246523     
   5.4131859789594881        2.1760313585878377        28.989999352023005     
   5.4071806415200490        2.1940160218052394        28.999999351799488     
   5.4005973902787838        2.2121075665587648        29.009999351575971     
   5.3934349524372731        2.2303023168418186        29.019999351352453     
   5.3856923798934018        2.2485964575917206        29.029999351128936     
   5.3773690551810640        2.2669860347987818        29.039999350905418     
   5.3684646970524517        2.2854669558269816        29.049999350681901     
   5.3589793656824503        2.3040349899525538        29.059999350458384     
   5.3489134674751186        2.3226857691264051        29.069999350234866     
   5.3382677594527301        2.3414147889658583        29.079999350011349     
   5.3270433532084782        2.3602174099807600        29.089999349787831     
   5.3152417184046339        2.3790888590384829        29.099999349564314     
   5.3028646857987436        2.3980242310718252        29.109999349340796     
   5.2899144497813184        2.4170184910332395        29.119999349117279     
   5.2763935704094251        2.4360664760982202        29.129999348893762     
   5.2623049749216557        2.4551628981200433        29.139999348670244     
   5.2476519587210557        2.4743023463373928        29.149999348446727     
   5.2324381858138285        2.4934792903357068        29.159999348223209     
   5.2166676886929046        2.5126880832623710        29.169999347999692     
   5.2003448676568400        2.5319229652951312        29.179999347776175     
   5.1834744895559286        2.5511780673623456        29.189999347552657     
   5.1660616859589350        2.5704474151129157        29.199999347329140     
   5.1481119507353847        2.5897249331329362        29.209999347105622     
   5.1296311370499881        2.6090044494053024        29.219999346882105     
   5.1106254537674101        2.6282797000077025        29.229999346658587     
   5.0911014612673249        2.6475443340436033        29.239999346435070     
   5.0710660666714098        2.6667919188000204        29.249999346211553     
   5.0505265184857038        2.6860159451250518        29.259999345988035     
   5.0294904006635326        2.7052098330173542        29.269999345764518     
   5.0079656260960022        2.7243669374189388        29.279999345541000     
   4.9859604295388351        2.7434805542018945        29.289999345317483     
   4.9634833599861299        2.7625439263388887        29.299999345093966     
   4.9405432725033798        2.7815502502465588        29.309999344870448     
   4.9171493195338423        2.8004926822902152        29.319999344646931     
   4.8933109416940477        2.8193643454375921        29.329999344423413     
   4.8690378580759255        2.8381583360487586        29.339999344199896     
   4.8443400560746275        2.8568677307887045        29.349999343976378     
   4.8192277807626995        2.8754855936485639        29.359999343752861     
   4.7937115238327390        2.8940049830609365        29.369999343529344     
   4.7678020121320968        2.9124189590943148        29.379999343305826     
   4.7415101958145156        2.9307205907112235        29.389999343082309     
   4.7148472361348377        2.9489029630743340        29.399999342858791     
   4.6878244929140775        2.9669591848845300        29.409999342635274     
   4.6604535117031727        2.9848823957346724        29.419999342411757     
   4.6327460106746958        3.0026657734626494        29.429999342188239     
   4.6047138672726122        3.0203025414871951        29.439999341964722     
   4.5763691046508796        3.0377859761099173        29.449999341741204     
   4.5477238779322802        3.0551094137670107        29.459999341517687     
   4.5187904603193294        3.0722662582142122        29.469999341294169     
   4.4895812290894392        3.0892499876287167        29.479999341070652     
   4.4601086515067410        3.1060541616119886        29.489999340847135     
   4.4303852706830291        3.1226724280776832        29.499999340623617     
   4.4004236914202677        3.1390985300092411        29.509999340400100     
   4.3702365660669074        3.1553263120721105        29.519999340176582     
   4.3398365804199814        3.1713497270660245        29.529999339953065     
   4.3092364397045220        3.1871628422032634        29.539999339729548     
   4.2784488546613018        3.2027598451994082        29.549999339506030     
   4.2474865277732539        3.2181350501636987        29.559999339282513     
   4.2163621396601618        3.2332829032767836        29.569999339058995     
   4.1850883356703390        3.2481979882443386        29.579999338835478     
   4.1536777126970517        3.2628750315157893        29.589999338611960     
   4.1221428062463765        3.2773089072581367        29.599999338388443     
   4.0904960777820287        3.2914946420757052        29.609999338164926     
   4.0587499023714830        3.3054274194674593        29.619999337941408     
   4.0269165566563832        3.3191025840143924        29.629999337717891     
   3.9950082071688939        3.3325156452903704        29.639999337494373     
   3.9630368990142082        3.3456622814906938        29.649999337270856     
   3.9310145449379519        3.3585383427735427        29.659999337047338     
   3.8989529147957218        3.3711398543103668        29.669999336823821     
   3.8668636254404349        3.3834630190421846        29.679999336600304     
   3.8347581310415992        3.3955042201396486        29.689999336376786     
   3.8026477138490322        3.4072600231656276        29.699999336153269     
   3.7705434754119458        3.4187271779399255        29.709999335929751     
   3.7384563282627301        3.4299026201066205        29.719999335706234     
   3.7063969880731693        3.4407834724053430        29.729999335482717     
   3.6743759662892463        3.4513670456486358        29.739999335259199     
   3.6424035632491418        3.4616508394083176        29.749999335035682     
   3.6104898617875012        3.4716325424145418        29.759999334812164     
   3.5786447213275450        3.4813100326719679        29.769999334588647     
   3.5468777724611540        3.4906813772981562        29.779999334365129     
   3.5151984120156383        3.4997448320899531        29.789999334141612     
   3.4836157986045486        3.5084988408242581        29.799999333918095     
   3.4521388486585818        3.5169420343001376        29.809999333694577     
   3.4207762329313813        3.5250732291297910        29.819999333471060     
   3.3895363734738555        3.5328914262863695        29.829999333247542     
   3.3584274410695145        3.5403958094170993        29.839999333024025     
   3.3274573531222753        3.5475857429305697        29.849999332800508     
   3.2966337719871999        3.5544607698674104        29.859999332576990     
   3.2659641037337286        3.5610206095639017        29.869999332353473     
   3.2354554973301233        3.5672651551183385        29.879999332129955     
   3.2051148442370785        3.5731944706702028        29.889999331906438     
   3.1749487783977575        3.5788087885023865        29.899999331682920     
   3.1449636766109039        3.5841085059768560        29.909999331459403     
   3.1151656592731225        3.5890941823142612        29.919999331235886     
   3.0855605914759514        3.5937665352280508        29.929999331012368     
   3.0561540844429511        3.5981264374236948        29.939999330788851     
   3.0269514972916900        3.6021749129736036        29.949999330565333     
   2.9979579391052464        3.6059131335782864        29.959999330341816     
   2.9691782712976407        3.6093424147242255        29.969999330118299     
   2.9406171102574694        3.6124642117488306        29.979999329894781     
   2.9122788302539404        3.6152801158226944        29.989999329671264     
