   1.0933089126834987E-002   2.1854911657359061E-002   3.2754206152016407E-002   4.3619742150195775E-002   5.4440335529921530E-002   6.5204863700823845E-002   7.5902280576947923E-002   8.6521631277767880E-002   9.7052066507990087E-002  0.10748285656933772       0.11780340496047378       0.12800326152451327       0.13807213510715655       0.14799990569231186       0.15777663598611888       0.16739258242450006       0.17683820558370361       0.18610417997772247       0.19518140323092886       0.20406100461871302       0.21273435297331628       0.22119306395635849       0.22942900670374297       0.23743430985264025       0.24520136696407080       0.25272284135819884       0.25999167038278281       0.26700106913828248       0.27374453368587448       0.28021584376706338       0.28640906506567704       0.29231855104479543       0.29793894439257296       0.30326517811197429       0.30829247629014955       0.31301635458353205       0.31743262045475351       0.32153737319714870       0.32532700378197182       0.32879819456248460       0.33194791886781427       0.33477344051793900       0.33727231328934826       0.33944238035887592       0.34128177375092661       0.34278891381083487       0.34396250872443845       0.34480155410112523       0.34530533263466218       0.34547341385304892       0.34530565396548907       0.34480219581135851       0.34396346891280116       0.34279018962932029       0.34128336140948234       0.33944427513163955       0.33727450952242533       0.33477593163871378       0.33195069739577876       0.32880125212157219       0.32533033111437815       0.32154096017861988       0.31743645611132221       0.31302042710967637       0.30829677306835090       0.30326968573364677       0.29794364868033485       0.29232343707605257       0.28641411719748505       0.28022104566223416       0.27374986834029080       0.26700651890938265       0.25999721701917577       0.25272846603036869       0.24520705029612741       0.23744003195507207       0.22943474720712631       0.22119880204597603       0.21274006742463619       0.20406667383367921       0.19518700527501132       0.18610969261767557       0.17684360632597940       0.16739784855426240       0.15778174460680300       0.14800483376567403       0.13807685949375667       0.12800775902457298       0.11780765235505225       0.10748683066176630        9.7055744165506830E-002   8.6524989473292083E-002   7.5905296430935201E-002   6.5207514523141191E-002   5.4442598861682331E-002   4.3621595805494254E-002   3.2755628259500881E-002   2.1855880701583778E-002   1.0933583989330160E-002
   2.1877486211494837E-002   4.3732423651617829E-002   6.5542273939202811E-002   8.7284560763011235E-002  0.10893690065595693       0.13047703343451633       0.15188285219601047       0.17313243277007728       0.19420406252511552       0.21507626843572450       0.23572784432312885       0.25613787718719727       0.27628577255587017       0.29615127878551878       0.31571451025389330       0.33495596939578642       0.35385656754026201       0.37239764451717811       0.39056098700969166       0.40832884563837080       0.42568395077138360       0.44260952706389300       0.45908930673818837       0.47510754162415281       0.49064901398733884       0.50569904617913042       0.52024350915016315       0.53426882987430524       0.54776199773602030       0.56071056993881718       0.57310267599670905       0.58492702137412556       0.59617289034255305       0.60683014812429426       0.61688924239514931       0.62634120421852724       0.63517764848351721       0.64339077391878630       0.65097336275286111       0.65791878008941485       0.66422097306363481       0.66987446984265153       0.67487437852936816       0.67921638602491230       0.68289675690035145       0.68591233232333648       0.68826052907998780       0.68993933872668523       0.69094732690048200       0.69128363281071969       0.69094796892808918       0.68994062088093577       0.68826244756207944       0.68591488144287527       0.68289992908471153       0.67922017183169325       0.67487876666193769       0.66987944716874692       0.66422652463700060       0.65792488917444514       0.65098001085221469       0.64339794080393264       0.63518531222817531       0.62634934123494768       0.61689782747319177       0.60683915447324455       0.59618228963562225       0.58493678379557057       0.57311277029150753       0.56072096346482925       0.54777265651856388       0.53427971866306900       0.52025459147837849       0.50571028442491972       0.49066036943715408       0.47511897453821655       0.45910077641784625       0.44262099192078175       0.42569536839831945       0.40834017288185870       0.39057218004395267       0.37240865891959135       0.35386735836811567       0.33496649126422889       0.31572471741497449       0.29616112520821009       0.27629521200694979       0.25614686331288627       0.23573633073136102       0.21508420877893414       0.19421141058342406       0.17313914253476034       0.15188887795312500       0.13048232984856836       0.10894142285348912        8.7288264415989122E-002   6.5545115348079511E-002   4.3734359827956051E-002   2.1878474960025943E-002
   3.2844504368561539E-002   6.5655146597463548E-002   9.8398080314275729E-002  0.13103955253243899       0.16354594995014807       0.19588384474356499       0.22802003969230397       0.25992161248062928       0.29155595902456366       0.32289083568304200       0.35389440022027435       0.38453525139650513       0.41478246707525546       0.44460564074680908       0.47397491638000022       0.50286102152718581       0.53123529862047114       0.55906973441069308       0.58633698751420904       0.61301041404605361       0.63906409133139408       0.66447283970029913       0.68921224238353362       0.71325866353927592       0.73658926445224104       0.75918201795757212       0.78101572115196272       0.80207000646371984       0.82232535116179828       0.84176308539119860       0.86036539882846985       0.87811534605635877       0.89499685076089996       0.91099470885742162       0.92609459065404376       0.94028304216229763       0.95354748566450276       0.96587621964651627       0.97725841820248149       0.98768413001524502       0.99714427701227315        1.0056306527921910        1.0131359209115753        1.0196536131153877        1.0251781275875249        1.0297047272904338        1.0332295384546604        1.0357495492706557        1.0372626088262054        1.0377674263235577        1.0372635706007758        1.0357514699721022        1.0332324123922756        1.0297085459398547        1.0251828796047542        1.0196592843554568        1.0131424944518264        1.0056381089601423       0.99715259341803286       0.98769328158842729       0.97726837723357263       0.96588695583263529       0.95355896615949254       0.94029523163107753       0.92610745133114736       0.91100820060964049       0.89501093115394459       0.87812997042544660       0.86038052035273960       0.84177865517184902       0.82234131830384483       0.80208631816125120       0.78103232277678147       0.75919885315109648       0.73660627522053823       0.71327579035109401       0.68922942427119682       0.66449001436332411       0.63908119524268259       0.61302738256051292       0.58635375497964715       0.55908623428083304       0.53125146356992548       0.50287678356823007       0.47399020698097838       0.44462039095200623       0.41479660762606585       0.38454871285372488       0.35390711308734468       0.32290273053006679       0.29156696661292575       0.25993166388802585       0.22802906643802284       0.19589177891382084       0.16355272432329876       0.13104510070390049        9.8402336820955338E-002   6.5658047041529763E-002   3.2845985540370756E-002
   4.3845487803987414E-002   8.7645753179517144E-002  0.13135559505372890       0.17492993739531798       0.21832389120438442       0.26149281582157674       0.30439237933840746       0.34697861789804663       0.38920799368502701       0.43103745141301320       0.47242447313198410       0.51332713118970608       0.55370413919710004       0.59351490086285086       0.63271955657922097       0.67127902765831982       0.70915505813588231       0.74631025407772400       0.78270812034230697       0.81831309477106906       0.85309057979618230       0.88700697147303975       0.92002968596186474       0.95212718349924841       0.98326898991600453        1.0134257157723745        1.0425690731951904        1.0706718905140278        1.0977081248045639        1.1236528724572261        1.1484823778977284        1.1721740405932022        1.1947064204832996        1.2160592419798961        1.2362133966818090        1.2551509449523199        1.2728551165072641        1.2893103101600372        1.3045020928671542        1.3184171982139943        1.3310435244751562        1.3423701323774966        1.3523872426865091        1.3610862337282770        1.3684596389499235        1.3745011446113311        1.3792055876900369        1.3825689540696944        1.3845883770704448        1.3852621363670290        1.3845896573276406        1.3825715107934042        1.3792094133051283        1.3745062277706792        1.3684659645530726        1.3610937829462850        1.3523959929929379        1.3423800575855074        1.3310545947806545        1.3184293802447709        1.3045153497379496        1.2893246015334561        1.2728703986604528        1.2551671708493168        1.2362305160514679        1.2160772013992731        1.1947251634663882        1.1721935076848964        1.1485025067728776        1.1236735980246502        1.0977293793158815        1.0706936036771451        1.0425911722922954        1.0134481257822698       0.98329163364061034       0.95214998169409726       0.92005255747040726       0.88702983336457186       0.85311334750720347       0.81833568224987063       0.78273044019658944       0.74633221772503522       0.70917657595666483       0.67130000915135180       0.63273991051923173       0.59353453546008772       0.55372296225861983       0.51334505028216448       0.47244139574568877       0.43105328512700969       0.38922264633297976       0.34699199773467931       0.30440439520626272       0.26150337731785672       0.21833290884763112       0.17493732279169283       0.13136126106265048        8.7649614078416579E-002   4.3847459451941045E-002
   5.4891827512055270E-002  0.10972700948866293       0.16444892761882202       0.21900112074610634       0.27332736277333958       0.32737173970588068       0.38107872555755085       0.43439325685267693       0.48726080546932571       0.53962744958242670       0.59143994248097786       0.64264577905071618       0.69319325973233892       0.74303155178536018       0.79211074770877299       0.84038192069164552       0.88779717698935701       0.93430970514416944       0.97987382199198980        1.0244450154202762        1.0679799838648729        1.1104366725558865        1.1517743065443731        1.1919534205623679        1.2309358857885042        1.2686849336099832        1.3051651764888026        1.3403426260558418        1.3741847085705121        1.4066602778961073        1.4377396261517210        1.4673944922105213        1.4955980682212908        1.5223250043354486        1.5475514118252378        1.5712548647804310        1.5934144005708086        1.6140105192598235        1.6330251821513673        1.6504418096464408        1.6662452785798985        1.6804219191993559        1.6929595119389322        1.7038472841298213        1.7130759067778747        1.7206374915255354        1.7265255879016923        1.7307351809484646        1.7332626892986736        1.7341059637619503        1.7332642864611922        1.7307383705445032        1.7265303604810267        1.7206438329322573        1.7130837981736746        1.7038567020249813        1.6929704282309881        1.6804343012193723        1.6662590891462985        1.6504570071263074        1.6330417205291385        1.6140283482132860        1.5934334655542788        1.5712751071150164        1.5475727687960472        1.5223474092956208        1.4956214507026946        1.4674187780409764        1.4377647375785734        1.4066861337159915        1.3742112242651174        1.3403697139334934        1.3051927458316634        1.2687128908266678        1.2309641345718954        1.1919818620524134        1.1518028394956361        1.1104651935096153        1.0680083873253481        1.0244731940351905       0.97990166673660539       0.93433710550899463       0.88782402117107695       0.84040809578704090       0.79213613991134979       0.74305604658441460       0.69321674211417417       0.64266813370172660       0.59146105399231208       0.53964720265593624       0.48727908512450757       0.43440994863431337       0.38109371574374729       0.32738491551620486       0.27333861257676073       0.21901033426843436       0.16445599614934592       0.10973182608568856        5.4894287207042335E-002
   6.5994977142896469E-002  0.13192180669807896       0.19771237452259852       0.26329875631983046       0.32861331174223185       0.39358877744484516       0.45815835875346922       0.52225581962298340       0.58581557057551858       0.64877275432484405       0.71106332881231493       0.77262414740075802       0.83339303599556347       0.89330886688671118       0.95231162913125722        1.0103424953226410        1.0673438846207777        1.1232595219449832        1.1780344932600681        1.2316152969141270        1.2839498910144149        1.3349877368549339        1.3846798384357464        1.4329787781393231        1.4798387486532483        1.5252155812511121        1.5690667705642816        1.6113514959962831        1.6520306399486628        1.6910668030422444        1.7284243165306976        1.7640692521140968        1.7979694293687443        1.8300944210158743        1.8604155562560045        1.8889059223976183        1.9155403650086558        1.9402954868169617        1.9631496455814905        1.9840829511497677        2.0030772619089570        2.0201161808279968        2.0351850512767320        2.0482709527949359        2.0593626969697083        2.0684508235640595        2.0755275970227292        2.0805870034635370        2.0836247482440067        2.0846382541737651        2.0836266604234468        2.0805908221606924        2.0755333109234577        2.0684584157204071        2.0593721448277846        2.0482822282320203        2.0351981206475602        2.0201310050201653        2.0030937964073656        1.9841011461100164        1.9631694459121225        1.9403168322704429        1.9155631902809658        1.8889301572363115        1.8604411255765958        1.8301212450263846        1.7979974237022354        1.7640983279690117        1.7284543808188100        1.6910977585440141        1.6520623854757794        1.6113839265611731        1.5690997775563420        1.5252490526194276        1.4798725690955328        1.4330128292968267        1.3847139990938522        1.3350218831491658        1.2839838966415678        1.2316490333482235        1.1780678299728371        1.1232923266305535        1.0673760234242677        1.0103738330723249       0.95234202957397640       0.89333819292620231       0.83342114993336236       0.77265091117933915       0.71108860426012066       0.64879640340285483       0.58583745562501111       0.52227580361412440       0.45817630553438571       0.39360455199081645       0.32862678040464111       0.26330978707451863       0.19772083721725914       0.13192757329833499        6.5997921976700458E-002
   7.7166469099602231E-002  0.15425319319654199       0.23118046737805753       0.30786880997441957       0.38423907320477113       0.46021255257705568       0.53571109464307065       0.61065720272350754       0.68497414023480907       0.75858603126960400       0.83141795810513353       0.90339605533920952       0.97444760038056100        1.0445011000496254        1.1134863730766105        1.1813346283156603        1.2479785385268651        1.3133523096113182        1.3773917452181097        1.4400343066757184        1.5012191682334055        1.5608872676305943        1.6189813520435896        1.6754460194890239        1.7302277557919017        1.7832749672528134        1.8345380091735932        1.8839692104232246        1.9315228942460523        1.9771553955321237        2.0208250747847871        2.0624923290333381        2.1021195999485589        2.1396713794264146        2.1751142129099281        2.2084167007214210        2.2395494976769146        2.2684853112516103        2.2951988985600740        2.3196670624071700        2.3418686466560343        2.3617845311475332        2.3793976263919161        2.3946928682378319        2.4076572127067410        2.4182796311621257        2.4265511059629756        2.4324646267299723        2.4360151873307729        2.4371997836679600        2.4360174123298033        2.4324690701400882        2.4265577546191182        2.4182884653437711        2.4076682061703343        2.3947059882599655        2.3794128338231895        2.3618017804770184        2.3418878860862629        2.3196882339395364        2.2952219380905321        2.2685101486765378        2.2395760570089953        2.2084449002153872        2.1751439651979818        2.1397025916631489        2.1021521739651767        2.0625261615009505        2.0208600573865643        1.9771914151440675        1.9315598331261314        1.8840069464086100        1.8345764158857243        1.7833139143100043        1.7302671090291943        1.6754856411849799        1.6190211011537023        1.5609270000269990        1.5012587369505499        1.4400735621616461        1.3774305355910093        1.3133904809209760        1.2480159350206486        1.1813710927086656        1.1135217468255867        1.0445352236302905       0.97448031356791587       0.90342719749045375       0.83144736844478018       0.75861354917638590       0.68499960552996975       0.61068045596006226       0.53573197739562406       0.46023090773175862       0.38425474524899994       0.30788164528575845       0.23119031451216571       0.15425990317348709        7.7169895688242590E-002
   8.8417930925875327E-002  0.17674440730038227       0.26488802180825227       0.35275762461106347       0.44026245094578159       0.52731224727021897       0.61381739549025771       0.69968903481991573       0.78483918084527504       0.86918084138668927       0.95262812878028891        1.0350963682292931        1.1165022019076902        1.1967636885331010        1.2758003981617130        1.3535335019956984        1.4298858570320609        1.5047820854210592        1.5781486484417613        1.6499139150415580        1.7200082249251956        1.7883639462167169        1.8549155277543075        1.9195995461130682        1.9823547474839387        2.0431220845680578        2.1018447486745884        2.1584681972361994        2.2129401769798753        2.2652107430113118        2.3152322740888311        2.3629594843773405        2.4083494319844094        2.4513615245889957        2.4919575224787258        2.5301015393139545        2.5657600409362273        2.5989018425352075        2.6294981044818395        2.6575223271265243        2.6829503448495782        2.7057603196373474        2.7259327344412334        2.7434503865587034        2.7582983812553397        2.7704641258252010        2.7799373242635719        2.7867099727015932        2.7907763557266265        2.7921330436856202        2.7907788910414593        2.7867150358245065        2.7799449001934047        2.7704741920910503        2.7583109079535193        2.7434653364019432        2.7259500628200497        2.7057799746935021        2.6829722675615217        2.6575464514067111        2.6295243572857707        2.5989301439820602        2.5657903044408990        2.5301336717303404        2.4919914242540302        2.4513970899288644        2.4083865490286547        2.3629980353860169        2.3152721356383950        2.2652517862006056        2.2129822676456414        2.1585111961778232        2.1018885118877639        2.0431664634870481        1.9823995892320894        1.9196446937612293        1.8549608205868002        1.7884092200044759        1.7200533122056996        1.6499586454051636        1.5781928488240298        1.5048255804006732        1.4299284691339054        1.3535750519986847        1.2758407054109058        1.1968025712557118        1.1165394775324864        1.0351318537089707       0.95266164091635197       0.86921219715637021       0.78486819773003302       0.69971553113504048       0.61384119071510723       0.52733316237861605       0.44028030873609364       0.35277225003548934       0.26489924230083711       0.17675205310328551        8.8421835413414945E-002
   9.9761102047599720E-002  0.19941891067029710       0.29887018740626692       0.39801198648067476       0.49674179983458761       0.59495770048128604       0.69255848365473760       0.78944380523383728       0.88551431694914673       0.98067179790601711        1.0748192819888200        1.1678611807452088        1.2597034013864714        1.3502534595797235        1.4394205867494612        1.5271158316494189        1.6132521560102595        1.6977445241139433        1.7805099861911537        1.8614677555835091        1.9405392796569700        2.0176483044964799        2.0927209334540313        2.1656856796626704        2.2364735126671196        2.3050178993573800        2.3712548394246307        2.4351228955887261        2.4965632188734364        2.5555195692290757        2.6119383318222900        2.6657685293293381        2.7169618305822647        2.7654725559268352        2.8112576796570470        2.8542768298934833        2.8944922862718125        2.9318689758034653        2.9663744672630483        2.9979789644465384        3.0266552986309025        3.0523789205496494        3.0751278921801788        3.0948828786177858        3.1116271402880620        3.1253465257243831        3.1360294651104201        3.1436669647593849        3.1482526026722009        3.1497825252862990        3.1482554454953613        3.1436726419884602        3.1360379599247596        3.1253578129275863        3.1116411863494253        3.0948996417274661        3.0751473223180081        3.0524009595675041        3.0266798803485102        2.9980060147605938        2.9664039042694856        2.9319007099327168        2.8945262204368687        2.8543128596505487        2.8112956933785678        2.7655124349866602        2.7170034495526849        2.6658117561897292        2.6119830281790675        2.5555655905466610        2.4966104147159096        2.4351711098718312        2.3713039106777805        2.3050676609952991        2.2365237932707447        2.1657363032689152        2.0927717198540128        2.0176990695417900        1.9405898355735589        1.8615179112927485        1.7805595476376199        1.6977932945994669        1.6132999365337706        1.5271624212521033        1.4394657828647475        1.3502970583876024        1.2597451981716463        1.1679009702585694        1.0748568588117253       0.98070695681686892       0.88554685329173177       0.78947351528690768       0.69258516500230360       0.59498115238308646       0.49676182359620524       0.39802838582276168       0.29888276883234494       0.19942748383259817        9.9765480110414251E-002
  0.11120785093468283       0.22230042256515037       0.33316249894181793       0.44367919313610216       0.55373611024945724       0.66321950851596245       0.77201645788862505       0.88001499552124074       0.98710427758424302        1.0931747268841894        1.1981181757919754        1.3018280040241521        1.4041992708643789        1.5051288414575903        1.6045155068573922        1.7022600975569862        1.7982655902850264        1.8924372078997034        1.9846825122664709        2.0749114900566896        2.1630366314555225        2.2489730018172240        2.3326383063540446        2.4139529479909290        2.4928400785616045        2.5692256435622300        2.6430384207161888        2.7142100526375845        2.7826750739113577        2.8483709329345048        2.9112380088854861        2.9712196242075439        3.0282620530061859        3.0823145257716016        3.1333292308432199        3.1812613130361287        3.2260688698476558        3.2677129456572969        3.3061575243243961        3.3413695205757743        3.3733187705600418        3.4019780219267770        3.4273229237673712        3.4493320167303194        3.4679867235973094        3.4832713405779181        3.4951730295501964        3.5036818114423252        3.5087905609169292        3.5104950024849462        3.5087937081403284        3.5036880965705874        3.4951824339615696        3.4832838363780536        3.4680022736651455        3.4493505747791500        3.4273444344210335        3.4020024208108337        3.3733459844078535        3.3413994673492962        3.3061901133495404        3.2677480777736791        3.2261064375725050        3.1813012007421491        3.1333713149501423        3.0823586749511724        3.0283081284003073        2.9712674796592520        2.9112874911824624        2.8484218820647715        2.7827273233308079        2.7142634295489678        2.6430927463591747        2.5692807335141339        2.4928957430483685        2.4140089922079131        2.3326945307961862        2.2490292026181034        2.1630926007348577        2.0749670162757741        1.9847373805910593        1.8924912005698280        1.7983184869912310        1.7023116758224421        1.6045655424253602        1.5051771086836789        1.4042455431130452        1.3018720540688800        1.1981597762185654        1.0932136504965848       0.98714029781231027       0.88004788682992530       0.77204599618789338       0.66324547157094083       0.55375827809017864       0.44369734846626641       0.33317642754597537       0.22230991371371511       0.11121269778618718     
  0.12277019275308390       0.24541295507196254       0.36780092902173456       0.48980712330356446       0.61130509487036777       0.73216912838570825       0.85227441283629424       0.97149721463322125        1.0897150465674861        1.2068068320209375        1.3226530638742908        1.4371359575986631        1.5501395980657298        1.6615500796635412        1.7712556393596399        1.8791467824098287        1.9851164004690758        2.0890598819200665        2.1908752142941288        2.2904630787181359        2.3877269363789084        2.4825731070530841        2.5749108398048444        2.6646523760058449        2.7517130048807421        2.8360111118274558        2.9174682198034168        2.9960090241072739        3.0715614209195370        3.1440565299954022        3.2134287119281906        3.2796155804225329        3.3425580100325147        3.4022001398314492        3.4584893734868674        3.5113763762167638        3.5608150691011708        3.6067626212169994        3.6491794400538473        3.6880291606544011        3.7232786339052999        3.7548979143831973        3.7828602481363616        3.8071420607549236        3.8277229460529014        3.8445856556528111        3.8577160897291893        3.8671032891310642        3.8727394290655246        3.8746198144853872        3.8727428772838195        3.8671101753579098        3.8577263935618813        3.8445993465292361        3.8277399833018038        3.8071623936628187        3.7828838160310063        3.7549246467334987        3.7233084504375253        3.6880619714845304        3.6492151458358850        3.6068011133070348        3.5608562297369719        3.5114200787126428        3.4585354824435557        3.4022485113606917        3.3426084919960681        3.2796680126852396        3.2134829266247769        3.1441123518106271        3.0716186673813066        2.9960675058923147        2.9175277410550753        2.8360714704851873        2.7517739930208327        2.6647137801928822        2.5749724414534532        2.4826346827994197        2.3877882584613843        2.2905239153668582        2.1909353301284837        2.0891190383539069        1.9851743561229380        1.8792032935295928        1.7713104602410477        1.6616029630819695        1.5501902957106126        1.4371842205119414        1.3226986428922731        1.2068494782189370        1.0897545117066019       0.97153325160862425       0.85230677612637584       0.73219757450144407       0.61132938280425164       0.48982701497746228       0.36781618973300939       0.24542335393722345       0.12277550314891079     
  0.13446030758112365       0.26878084945960817       0.40282194242392233       0.53644430896300954       0.66950927819729511       0.80187898438372751       0.93341656221954006        1.0639863381975658        1.1934540173004702        1.3216868643617472        1.4485538794672947        1.5739259668222665        1.6976760965631070        1.8196794590535688        1.9398136112654136        2.0579586149087152        2.1739971660425104        2.2878147159632691        2.3992995832356039        2.5083430567960816        2.6148394901263492        2.7186863865553574        2.8197844758117263        2.9180377820056829        3.0133536832750396        3.1056429633809639        3.1948198555863740        3.2808020791924801        3.3635108691468880        3.4428709991696955        3.5188107988719564        3.5912621653636494        3.6601605698659139        3.7254450598546907        3.7870582572702212        3.8449463533291199        3.8990591004731030        3.9493498019811075        3.9957752997596887        4.0382959608103670        4.0768756628524034        4.1114817795554135        4.1420851658086928        4.1686601434233124        4.1911844876293101        4.2096394146939051        4.2240095709479482        4.2342830234670679        4.2404512526114901        4.2425091465846503        4.2404549981257373        4.2342905034055613        4.2240207631489177        4.2096542859602568        4.1912029937832234        4.1686822293789252        4.1421107656627658        4.1115108166958567        4.0769080500845023        4.0383316005005465        3.9958140839966125        3.9493916127538853        3.8991038098663640        3.8449938237346823        3.7871083416150615        3.7254976018449026        3.6602154042463102        3.5913191181926569        3.5188696878114163        3.4429316337891662        3.3635730512420308        3.2808656031170860        3.1948845085975637        3.1057085259970867        3.0134199296457673        2.9181044802937843        2.8198513885859944        2.7187532711941258        2.6149060992310513        2.5084091386142569        2.3993648820927658        2.2878789727030258        2.1740601184743209        2.0580199982626461        1.9398731586532578        1.8197369019356731        1.6977311652202469        1.5739783908319005        1.4486033881835199        1.3217331873982716        1.1934968850159140        1.0640254821823982       0.93345171578395125       0.80190988304573629       0.66953566017038768       0.53646591564260671       0.40283851887196870       0.26879214488657915       0.13446607582474845     
  0.14629055926902451       0.29242881381338937       0.43826255233874412       0.58364000994594512       0.72841008917435812       0.87242257832859593        1.0155283662209493        1.1575796524936501        1.2984301527242004        1.4379352975628361        1.5759524252031911        1.7123409665447846        1.8469626224683555        1.9796815327115995        2.1103644359027478        2.2388808203818744        2.3651030655140204        2.4889065732733773        2.6101698899531032        2.7287748179300344        2.8446065174869366        2.9575535987662231        3.0675082039977100        3.1743660802082587        3.2780266426826410        3.3783930295021194        3.4753721475396504        3.5688747103379850        3.6588152683389414        3.7451122319685517        3.8276878881135241        3.9064684105493903        3.9813838648997835        4.0523682087196216        4.1193592873025091        4.1822988258146445        4.2411324183540575        4.2958095145252244        4.3462834041054306        4.3925112003606852        4.4344538225460370        4.4720759780979389        4.5053461449952810        4.5342365547310539        4.5587231762988081        4.5787857015572886        4.5944075322933804        4.6055757692579435        4.6122812034017855        4.6145183094900712        4.6122852422233791        4.6055838349426832        4.5944196009440308        4.5788017373771250        4.5587431316504894        4.5342603702150024        4.5053737495474433        4.4721072891068108        4.4344887459887756        4.3925496309581327        4.3463252254958222        4.2958545994563604        4.2411806288936473        4.1823500135785521        4.1194132937005730        4.0524248652187227        3.9814429933037707        3.9065298232955064        3.8277513885848977        3.7451776148223290        3.6588823198496083        3.5689432087553890        3.4754418634612381        3.3784637262588593        3.2780980767380976        3.1744380015702687        3.0675803566420727        2.9576257210718224        2.8446783426816800        2.7288460745469862        2.6102403022961713        2.4889758618919027        2.3651709476855922        2.2389470106026996        2.1104286463848796        1.9797434738863227        1.8470220034950131        1.7123974958243262        1.5760058108957136        1.4379852481083768        1.2984763773660428        1.1576218618033915        1.0155662726245775       0.87245589663281997       0.72843853709243400       0.58366330862223770       0.43828042687126334       0.29244099377354338       0.14629677921783085     
  0.15827351502621662       0.31638196211875624       0.47416037876824146       0.63144429138096370       0.78806995732674756       0.94387460395538314        1.0986966636138420        1.2523760037325060        1.4047541510927803        1.5556745094401982        1.7049825696658023        1.8525261118434817        1.9981553984812903        2.1417233584196973        2.2830857608883912        2.4221013793147264        2.5586321445602977        2.6925432873464934        2.8237034697143546        2.9519849054477652        3.0772634694710828        3.1994187963120058        3.3183343677970427        3.4338975902197157        3.5459998612900030        3.6545366272369910        3.7594074304947847        3.8605159484540579        3.9577700238079387        4.0510816870609192        4.1403671718031001        4.2255469233791789        4.3065456016021564        4.3832920781758489        4.4557194294980169        4.5237649255174182        4.5873700153135575        4.6464803100575693        4.7010455639967947        4.7510196540844980        4.7963605588501359        4.8370303370749372        4.8729951068026995        4.9042250251769346        4.9306942695532205        4.9523810202901810        4.9692674455743280        4.9813396885833923        4.9885878572401285        4.9910060167543087        4.9885921850950208        4.9813483314789355        4.9692803779031127        4.9523982036937326        4.9307156529850911        4.9042505449866871        4.8730246868406706        4.8370638888176316        4.7963979815460815        4.7510608349203611        4.7010903782835269        4.6465286214363237        4.5874216759810871        4.5238197764706580        4.4557773007974983        4.3833527892275841        4.3066089614576075        4.2256127310528910        4.1404352166075560        4.0511517489581577        3.9578418737774421        3.8605893488763967        3.7594821355504937        3.6546123833201096        3.5460764074357103        3.4339746585454680        3.3184116839565814        3.1994960799616221        3.0773404347474678        2.9520612614567860        2.8237789210300681        2.6926175345196972        2.5587048846359002        2.4221723063572069        2.2831545665146136        2.1417897323383177        1.9982190290379980        1.8525866865712999        1.7050397758396647        1.5557280346350131        1.4048036837441851        1.2524212336995109        1.0987372827425554       0.94391030664300801       0.78810044108503763       0.63146925739832371       0.47417953246965994       0.31639501372275292       0.15828018009799588     
  0.17042196582732677       0.34066585497513480       0.51055370935245536       0.67990810434193794       0.84855241284775040        1.0163110659697630        1.1830098092275976        1.3484759532987154        1.5125386182844760        1.6750289705763648        1.8357804514606690        1.9946289966729052        2.1514132461924156        2.3059747436517704        2.4581581248239450        2.6078112947416745        2.7547855930968570        2.8989359476623817        3.0401210155732383        3.1782033123972973        3.3130493290177410        3.4445296364379274        3.5725189787046441        3.6968963542265678        3.8175450858405098        3.9343528800482788        4.0472118759110849        4.1560186841460416        4.2606744170201170        4.3610847096806653        4.4571597335982043        4.5488142028264038        4.6359673738062712        4.7185430394563159        4.7964695182982195        4.8696796393683686        4.9381107236597952        5.0017045628268573        5.0604073958666724        5.1141698844673176        5.1629470876833476        5.2066984365647571        5.2453877093264740        5.2789830076021644        5.3074567342790937        5.3307855733602505        5.3489504722464938        5.3619366267753819        5.3697334692951237        5.3723346599920125        5.3697380816283218        5.3619458377852318        5.3489642546423593        5.3308038862622826        5.3074795232854619        5.2790102048785652        5.2454192337177759        5.2067341937286447        5.1629869702457585        5.1142137721994807        5.0604551558834849        5.0017560498063389        4.9381657800833061        4.8697380957812619        4.7965311935905763        4.7186077411633542        4.6360348984280346        4.5488843361662727        4.4572322511197626        4.3611593768824299        4.2607509898276046        4.1560969093206372        4.0472914914751321        3.9344336157258049        3.8176266635129705        3.6969784884029782        3.5726013770054341        3.4446120000918512        3.3131313533711402        3.1782846874350019        3.0402014264503858        2.8990150752463926        2.7548631145188125        2.6078868839563185        2.4582314531775196        2.3060454804568793        2.1514810593091060        1.9946935530951397        1.8358414179073561        1.6750860140861052        1.5125914068131776        1.3485241563192196        1.1830530983304599        1.0163491154643221       0.84858490036262091       0.67993471142405959       0.51057412206383024       0.34067976448638421       0.17042906900720495     
  0.18274894773502920       0.36530654213524927       0.54748156291352656       0.72908337008201263       0.90992219110770534        1.0898094043210953        1.2685578173831604        1.4459819396616762        1.6218982474237971        1.7961254408174159        1.9684846916881056        2.1387998813604940        2.3068978276017775        2.4726085000795637        2.6357652237252891        2.7962048695168606        2.9537680322987767        3.1082991953636046        3.2596468816242039        3.4076637913103549        3.5522069262254359        3.6931377006975374        3.8303220394539377        3.9636304627374095        4.0929381590666747        4.2181250461207354        4.3390758202974169        4.4556799955596365        4.5678319322384917        4.6754308565098999        4.7783808713011036        4.8765909594148420        4.9699749796823669        5.0584516569718749        5.1419445668864849        5.2203821159858350        5.2936975183580017        5.3618287693540374        5.4247186172763771        5.4823145337850381        5.5345686837523402        5.5814378952582455        5.6228836303747958        5.6588719573399242        5.6893735246686239        5.7143635376935169        5.7338217379676371        5.7477323859003739        5.7560842469331757        5.7588705814954579        5.7560891389135129        5.7477421553765025        5.7338363559942813        5.7143829609122676        5.6893976953792551        5.6589008035953157        5.6229170660993590        5.5814758203896595        5.5346109844064211        5.4823610824435081        5.4247692729972696        5.3618833780044586        5.2937559128689093        5.2204441166284958        5.1420099815702294        5.0585202815627248        4.9700465983421029        4.8766653449600401        4.7784577855816366        4.6755100508063876        4.5679131476781443        4.4557629635499056        4.3391602629768622        4.2182106768264713        4.0930246828177461        3.9637175767334285        3.8304094335882732        3.6932250580843542        3.5522939237398323        3.4077501001408503        3.2597321678367961        3.1083831204766108        2.9538502538676403        2.7962850417281047        2.6358429979987803        2.4726835256782307        2.3069697522479236        2.1388683518578260        1.9685493545486008        1.7961859428921270        1.6219542365367001        1.4460330652456532        1.2686037311172047        1.0898497607678244       0.90995664835026169       0.72911159035943274       0.54750321325365892       0.36532129498429888       0.18275648158281371     
  0.19526776424616127       0.39033060708167905       0.58498375603252417       0.77902306826840151       0.97224534209582902        1.1644486242962879        1.3554325119855051        1.5449984477213321        1.7329500066506394        1.9190931745593134        2.1032366157728917        2.2851919299474828        2.4647738968902839        2.6418007086549053        2.8160941882676571        2.9874799945554944        3.1557878126632399        3.3208515299655943        3.4825093971970693        3.6406041747390558        3.7949832641166226        3.9454988248671912        4.0920078770479744        4.2343723897480778        4.3724593560636027        4.5061408550793658        4.6352941014782392        4.7598014834683022        4.8795505897785221        4.9944342265253567        5.1043504247953670        5.2092024398225529        5.3088987426637813        5.4033530052915122        5.4924840800301276        5.5762159742610340        5.6544778213123736        5.7272038484322847        5.7943333427204546        5.8558106158616887        5.9115849684677988        5.9616106547909329        6.0058468485227330        6.0442576103402281        6.0768118578013253        6.1034833381309976        6.1242506043738389        6.1390969953205019        6.1480106195447153        6.1509843438148790        6.1480157860698901        6.1391073130734126        6.1242660427847611        6.1035038514081865        6.0768373850063355        6.0442880754881667        6.0058821607073281        5.9616507083342229        5.9116296430942601        5.8558597768965379        5.7943868413118649        5.7272615217972014        5.6545394930056068        5.5762814544672201        5.4925531658781965        5.4034254811912001        5.3089743806637255        5.2092809999894705        5.1044316556138112        4.9945178653174649        4.8796363631431987        4.7598891077392054        4.6353832831999515        4.5062312915010772        4.3725507356496109        4.2344643927044086        4.0921001758643767        3.9455910848737483        3.7950751440542083        3.6406953273428244        3.4825994697921732        3.3209401650742807        3.1558746486224805        2.9875646661442725        2.8161763273430318        2.6418799447959458        2.4648498580489724        2.2852642431056531        2.1033049076042745        1.9191570720957456        1.7330091379514818        1.5450524425451468        1.3554810024630199        1.1644912456036884       0.97228173312740196       0.77905287230756293       0.58500662142025661       0.39034618788140774       0.19527572090410000     
  0.20799200977680571       0.41576521387086190       0.62310097300136302       0.82978132966900098        1.0355893453499918        1.2403094330879927        1.4437276840185316        1.6456321864183581        1.8458133359428750        2.0440641357975600        2.2401804856829455        2.4339614584560962        2.6252095635631973        2.8137309964165280        2.9993358730131954        3.1818384492210625        3.3610573242878385        3.5368156282607668        3.7089411931353187        3.8772667076803815        4.0416298560132802        4.2018734401193765        4.3578454866268306        4.5093993382563617        4.6563937304676593        4.7986928539176681        4.9361664034307715        5.0686896142563080        5.1961432864546397        5.3184137983088355        5.4353931097048545        5.5469787564588273        5.6530738365958930        5.7535869896010148        5.8484323696686946        5.9375296139758369        6.0208038069904415        6.0981854418089734        6.1696103794874571        6.2350198072961485        6.2943601967856386        6.3475832625037913        6.3946459221488423        6.4355102588844897        6.4701434864787446        6.4985179178600294        6.5206109376120649        6.5364049788540814        6.5458875048751839        6.5490509958119816        6.5458929405770618        6.5364158341633969        6.5206271803664091        6.4985394998819004        6.4701703436547939        6.4355423112710017        6.3946830741033125        6.3476254028424242        6.2944071989665371        6.2350715296279535        6.1696666653631391        6.0982461199644611        6.0208686917877206        5.9375985057101381        5.8485050548993351        5.7536632415054472        5.6531534153464555        5.5470614096216790        5.4354785726605579        5.3185017946939741        5.1962335286238783        5.0687818037642502        4.9362602315329305        4.7987880020898714        4.6564898709431510        4.5094961345798552        4.3579425942247436        4.2019705068854432        4.0417265229087240        3.8773626093478093        3.7090359585254724        3.5369088812712519        3.3611486844129317        3.1819275322116800        2.9994222915460962        2.8138143607717985        2.6252894823090651        2.4340375391400966        2.2402523355284574        2.0441313624047259        1.8458755479928963        1.6456889943801656        1.4437787008568126        1.2403542749715604        1.0356276323594744       0.82981268650283102       0.62312502967903916       0.41578160643246531       0.20800038097775059     
  0.22093559441252547       0.44163815649559002       0.66187483952308934       0.88141353378243237        1.1000232309792817        1.3174743835489535        1.5335392572539239        1.7479922755118329        1.9606103539778772        2.1711732239984061        2.3794637436576540        2.5852681952554626        2.7883765681789954        2.9885828262642944        3.1856851588823298        3.3794862151272507        3.5697933206302026        3.7564186766685710        3.9391795413862356        4.1178983930838138        4.2924030756774307        4.4625269265589251        4.6281088872183496        4.7889935971099966        4.9450314713551107        5.0960787629769824        5.2419976104567390        5.3826560714802261        5.5179281438176133        5.6476937743374878        5.7718388572061521        5.8902552223606248        6.0028406153706131        6.1094986698206464        6.2101388733491074        6.3046765284762865        6.3930327093393586        6.4751342154289446        6.5509135233899727        6.6203087379097543        6.6832635426689198        6.7397271522767870        6.7896542660525938        6.8330050244480915        6.8697449688363283        6.8998450053161324        6.9232813731028449        6.9400356179934555        6.9500945713092754        6.9534503346319259        6.9501002705594406        6.9400469996190157        6.9232984033820042        6.8998676337355187        6.8697731281740761        6.8330386308844400        6.7896932193078428        6.7397713357764300        6.6833128237357133        6.6203629679824800        6.5509725382685575        6.4751978355456332        6.3931007400555373        6.3047487604045607        6.2102150827001932        6.1095786187745729        6.0029240524717498        5.8903418829359575        5.7719284638062511        5.6477860371995465        5.5180227613499033        5.3827527307673178        5.2420959877847659        5.0961785243782298        4.9451322731711533        4.7890950865726207        4.6282107030474311        4.4626286995764382        4.2925044294367165        4.1179989445132419        3.9392789014463414        3.7565164510217550        3.5698891103220411        3.3795796172784653        3.1857757673904352        2.9886702325139303        2.7884603617599444        2.5853479646873270        2.3795390771201621        2.1712437100663178        1.9606755823594275        1.7480518377896621        1.5335927476274356        1.3175213995770276        1.1000633743222772       0.88144641094240483       0.66190006258115075       0.44165534384534155       0.22094437148849166     
  0.23411277006174946       0.46797791104051412       0.70134800056862101       0.93397641194882064        1.1656177074401821        1.3960280259098912        1.6249654630597887        1.8521904425094962        2.0774660761073029        2.3005585119443430        2.5212372686655797        2.7392755548010879        2.9544505719813903        3.1665438010492784        3.3753412702357757        3.5806338047276696        3.7822172571165091        3.9798927183821187        4.1734667092257327        4.3627513517270495        4.5475645214541167        4.7277299803035771        4.9030774904899150        5.0734429102348839        5.2386682718310480        5.3986018428656219        5.5530981714917145        5.7020181167231661        5.8452288648061419        5.9826039327851239        6.1140231604330308        6.2393726917548662        6.3585449473017812        6.4714385885479953        6.5779584755871738        6.6780156193978781        6.7715271299103730        6.8584161610797238        6.9386118541336739        7.0120492801185712        7.0786693828136258        7.1384189230234369        7.1912504251918374        7.2371221272073187        7.2759979341922119        7.3078473769850980        7.3326455759392184        7.3503732105694644        7.3610164954875410        7.3645671629695446        7.3610224524031143        7.3503851067629249        7.3326633761641951        7.3078710284444881        7.2760273666250228        7.2371572530042645        7.1912911395395316        7.1384651040769906        7.0787208918974063        7.0121059619548456        6.9386735370988184        6.8584826574876496        6.7715982363227747        6.6780911169608759        6.5780381303938764        6.4715221520264974        6.3586321566280368        6.2394632702898898        6.1141168181837910        5.9827003668885190        5.8453277600353601        5.7021191460157432        5.5532009964985498        5.3987061145201842        5.2387736309379758        5.0735489880771709        4.9031839094538157        4.7278363545203757        4.5476704574578513        4.3628564491272641        4.1735705613943335        3.9799949131533414        3.7823173774990408        3.5807314296278960        3.3754359751911545        3.1666351589707848        2.9545381539039939        2.7393589306411963        2.5213160079843622        2.3006321847158580        2.0775342534903283        1.8522526976219600        1.6250213717546860        1.3960771675515773        1.1656596656799203       0.93401077549846612       0.70137436397131703       0.46799587543728349       0.23412194395286137     
  0.24753815816360000       0.49481369093157646       0.74156420283720048       0.98752815653001991        1.2324452967901443        1.4760570683119814        1.7181070252783264        1.9583412308278092        2.1965086446191036        2.4323614968125353        2.6656556469221764        2.8961509261372904        3.1236114618691984        3.3478059834460598        3.5685081080516383        3.7854966061825679        3.9985556460797960        4.2074750167715722        4.4120503295454929        4.6120831978437291        4.8073813957468294        4.9977589953756141        5.1830364836963057        5.3630408593596588        5.5376057103394389        5.7065712732581559        5.8697844753977844        6.0270989604896723        6.1783750994606743        6.3234799873815444        6.4622874279186791        6.5946779066317394        6.7205385544875114        6.8397631029752350        6.9522518322108304        7.0579115134076744        7.1566553470703749        7.2484028982361242        7.3330800300463803        7.4106188368805039        7.4809575782235100        7.5440406143727543        7.5998183450142438        7.6482471516187536        7.6892893445219945        7.7229131154622292        7.7490924962537964        7.7678073241763892        7.7790432145584578        7.7827915409292387        7.7790494230081464        7.7678197226933179        7.7491110481032957        7.7229377656178100        7.6893200197558533        7.6482837606222542        7.5998607785481926        7.5440887454472954        7.4810112623073550        7.4106779121392288        7.3331443176094551        7.2484722024923114        7.1567294559910710        7.0579901988977705        6.9523348504865865        6.8398501949686548        6.7206294462766580        6.5947723098963875        6.4623850404206786        6.3235804934692270        6.1784781705966019        6.0272042558009824        5.8698916422483949        5.7066799478420034        5.5377155182939379        5.3631514163985168        5.1831473962608250        4.9978698613035570        4.8074918049579107        4.6121927330407813        4.4121585669303212        4.2075815267744829        3.9986599941017813        3.7855983533491004        3.5686068119770056        3.3479011990071634        3.1237027419877199        2.8962378225691143        2.6657377110529512        2.4324382804582330        2.1965797008304406        1.9584061146973792        1.7181652947492789        1.4761082849870959        1.2324890267401258       0.98756397109985161       0.74159167944938265       0.49483241388508842       0.24754771942741574     
  0.26122677911640857       0.52217550560999781       0.78256838231185899        1.0421285368057820        1.3005804782130750        1.5576505470877344        1.8130673562354587        2.0665622203623992        2.3178695725724303        2.5667273658634873        2.8128774579222533        3.0560659776800896        3.2960436722692803        3.5325662332050611        3.7653946008130288        3.9942952461207981        4.2190404296348705        4.4394084366259028        4.6551837887458607        4.8661574319963652        5.0721269012571675        5.2728964617648746        5.4682772281034824        5.6580872614281450        5.8421516457909428        6.0203025445710656        6.1923792381310534        6.3582281439249684        6.5177028203733069        6.6706639558928806        6.8169793445279234        6.9565238496714805        7.0891793573940660        7.2148347209101331        7.3333856977126919        7.4447348808930993        7.5487916261373833        7.6454719758532494        7.7346985818340332        7.8164006278080578        7.8905137531550968        7.9569799789966762        8.0157476377847203        8.0667713074241973        8.1100117508709033        8.1454358620459075        8.1730166188043487        8.1927330435886443        8.2045701722856759        8.2085190316944683        8.2045766258960633        8.1927459317010829        8.1730359032335809        8.1454614855925449        8.1100436374155080        8.0668093620525152        8.0157917469438953        7.9570300106822476        7.8905695571284884        7.8164620358442907        7.7347654079992978        7.6455440168119653        7.5488686614883136        7.4448166735340600        7.3334719942333546        7.2149252520123648        7.0892738383392366        6.9566219807541083        6.8170808115750079        6.6707684307882280        6.5178099616061127        6.3583375971619054        6.1924906368110646        6.0204155105220316        5.8422657898673584        5.6582021841689336        5.4683925204090080        5.2730117055922223        5.0722416703327085        4.8662712925446057        4.6552963002335623        4.4395191525204263        4.2191488981756615        3.9944010111029522        3.7654972023818023        3.5326652086602333        3.2961385568782005        3.0561563054982761        2.8129627626203666        2.5668071815595059        2.3179434346678360        2.0666296663811781        1.8131279266647187        1.5577037862187255        1.3006259349814027        1.0421657656296015       0.78259694392683421       0.52219496789981112       0.26123671793761194     
  0.27519408360998643       0.55009422299484934       0.82440675745071890        1.0978390222973209        1.3700998406907603        1.6409000078170273        1.9099527650504511        2.1769742617653653        2.4416840026162836        2.7038052782500692        2.9630655775807240        3.2191969799410907        3.4719365256233852        3.7210265635292665        3.9662150748673470        4.2072559720586780        4.4439093722361518        4.6759418449489720        4.9031266339058757        5.1252438528080528        5.3420806555324267        5.5534313811260283        5.7590976742607642        5.9588885819733655        6.1526206276763151        6.3401178635711171        6.5212119027244393        6.6957419321800122        6.8635547085743145        7.0245045378019251        7.1784532403371690        7.3252701038625014        7.4648318248816103        7.5970224410068834        7.7217332556075799        7.8388627564874405        7.9483165302295467        8.0500071738028893        8.1438542049702516        8.2297839729717062        8.3077295708831507        8.3776307509658423        8.4394338442317807        8.4930916853518319        8.5385635439296337        8.5758150630552770        8.6048182059392815        8.6255512113102419        8.6379985581392447        8.6421509401315397        8.6380052503013260        8.6255645758197446        8.6048382031994688        8.5758416337524359        8.5385966091306429        8.4931311466340169        8.4394795838449159        8.3776826320260405        8.3077874375984084        8.2298476508987637        8.1439235013024298        8.0500818776884966        7.9483964131204177        7.8389475725171316        7.7218227419986878        7.5971163185069175        7.4649297982268425        7.3253718622691180        7.1785584580190562        7.0246128745143785        6.8636658101829013        6.6958554312538068        6.5213274191527946        6.3402350052031320        6.1527389909820842        5.9590077527261069        5.7592172282388550        5.5535508848339852        5.3421996669398144        5.1253619221052702        4.9032433042757866        4.6760566533532728        4.4440218502153810        4.2073656465447415        3.9663214690074016        3.7211291975198089        3.4720349175533549        3.2192906466428042        2.9631540354874133        2.7038880442588193        2.4417605949551251        2.1770442008632913        1.9100155744091045        1.6409552148828102        1.3701469777261044        1.0978776272498652       0.82443637481913223       0.55011440469003847       0.27520438981043760     
  0.28945598606364176       0.57860163613582039       0.86712692861065377        1.1547229143027435        1.4410822457835446        1.7258996982893906        2.0088726795315504        2.2897017258559131        2.5680909823429934        2.8437486646057160        3.1163875002303998        3.3857251480127224        3.6514845933622055        3.9133945184828289        4.1711896461804434        4.4246110563965528        4.6734064748194397        4.9173305331745061        5.1561450010429706        5.3896189892990396        5.6175291254875912        5.8396597016852088        6.0558027955947296        6.2657583658158496        6.4693343224101785        6.6663465740373207        6.8566190530783198        7.0399837202835194        7.2162805505833862        7.3853575017829769        7.5470704679238674        7.7012832191418070        7.8478673298748065        7.9867020972854803        8.1176744517542065        8.2406788612769137        8.3556172315642048        8.4623988035880036        8.5609400502592123        8.6511645738460512        8.7330030056588122        8.8063929094338924        8.8712786897490776        8.9276115066941877        8.9753491979071871        9.0144562089665925        9.0449035330073286        9.0666686602996762        9.0797355384005165        9.0840945433530482        9.0797424622764424        9.0666824875507928        9.0449242226658715        9.0144836996651385        8.9753834079795762        8.9276523343098972        8.8713260130808180        8.8064465868582218        8.7330628759894768        8.6512304565997518        8.5610117459534063        8.4624760940703307        8.3556998803730984        8.2407666140328821        8.1177670365812702        7.9867992252621276        7.8479686955139023        7.7013885008987506        7.5471793287323123        7.3854695896173608        7.2163954990474917        7.0401011492242480        6.8567385692238236        6.6664677716586063        6.4694567840052537        6.2658816628154703        6.0559264890887423        5.8397833431684996        5.6176522576245649        5.3897411467055942        5.1562657110848322        4.9174493167808251        4.6735228473105073        4.4247245283244512        4.1712997241814609        3.9135007061404288        3.6515863920793232        3.3858220578921561        3.1164790209620472        2.8438342963593883        2.5681702266655315        2.2897740865713270        2.0089376636428899        1.7259568168810511        1.4411310149227043        1.1547628559386369       0.86715757147037142       0.57862251661533770       0.28946664911277586     
  0.30402890039323183       0.60773053450007108       0.91077798436247925        1.2128454865109333        1.5136090015839943        1.8127467746209092        2.1099398830760956        2.4048727697365866        2.6972337578848231        2.9867155462370492        3.2730156813991318        3.5558370058136357        3.8348880794210736        4.1098835735207686        4.3805446355890139        4.6465992240905294        4.9077824125998371        5.1638366628286754        5.4145120664304489        5.6595665557199055        5.8987660837027907        6.1318847740536668        6.3587050419080295        6.5790176865455106        6.7926219572327664        6.9993255936663434        7.1989448426066280        7.3913044524234364        7.5762376473815234        7.7535860835806103        7.9231997885295682        8.0849370863788721        8.2386645108600529        8.3842567079865695        8.5215963305583244        8.6505739264831227        8.7710878228840201        8.8830440079026953        8.9863560120373940        9.0809447907704826        9.1667386101466732        9.2436729368596762        9.3116903342933703        9.3707403658449557        9.4207795067324636        9.4617710653588318        9.4936851151699688        9.5164984378058985        9.5301944782025849        9.5347633121582778        9.5302016267326373        9.5165127137000951        9.4937064761312921        9.4617994480287102        9.4208148267949774        9.3707825181655551        9.3117391930919240        9.2437283559175825        9.1668004230477873        9.0810128111754871        8.9864300339912777        8.8831238061748596        8.7711731533405963        8.6506645264909494        8.5216919194200500        8.3843569874062513        8.2387691654386259        8.0850457841388081        7.9233121814679652        7.7537018082499811        7.5763563254974482        7.3914256914982577        7.1990682366082854        6.9994507237014387        6.7927483922529159        6.5791449840759828        6.3588327487976635        6.1320124272450194        5.8988932110214218        5.6596926766817219        5.4146366930659440        5.1639593005229276        4.9079025609470763        4.6467163777620657        4.3806582852133129        4.1099932065744147        3.8349931811293763        3.5559370600595814        3.2731101716394102        2.9868039564238331        2.6973155733919962        2.4049474782890874        2.1100069756810500        1.8128057464992138        1.5136593531010014        1.2128867241049022       0.91080962146944167       0.60775209247377115       0.30403990941879522     
  0.31892977835452219       0.63751478038467357       0.95541061542736760        1.2722741356528573        1.5877640490201623        1.9015415219058458        2.2132707681422916        2.5226196213509615        2.8292600876381435        3.1328688759325862        3.4331279034827280        3.7297247742923889        4.0223532285537678        4.3107135614312622        4.5945130098547935        4.8734661062926881        5.1472949987875847        5.4157297368502961        5.6785085231121979        5.9353779309330044        6.1860930884445828        6.4304178297797563        6.6681248144855196        6.8989956163505930        7.1228207830861514        7.3393998684846515        7.5485414388440795        7.7500630555832002        7.9437912360874794        8.1295613949152639        8.3072177675603616        8.4766133190107986        8.6376096393654489        8.7900768287714062        8.9338933739267397        9.0689460183569253        9.1951296286203696        9.3123470585301842        9.4205090133974956        9.5195339162072816        9.6093477775324665        9.6898840708771168        9.7610836150162434        9.8228944647690710        9.8752718115058595        9.9181778945462060        9.9515819244603456        9.9754600191348608        9.9897951533112561        9.9945771221506732        9.9898025192210298        9.9754747291448620        9.9516039349873520        9.9182071403049683        9.8753082056164967        9.8229378988999976        9.7611339595624749        9.6899411751736917        9.6094114701026871        9.5196040050454407        9.4205852862856894        9.3124292833887754        9.1952175538916201        9.0690393734212602        8.9339918695510789        8.7901801575889209        8.6377174763861007        8.4767253221619505        8.3073335782566904        8.1296806386571987        7.9439135230873497        7.7501879814181880        7.5486685851350899        7.3395288036001540        7.1229510628700048        6.8991267848728484        6.6682564048151409        6.4305493647781793        6.1862240815790130        5.9355078871083009        5.6786369395201861        5.4158561038353046        5.1474188007269985        4.8735868224912737        4.5946301154515332        4.3108265283174125        4.0224615263008490        3.7298278710887809        3.4332252670775505        3.1329599745855106        2.8293443910737830        2.5226966017164791        2.2133399009668455        1.9016022870605001        1.5878159316768765        1.2723166272411681       0.95544321458738057       0.63753699391497509       0.31894112215363501     
  0.33417615073715184       0.66798939099977628        1.0010772370436152        1.3330785432532986        1.6636341618121202        1.9923875909312898        2.3189856080269862        2.6430788844023532        2.9643225781972808        3.2823769026079850        3.5969076666472288        3.9075867860102242        4.2140927619262722        4.5161111262072886        4.8133348510466494        5.1054647224704270        5.3922096766933070        5.6732870989787196        5.9484230849426609        6.2173526645693231        6.4798199895204567        6.7355784846160933        6.9843909646392852        7.2260297178694950        7.4602765579765800        7.6869228461085646        7.9057694851808753        8.1166268885219388        8.3193149251501399        8.5136628440503230        8.6995091798852151        8.8767016426190466        9.0450969935487251        9.2045609102332850        9.3549678427867597        9.4962008639543978        9.6281515153293622        9.7507196519877901        9.8638132877266287        9.9673484429821482        10.061248997389189        10.145446548813528        10.219880280553499        10.284496838263415        10.339250218001803        10.384101666652505        10.419019595807805        10.443979510040272        10.458963950324856        10.463962453205623        10.458971526132643        10.443994639224822        10.419042233543953        10.384131745794640        10.339287649194327        10.284541510087738        10.219932059711429        10.145505280346777        10.061314504934678        9.9674205290628031        9.8638917340772103        9.7508042199153468        9.6282419461077993        9.4962968792526024        9.3550691451297006        9.2046671834954488        9.0452079034791986        8.8768168373975342        8.6996282907081923        8.5137854857465296        8.3194406968245644        8.1167553742273810        7.9059002546161627        7.6870554553424508        7.4604105501963094        7.2261646241529975        6.9845263047499166        6.7357137678188117        6.4799547154182910        6.2174863239589664        5.9485551606879801        5.6734170669009618        5.3923370064767431        5.1055888785821582        4.8134552936692874        4.5162273121831724        4.2142041457119008        3.9076928206395438        3.5970078047024066        3.2824705971962893        2.9644092839326674        2.6431580583903598        2.3190567108515188        1.9924500876418865        1.6636875229102679        1.3331222456763780        1.0011107651450459       0.66801223752394301       0.33418781778768547     
  0.34978617171398696       0.69919062682812672        1.0478321206624426        1.3953308496632346        1.7413091615285170        2.0853922526498980        2.4272088488717234        2.7663918657594468        3.1025790448018777        3.4354135622423252        3.7645446075372204        4.0896279287726101        4.4103263427237298        4.7263102076152386        5.0372578570239321        5.3428559937564604        5.6428000429261242        5.9367944638402097        6.2245530206875035        6.5057990123802556        6.7802654622518048        7.0476952686369572        7.3078413176639492        7.5604665598620828        7.8053440524360962        8.0422569692755328        8.2709985809543660        8.4913722071322617        8.7031911438946477        8.9062785686644652        9.1004674253853874        9.2856002927152304        9.4615292379811446        9.6281156596362667        9.7852301209229164        9.9327521773917731        10.070570200851938        10.198581202235086        10.316690655750088        10.424812326584256        10.522868104275492        10.610787843737835        10.688509215772353        10.755977568737917        10.813145802892754        10.859974258749293        10.896430620612465        10.922489836296126        10.938134053834364        10.943352575824658        10.938141831858751        10.922505369315136        10.896453862604437        10.860005140776344        10.813184233214164        10.756023432961065        10.688562377040999        10.610848142957479        10.522935360375502        10.424886336816410        10.316771196023126        10.198668027484766        10.070663045446139        9.9328507555700547        9.7853341272699197        9.6282247695883214        9.4616431083653776        9.2857185623204117        9.1005897155637321        8.9064044839635645        8.7033202727186350        8.4915041224313033        8.2711328409415099        8.0423931181699366        7.8054816212315696        7.5606050671198934        7.3079802703287768        7.0478341628748584        6.7804037843090041        6.5059362394615805        6.2246886218532111        5.9369279009199492        5.6429307714487615        5.3429834638944316        5.0373815145508196        4.7264294948751928        4.4104406996113781        4.0897367937220537        3.7646474185187255        3.4355097577652729        3.1026680649225558        2.7664731530922300        2.4272818496022008        2.0854564175484906        1.7413639469631206        1.3953757186094258        1.0478665437097912       0.69921408318114242       0.34979815018624638     
  0.36577866668507020       0.73115608693487166        1.0957315359725761        1.4591058416853122        1.8208821493512326        2.1806666722936749        2.5380694240309256        2.8927049277067800        3.2441928988507072        3.5921588978224523        3.9362349486391279        4.2760601212575242        4.6112810747845163        4.9415525595075964        5.2665378760693997        5.5859092905482211        5.8993484046446785        6.2065464806069954        6.5072047209483674        6.8010345034144146        7.0877575720423778        7.3671061855126805        7.6388232243243870        7.9026622586264121        8.1583875788042874        8.4057741911562616        8.6446077811922049        8.8746846472537122        9.0958116072846504        9.3078058816787248        9.5104949551959663        9.7037164209746471        9.8873178096710177        10.061156406738339        10.225099060811157        10.379021986092740        10.522810561555488        10.656359129657979        10.779570797160362        10.892357240484191        10.994638517915174        11.086342890789943        11.167406655641912        11.237773989108517        11.297396807223651        11.346234640536146        11.384254526308617        11.411430918861747        11.427745618937820        11.433187722764426        11.427753591305446        11.411446839991811        11.384278349029552        11.346266294187576        11.297436197772601        11.237820999304132        11.167461145208435        11.086404696657702        10.994707454489273        10.892433099950505        10.779653349828438        10.656448124340351        10.522905725982904        10.379123027364688        10.225205665881111        10.061268242933018        9.8874345252429610        9.7038376456873330        9.5106203009406407        9.3079349431221274        9.0959439625467002        8.8748198586142202        8.6447453958256464        8.4059137418935670        8.1585285849205835        7.9028042266536449        7.6389656488876589        7.3672485501891529        7.0878993502415248        6.8011751592784018        6.5073437102712868        6.2066832517716666        5.8994823995757049        5.5860399456799419        5.2666646233273857        4.9416748273023021        4.6113982890156660        4.2761717063278253        3.9363403284758629        3.5922574969054892        3.2442841432454697        2.8927882461006980        2.5381442487718751        2.1807324404289199        1.8209383036653715        1.4591518317357264        1.0957668191208843       0.73118012937288712       0.36579094445376731     
  0.38217318399427996       0.76392481197873507        1.1448339043675337        1.5244811552541946        1.9024497563382345        2.2783262052236064        2.6517010931743807        3.0221698676591666        3.3893335653148497        3.7527995113070864        4.1121819814535776        4.4671028238998236        4.8171920375887680        5.1620883052382123        5.5014394790256160        5.8349030176716958        6.1621463741048803        6.4828473333715380        6.7966943009255871        7.1033865418801572        7.4026343722281602        7.6941593034338922        7.9776941421604493        8.2529830472251362        8.5197815461651381        8.7778565140472686        9.0269861173680379        9.2669597260637140        9.4975777967850270        9.7186517306889630        9.9300037090622872        10.131466510119814        10.322883310317474        10.504107473488029        10.675002331048685        10.835440956447218        10.985305936909258        11.124489145426649        11.252891515787773        11.370422823297520        11.477001473669777        11.572554302400411        11.657016386745907        11.730330872243339        11.792448815512941        11.843329044885932        11.882938040198853        11.911249832891983        11.928245927344117        11.933915244169754        11.928254085997647        11.911266126042284        11.882962419572127        11.843361438170721        11.792489126479055        11.730378980900186        11.657072149539978        11.572617552451682        11.477072021046654        11.370500455330003        11.252975997418357        11.124580219598514        10.985403324991180        10.835544358694648        10.675111427100306        10.504221922897166        10.323002753117583        10.131590567423256        9.9301319836915880        9.7187838078396673        9.4977132447192094        9.2670980968332231        9.0271269475664262        8.7779993255893842        8.5199258470932762        8.2531283325406442        7.9778398946796170        7.6943049946669131        7.4027794632799599        7.1035304843718068        6.7968365379350208        6.4829873003922440        6.1622835000212230        5.8350367257494868        5.5015691879165480        5.1622134299967213        4.8173119906998974        4.4672170163166181        4.1122898236425485        3.7529004143002402        3.3894269417668013        3.0222551329078020        2.6517776663035635        2.2783935101263975        1.9025072227790902        1.5245282199286101        1.1448700119575985       0.76394941620306300       0.38218574865078697     
  0.39899005094085710       0.79753739576301363        1.1951999650987108        1.5915374948023739        1.9861124141804429        2.3784907168491296        2.7682428087650317        3.1549443282533325        3.5381769331981654        3.9175290509534655        4.2925965869732110        4.6629835886396762        5.0283028612789256        5.3881765338859342        5.7422365726287188        6.0901252407533910        6.4314955040619619        6.7660113816742840        7.0933482423077026        7.4131930468064535        7.7252445381218999        8.0292133803797618        8.3248222490677151        8.6118058747330846        8.8899110428939672        9.1588965531367101        9.4185331405978481        9.6686033632097477        9.9089014582273336        10.139233171649797        10.359415564208373        10.569276797611236        10.768655904722236        10.957402547304325        11.135376764884128        11.302448718194281        11.458498430527875        11.603415530197495        11.737098997132829        11.859456916478166        11.970406241866709        12.069872570854791        12.157789934797638        12.234100605240990        12.298754918691131        12.351711121410911        12.392935235672059        12.422400948675403        12.440089525130940        12.445989744269474        12.440097861837184        12.422417597403941        12.392960147095572        12.351744221639834        12.298796109395163        12.234149763810890        12.157846914547020        12.069937201261675        11.970478328854476        11.859536242735549        11.737185322472477        11.603508591952636        11.458597943986499        11.302554377070271        11.135488241824671        10.957519494432916        10.768777954216496        10.569403562314761        10.359546638275773        10.139368131224009        9.9090398621482780        9.6687447537533497        9.4186770442443759        9.1590424813673810        8.8900584930146973        8.6119543307242417        8.3249711824586790        8.0293622511470772        7.7253927956097623        7.4133401306682316        7.0934935834671800        6.7661544033052810        6.4316356225849365        6.0902618668476309        5.7423691122586975        5.3883043893403615        5.0284254322210424        4.6631002731672950        4.2927067826869907        3.9176321560319018        3.5382723474777751        3.1550314543124598        2.7683210530097524        2.3785594905996721        1.9861711347565658        1.5915855866061368        1.1952368606930652       0.79756253694464707       0.39900288980572757     
  0.41625043455787519       0.83203610626379620        1.2468929555036559        1.6603588711331845        2.0719746486811075        2.4812849292218031        2.8878391128566374        3.2911922410618679        3.6909058425478189        4.0865487377216816        4.4776977973466145        4.8639386515337124        5.2448663457814799        5.6200859413797399        5.9892130581116252        6.3518743578087440        6.7077079679313805        7.0563638449490060        7.3975040778783931        7.7308031328900597        8.0559480404124013        8.3726385266416354        8.6805870918001844        8.9795190378737129        9.2691724488951497        9.5492981271321433        9.8196594887719364        10.080032422885591        10.330205117593097        10.569977857444252        10.799162796079901        11.017583708247006        11.225075725212498        11.421485057558165        11.606668709245792        11.780494186721615        11.942839206685603        12.093591405987379        12.232648056930021        12.359915791068246        12.475310334381629        12.578756256488523        12.670186736344757        12.749543346644417        12.816775858909860        12.871842071025640        12.914707658737253        12.945346052401291        12.963738340038983        12.969873197511001        12.963746846397196        12.945363039931445        12.914733077108222        12.871875844844197        12.816817887844694        12.749593505591188        12.670244875632005        12.578822202124146        12.475383888339550        12.359996731614915        12.232736138990274        12.093686361549175        11.942940745243041        11.780601995755656        11.606782454741992        11.421604384560734        11.225200258413873        11.017713052612148        10.799296537504464        10.570115563445686        10.330346338033713        10.080176690726629        9.8198063208575377        9.5494470250021664        9.2693228996256902        8.9796705149441376        8.6807390559854980        8.3727904269289049        8.0560993149399760        7.7309532099082521        7.3976523767302922        7.0565097770700156        6.7078509378661177        6.3520137642438215        5.9893482949228929        5.6202163986924853        5.2449914110420925        4.8640577105912950        4.4778102355430001        4.0866539409883025        3.6910031985078637        3.2912811401361530        2.8879189493716044        2.4813551025180485        2.0720345642208486        1.6604079416050648        1.2469306019232849       0.83206175906842672       0.41626353469361999     
  0.43397640768639006       0.86746501718512525        1.2999788068649005        1.7310328598394249        2.1601453984498233        2.5868387972135483        3.0106405674990682        3.4310843075492961        3.8477106119177189        4.2600679348910031        4.6677134030408602        5.0702135726656214        5.4671451285372328        5.8580955210507764        6.2426635395697243        6.6204598204598160        6.9911072889968215        7.3542415350087946        7.7095111227623558        8.0565778362172313        8.3951168613466347        8.7248169077476003        9.0453802722404539        9.3565228475771374        9.6579740797421305        9.9494768776362115        10.230787479182709        10.501675278089092        10.761922615635886        11.011324541952471        11.249688551278570        11.476834295704869        11.692593281839921        11.896808554767583        12.089334373543895        12.270035882338338        12.438788781156319        12.595478999890997        12.740002379246857        12.872264361858161        12.992179696695477        13.099672159615404        13.194674292664981        13.277127164504577        13.346980154063278        13.404190759289857        13.448724432611474        13.480554444461657        13.499661775989647        13.506035041814515        13.499670443439978        13.480571753699072        13.448750332351684        13.404225172711856        13.347022978935687        13.277178273353853        13.194733532985211        13.099739354119443        12.992254643607064        12.872346835244588        12.740092129391767        12.595575753706775        12.438892242635507        12.270145733043460        12.089450273134993        11.896930141566763        11.692720173432102        11.476966089573907        11.249824825477866        11.011464855809184        10.762066510487694        10.501822278052522        10.230937091951970        9.9496285953114025        9.6581273796856681        9.3566771932972213        9.0455351143003284        8.7249716846993355        8.3952710006881279        8.0567307553710883        7.7096622300752706        7.3543902307700275        6.9912529664743452        6.6206018669526632        6.2428013374750559        5.8582284489441676        5.4672725622646290        5.0703348864454272        4.6678279705746073        4.2601751304809872        3.8478098115900314        3.4311748901806371        3.0107219159457270        2.5869102994409259        2.1602064486608725        1.7310828596003782        1.3000171662266506       0.86749115579863401       0.43398975591049505     
  0.45219102093842095       0.90387015121846703        1.3545263576432556        1.8036508825520401        2.2507383616024037        2.6952879175366866        3.1368042224276009        3.5747985213137508        4.0087896106394645        4.4383047654949408        4.8628806103009374        5.2820639282847459        5.6954124058381055        6.1024953086196074        6.5028940870508407        6.8962029096441295        7.2820291233777796        7.6599936410909493        8.0297312565943528        8.3908908888757097        8.7431357574127126        9.0861434911849877        9.4196061744952964        9.7432303331658510        10.056736865066222        10.359860919254153        10.652351728270663        10.933972398327384        11.204499662260048        11.463723600200668        11.711447332946197        11.947486692977785        12.171669878016722        12.383837091895884        12.583840177383522        12.771542245424751        12.946817305069366        13.109549898137306        13.259634742439054        13.396976387121345        13.521488883451980        13.633095474094054        13.731728303652329        13.817328153004345        13.889844199658143        13.949233806108257        13.995462337892747        14.028503012787073        14.048336782305743        14.054952246419864        14.048345602137839        14.028520626336842        13.995488692974272        13.949268824549945        13.889887777431298        13.817380160394315        13.731788585472007        13.633163849939427        13.521565147999373        13.397060310465942        13.259726070474255        13.109648352974366        12.946922585496743        12.771654027406537        12.583958114596276        12.383960816303080        12.171799000480066        11.947620803904524        11.711586002971531        11.463866380904317        11.204646086915981        10.934121982685658        10.652503971370301        10.360015304265902        10.056892860164050        9.7433873924259355        9.4197637388212758        9.0863009892581630        8.7432926066658645        8.3910464964891958        8.0298850205130581        7.6601449510606674        7.2821773619995751        6.8963474534451858        6.5030343075702941        6.1026305735078186        5.6955420799678151        5.2821873748725432        4.8629971920374526        4.4384138456821276        4.0088905543333775        3.5748906964711717        3.1368870010548653        2.6953606768390639        2.2508004851323777        1.8037017613548278        1.3545653913979026       0.90389674937286579       0.45220460383659400     
  0.47091838121527052       0.94129963632918245        1.4106075860440352        1.8783085135830988        2.3438723735976970        2.8067739742567532        3.2664941241531440        3.7225207361374499        4.1743498807660178        4.6214867827149462        5.0634467542513617        5.4997560606536799        5.9299527133183805        6.3535871871665197        6.7702230598534392        7.1794375711749367        7.5808221019382946        7.9739825724140942        8.3585397612928372        8.7341295468289850        9.1004030725554763        9.4570268405874742        9.8036827360998409        10.140067987055394        10.465895063678794        10.780891522513473        11.084799800167989        11.377376962055507        11.658394411559673        11.927637565125689        12.184905498782364        12.430010571554146        12.662778031127642        12.883045607000390        13.090663096166534        13.285491946190092        13.467404840287008        13.636285288787150        13.792027231081347        13.934534651880757        14.063721215329705        14.179509920221907        14.281832779276289        14.370630525134528        14.445852345449552        14.507455649143814        14.555405865628941        14.589676278494562        14.610247894894137        14.617109351578748        14.610256858255894        14.589694178678673        14.555432649600244        14.507491237458593        14.445896632386193        14.370683378867469        14.281894042092983        14.179579408782535        14.063798720969251        13.934619940953048        13.792120045344575        13.636385345830343        13.467511833996850        13.285605547257475        13.090782952632120        12.883171344838402        12.662909254867138        12.430146864936859        12.185046425456221        11.927782669373038        11.658543219059206        11.377528980676837        11.084954520797742        10.781048419911770        10.466053597364919        10.140227602221431        9.8038428645509637        9.4571869017076224        9.1005624742970141        8.7342876867250130        8.3586960274906890        7.9741363447285796        7.5809727529232314        7.1795844672114146        6.7703655622533301        6.3537246532896337        5.9300844977017064        5.4998815161511061        5.0635652331822545        4.6215976380199457        4.1744524671684120        3.7226144113084594        3.2665782498794407        2.8068479176085499        2.3439355080957123        1.8783602203627168        1.4106472550149725       0.94132666732897530       0.47093218515490409     
  0.49018373753136502       0.97980387655841028        1.4682978641192541        1.9551058148460152        2.4396718197292317        2.9214452248967180        3.3998818710706349        3.8744452849130901        4.3446078141313604        4.8098516989748994        5.2696700736020059        5.7235678917073898        6.1710627717650901        6.6116857582361348        7.0449819960990698        7.4705113170666211        7.8878487368370891        8.2965848636795307        8.6963262195541766        9.0866954758124159        9.4673316062945787        9.8378899613413964        10.198042266851072        10.547476553045101        10.885897018051047        11.213023831769640        11.528592885768969        11.832355495143299        12.124078058392747        12.403541681427882        12.670541771786400        12.924887609073792        13.166401897512893        13.394920306315617        13.610291003380063        13.812374187574612        14.001041624603280        14.176176191159293        14.337671431771714        14.485431132437476        14.619368914812480        14.739407854413699        14.845480125962482        14.937526678679353        15.015496944024543        15.079348578067057        15.129047240359091        15.164566410892110        15.185887246415867        15.192998477111333        15.185896344322286        15.164584579767173        15.129074426371554        15.079384700580711        15.015541895730838        14.937580325773958        14.845542308365506        14.739478386033296        14.619447583851466        14.485517701742529        14.337765639224681        14.176277750110064        14.001150224343627        13.812489493852331        13.610412658952717        13.395047931543113        13.166535090988067        12.925025948290127        12.670684813841955        12.403688963764443        12.124229099569209        11.832509795642141        11.528749928834761        11.213183084278381        10.886057931409130        10.547638564116660        10.198204798912386        9.8380524250610577        9.4674934007380145        9.0868559894693881        8.6964848313877940        8.2967409441953084        7.8880016491705547        7.4706604180879204        7.0451266375330395        6.6118252877962238        6.1711965342995576        5.7236952303561317        5.2697903309623690        4.8099642182748337        4.3447119404082200        3.8745403661964111        3.3999672595671817        2.9215202781761032        2.4397359019084002        1.9551582977708777        1.4683381285417603       0.97983131330735174       0.49019774867520038     
  0.51001357498942479        1.0194357390181186        1.5276762358881002        2.0341477022996610        2.5382670862305758        3.0394570317410725        3.5371472197718421        4.0307756551309613        4.5197898906246561        5.0036481801599999        5.4818205536162736        5.9537898073259061        6.4190524051046731        6.8771192859028956        7.3275165752940037        7.7697861991536232        8.2034863989927516        8.6281921494753266        9.0434954796585938        9.4490057004312433        9.8443495414790405        10.229171201872491        10.603132319040778        10.965911861467379        11.317205950914728        11.656727620359115        11.984206514095543        12.299388536660009        12.602035457319262        12.891924476902076        13.168847763699016        13.432611965047016        13.683037701049097        13.919959046666015        14.143223008163490        14.352688999613081        14.548228324834087        14.729723669834103        14.897068610463016        15.050167139644248        15.188933218192279        15.313290352870638        15.423171204992446        15.518517232518363        15.599278368266420        15.665412736515142        15.716886409956428        15.753673208637675        15.775754542222996        15.783119296600528        15.775763765565188        15.753691628012888        15.716913970791227        15.665449357061556        15.599323939736408        15.518571619262786        15.423234244724341        15.313361856932451        15.189012971866706        15.050254902508263        14.897164116784555        14.729826629010915        14.548338421874114        14.352805895655674        14.143346341040795        13.920088431503718        13.683172730905703        13.432752211590778        13.168992777921552        12.892073789867743        12.602188580949161        12.299544964549614        11.984365722364748        11.656889068533566        11.317369082837185        10.966076106237834        10.603297091984036        10.229335905531840        9.8445135666346317        9.4491684271417498        9.0436562783246881        8.6283503819234824        8.2036414195778367        7.7699373558787483        7.3276632109460245        6.8772607392019776        6.4191880118662885        5.9539189016336085        5.4819424690035881        5.0037622507997508        4.5198954525240174        4.0308720473305408        3.5372337855470724        3.0395331198041724        2.5383320519313672        2.0342009088234918        1.5277170554491504        1.0194635540463413       0.51002777930940546     
  0.53043571786226562        1.0602507589738008        1.5888257222775080        2.1155443475787812        2.6397950544569908        3.1609724435298414        3.6784787483970325        4.1917252273141177        4.7001334845212872        5.2031367121555627        5.7001808447864821        6.1907256198112943        6.6742455382011681        7.1502307213801464        7.6181876613190642        8.0776398622140064        8.5281283733714481        8.9692122141203097        9.4004686926977357        9.8214936220961757        10.231901436802714        10.631325215199183        11.019416613117990        11.395845714660538        11.760300806883018        12.112488085339770        12.452131297751702        12.778971333242364        13.092765764664049        13.393288351529165        13.680328510977020        13.953690764052329        14.213194164358532        14.458671715886080        14.689969786511860        14.906947523329778        15.109476275611767        15.297439030820749        15.470729868708400        15.629253438136676        15.772924460867788        15.901667266176139        16.015415359751270        16.114111029984691        16.197704994367626        16.266156088371780        16.319430998841291        16.357504043591003        16.380356998582986        16.387978973738772        16.380366338137279        16.357522695046335        16.319458906936607        16.266193170329107        16.197751140028210        16.114166101990250        16.015479193770059        15.901739671173557        15.773005219421144        15.629342306793662        15.470826578388785        15.297543287260764        15.109587759850513        14.907065892237039        14.690094673356546        14.458802730944541        14.213330895561905        13.953832777671973        13.680475352347150        13.393439545805647        13.092920817618300        12.779129732089263        12.452292512010375        12.112651567726004        11.760465994232113        11.396012028879266        11.019583462164380        10.631491994088696        10.232067528639462        9.8216583991277080        9.4006315173919095        8.9693724402627542        8.5282853471820452        8.0777929234808443        7.6183361445482589        7.1503739569598839        6.6743828535783374        6.1908563406790496        5.7003042962810175        5.2032522200604250        4.7002403764774865        4.1918228340343200        3.6785664048820852        3.1610494902858801        2.6398608387113871        2.1155982244931599        1.5888670561560856        1.0602789244652850       0.53045010115356528     
  0.55147944286214901        1.1023073651578512        1.6518336560508775        2.1994116189493655        2.7443996431822737        3.2861628333972641        3.8240745835997068        4.3575180835892944        4.8858877465589501        5.4085905477769609        5.9250472655515427        6.4346936170493159        6.9369812829763351        7.4313788166031012        7.9173724340947693        8.3944666845673677        8.8621849997051534        9.3200701241208055        9.7676844288995817        10.204610111924831        10.630449289622888        11.044823985681273        11.447376023079824        11.837766826427663        12.215677142120306        12.580806684224326        12.932873714267192        13.271614563265121        13.596783104370580        13.908150184473955        14.205503022961441        14.488644585624602        14.757392941447474        15.011580609675537        15.251053904207666        15.475672281957284        15.685307701411242        15.879843997182538        16.059176275913021        16.223210338440786        16.371862132709122        16.505057241463582        16.622730408364536        16.724825105735910        16.811293146778908        16.882094344702260        16.937196220858176        16.976573763624849        17.000209239440856        17.008092057072297        17.000218685878011        16.976592628529435        16.937224448336732        16.882131851029488        16.811339820535387        16.724880807991415        16.622794972906689        16.505130475071567        16.371943815472033        16.223300224120223        16.059274092349366        15.879949446744440        15.685420461487581        15.475792005491019        15.251180220270800        15.011713124084384        14.757531237417401        14.488788224463335        14.205651544799954        13.908303109033943        13.596939931767452        13.271774774845394        12.933036773479106        12.580972037520491        12.215844219891105        11.837935043964109        11.447544781564549        11.044992673206233        10.630617282232372        10.204776774682321        9.7678491169769526        9.3202321839083364        8.8623437699407965        8.3946214974836781        7.9175226165818788        7.4315236913860865        6.9371201698053166        6.4348258339006090        5.9251721298381312        5.4087073775665839        4.8859958617980714        4.3576168073311852        3.8241632432348944        3.2862407618845677        2.7444661802786658        2.1994661124368742        1.6518754629587491        1.1023358529782081       0.55149399075735961     
  0.57317560382301558        1.1456671277423174        1.7167920503136616        2.2858715662741753        2.8522324047104757        3.4152085996709793        3.9741431985443212        4.5283898944946328        5.0773145704102012        5.6202967431569029        6.1567308984007187        6.6860277078413954        7.2076151223474216        7.7209393361664063        8.2254656190712812        8.7206790149596678        9.2060849070222730        9.6812094511105773        10.145599880342438        10.598824685268509        11.040473675069260        11.470157926252011        11.887509626164970        12.292181819338829        12.683848065208222        13.062202016160404        13.426956925114133        13.777845091957978        14.114617258185064        14.437041958963345        14.744904841689447        15.038007959803732        15.316169050307156        15.579220803030076        15.827010129270747        16.059397436958811        16.276255919016140        16.477470861093327        16.662938974362877        16.832567758555783        16.986274899942920        17.123987708490219        17.245642597960046        17.351184612293288        17.440567001187524        17.513750847387655        17.570704747825062        17.611404550379028        17.635833147688203        17.643980329107222        17.635842691582720        17.611423609909778        17.570733266521934        17.513788740661578        17.440614156469579        17.351240889219930        17.245707828604115        17.124061697637462        16.986357425413651        16.832658571571194        16.663037799955532        16.477577398561252        16.276369842419889        16.059518395660820        15.827137748516204        15.579354684568571        15.316308773054160        15.038153080541047        14.745054895803657        14.437196461221186        14.114775703544719        13.778006956415101        13.427121666581449        13.062369075379658        12.684016866693227        12.292351772348255        11.887680125703547        11.470328354098733        11.040643400831174        10.598993067458558        10.145766267479905        9.6813731828425595        9.2062453152645887        8.7208354250556273        8.2256173509666510        7.7210857055989264        7.2077554420491889        6.6861612887523947        6.1568570508917944        5.6204147782604146        5.0774238010566091        4.5284896367532603        3.9742327728664946        3.4152873321337642        2.8522996282592259        2.2859266219620928        1.7168342885365704        1.1456959094668608       0.57319030180648245     
  0.59555676918732503        1.1903950317287322        1.7837980046687332        2.3750529553021975        2.9634531812612463        3.5482999370206718        4.1289042903255870        4.7045888931694373        5.2746896533016017        5.8385572937883561        6.3955587898518509        6.9450786740293715        7.4865202025886681        8.0193063780638454        8.5428808247007453        9.0567085154841251        9.5602763512273086        10.053093593909297        10.534692158019340        11.004626765095034        11.462474967902429        11.907837051795440        12.340335821702659        12.759616283921648        13.165345232457874        13.557210750034782        13.934921634132913        14.298206758501960        14.646814380544136        14.980511404805235        15.299082612547199        15.602329867028310        15.890071303700086        16.162140514058329        16.418385731373217        16.658669025982970        16.882865517278532        17.090862608943151        17.282559253449406        17.457865251263744        17.616700589671623        17.758994825618288        17.884686516464850        17.993722702088199        18.086058441307507        18.161656405199199        18.220486529465504        18.262525727647276        18.287757666617146        18.296172605451609        18.287767298456650        18.262544962807613        18.220515310956209        18.161694647651718        18.086106031115627        17.993779497594950        17.884752348195654        17.759069496560041        17.616783875597292        17.457956901102087        17.282658989699215        17.090970128131545        16.882980490462593        16.658791099294092        16.418514526603303        16.162275629287169        15.890212313962943        15.602476325022824        15.299234049378637        14.980667330769014        14.646974285944587        14.298370114506142        13.935087893658325        13.557379348669729        13.165515589413179        12.759787803012424        12.340507892358731        11.908009050099029        11.462646257651638        11.004796698891639        10.534860078379365        10.053258834394828        9.5604382375979071        9.0568663668662825        8.5430339547736693        8.0194540962599437        7.4866618153070110        6.9452134858603998        6.3956861048116211        5.8386764165605340        5.2747998904854505        4.7046895545320035        4.1289946900562988        3.5483793949865374        2.9635210242608534        2.3751085183166918        1.7838406321079743        1.1904240786708067       0.59557160260961406     
  0.61865737388135966        1.2365597788924874        1.8529541536530008        2.4670918573202560        3.0782308289614173        3.6856376864488665        4.2885897463095546        4.8863769472670908        5.4783036617850964        6.0636903817116199        6.6418752660928737        7.2122155413228599        7.7740887459751304        8.3268938148757563        8.8700519991762015        9.4030076213280562        9.9252286659095503        10.436207209172562        10.935459691940565        11.422527042070461        11.896974654078866        12.358392234716330        12.806393524247268        13.240615903960187        13.660719900998078        14.066388601972339        14.457326987018625        14.833261195984694        15.193937738326294        15.539122658045654        15.868600664656910        16.182174240722659        16.479662735993781        16.760901457618075        17.025740765277707        17.274045179485860        17.505692510631540        17.720573015720063        17.918588589123818        18.099651993042031        18.263686132774708        18.410623381349541        18.540404957504165        18.652980360521354        18.748306864942023        18.826349077739465        18.887078560126717        18.930473515784648        18.956518546938341        18.965204479369916        18.956528257133073        18.930492907423435        18.887107575755472        18.826387631295166        18.748354841894269        18.653037618060786        18.540471324777528        18.410698659741030        18.263770096233198        18.099744388453800        17.918689136730187        17.720681409579392        17.505808419124953        17.274168245866008        17.025870608259776        16.761037672012222        16.479804893378173        16.182321890156121        15.868753333430238        15.539279852470509        15.194098944560617        14.833425880893479        14.457494599068845        14.066558572160794        13.660891643810860        13.240788818362432        12.806566994701797        12.358565632229784        11.897147337273829        11.422698358282108        10.935628978336279        10.436373793892937        9.9253918692291929        9.4031667568345352        8.8702063749654911        8.3270427347624842        7.7742315107159055        7.2123514498509547        6.6420036167624996        6.0638104735500313        5.4784147957507274        4.8864784275119302        4.2886808814439465        3.6857177908069252        3.0782992238652236        2.4671478723410161        1.8529971278673349        1.2365890621320303       0.61867232797384197     
  0.64251388738522908        1.2842341218586000        1.9243691627325346        2.5621323010418209        3.1967440177836117        3.8274342737728304        4.4534447101750061        5.0740307403045168        5.6884635151044698        6.2960317468068965        6.8960433775552445        7.4878270821986819        8.0707335969817819        8.6441368683964122        9.2074350189806715        9.7600511292918188        10.301433837601415        10.831057761022315        11.348423743747539        11.853058939835755        12.344516739500722        12.822376549143023        13.286243436398964        13.735747652277347        14.170544043018268        14.590311364653004        14.994751513386898        15.383588684887275        15.756568475357710        16.113456936939926        16.454039599528244        16.778120470530645        17.085521023486312        17.376079185772070        17.649648334917167        17.906096312314070        18.145304462376266        18.367166704465085        18.571588644195813        18.758486730047636        18.927787460547737        19.079426646682109        19.213348733606512        19.329506185192219        19.427858934442096        19.508373902352353        19.571024587371170        19.615790727214467        19.642658034437382        19.651618006822648        19.642667813329716        19.615810256045044        19.571053808279430        19.508412728666404        19.427907250821249        19.329563847816772        19.213415570414462        19.079502457652474        18.927872018030136        18.758579779137619        18.571689903155466        18.367275865188290        18.145421190898027        17.906220249363116        17.649779096511175        17.376216363854557        17.085664186604454        16.778269164552956        16.454193348401198        16.113615243482439        15.756730822092399        15.383754534907315        14.994920311257280        14.590482537344950        14.170717000875481        13.735921790012769        13.286418134120616        12.822551173407549        12.344690644393101        11.853231468073691        11.348594227809016        10.831225524294659        10.301598195550319        9.7602113906486281        9.2075904869462839        8.6442868418600920        8.0708773717531361        7.4879639522510839        6.8961726362789104        6.2961526882698466        5.6885754353195646        5.0741329385007692        4.4535364900713246        3.8275149448523873        3.1968128965669846        2.5621887123570746        1.9244124409803969        1.2842636122709028       0.64252894727476928     
  0.66716500006182822        1.3334952343952726        1.9981582778818916        2.6603269945769092        3.3191821169384226        3.9739147475813947        4.6237287599065882        5.2678430757393162        5.9054938002477719        6.5359361968376088        7.1584464873742144        7.7723234658987250        8.3768899169093487        8.9714938322078979        9.5555094231983571        10.128337928310374        10.689408217853831        11.238177201046378        11.774130042158969        12.296780194668113        12.805669263970657        13.300366710598569        13.780469406966645        14.245601061501995        14.695411524552654        15.129575990772015        15.547794112746956        15.949789040505024        16.335306401226088        16.704113233023104        17.055996886071881        17.390763903687031        17.708238895185190        18.008263411570070        18.290694834237179        18.555405286047964        18.802280573278921        19.031219166124615        19.242131224634861        19.434937676204633        19.609569350015992        19.765966173159441        19.904076432539142        20.023856106093675        20.125268266340040        20.208282558771721        20.272874757208339        20.319026397800684        20.346724493035932        20.355961326757839        20.346734330909971        20.319046044420041        20.272904154363459        20.208321619267945        20.125316874140999        20.023914116512220        19.904143672475470        19.766042441386134        19.609654417509589        19.435031286523220        19.242233094341209        19.031328985254262        18.802398005852545        18.555529970627340        18.290826384523974        18.008401417046603        17.708382921796307        17.390913494562142        17.056151562286125        16.704272494396633        16.335469727160341        15.949955890854799        15.547963928727125        15.129748195897555        14.695585525610738        14.245776249554757        13.780645158383209        13.300542388114939        12.805844217775959        12.296953763515631        11.774301554500504        11.238345976188247        10.689573567132937        10.128499156288655        9.5556658288739431        8.9716447102412822        8.3770345588627908        7.7724611614871790        7.1585765257259570        6.5360578677628096        5.9056063955131721        5.2679458903472050        4.6238210933762351        3.9739959052310994        3.3192514111663360        2.6603837461387760        1.9982018171638583        1.3335249026799170       0.66718015078556125     
  0.69265183010910925        1.3844251226040987        2.0744439356428468        2.7618381264514031        3.4457461765777957        4.1253179291950639        4.7997172116920117        5.4681243188833069        6.1297383346701624        6.7837792728184674        7.4294900206153400        8.0661380724358942        8.6930170436168179        9.3094479584113277        9.9147803091149544        10.508392886634056        11.089694385758383        11.658123791144684        12.213150552480670        12.754274559448707        13.281025928928969        13.792964618364763        14.289679880360747        14.770789574408086        15.235939352146701        15.684801732806783        16.117075085447159        16.532482534356713        16.930770803539186        17.311709015593252        17.675087459560750        18.020716341476717        18.348424530444142        18.658058312099932        18.949480160360196        19.222567537352376        19.477211730477034        19.713316734606899        19.930798186536908        20.129582357954828        20.309605212413882        20.470811531060249        20.613154111201059        20.736593041192528        20.841095054581178        20.926632965940740        20.993185190409079        21.040735348537719        21.069271957716033        21.078788211115150        21.069281844807268        21.040755093445739        20.993214734633121        20.926672221849923        20.841143905558621        20.736651341827237        20.613221687527240        20.470888180843783        20.309690705485540        20.129676436589762        19.930900565879902        19.713427103142791        19.477329750545650        19.222692845707279        18.949612368770467        18.658197007994143        18.348569277595637        18.020866680729263        17.675242909593500        17.311869073724047        16.930934946564999        16.532650219430092        16.117245750987465        15.684974799444939        15.236114223702138        14.770965638896525        14.289856511031392        13.793141174765504        13.281201757998030        12.754448996631274        12.213322922868901        11.658293410639507        11.089860562251435        10.508554921208116        9.9149374972611657        9.3095995912614917        8.6931624091890018        8.0662764568916181        7.4296207095265121        6.7839015524423019        6.1298514932302330        5.4682276478549205        4.7998100070900556        4.1253994928624653        3.4458158174727536        2.7618951619315215        2.0744876927443112        1.3844549393140388       0.69266705662929140     
  0.71901815385000767        1.4371110823763302        2.1533564415704718        2.8668382559523087        3.5766500182369763        4.2818976889490559        4.9817025656441176        5.6752039938595402        6.3615618948512616        7.0399590884950767        7.7096033933462653        8.3697294896610686        9.0196005350885411        9.6585095266450089        10.285780406395734        10.900768911907672        11.502863175933543        12.091484082882737        12.666085392384801        13.226153642625395        13.771207848115523        14.300799008137178        14.814509443298480        15.311951978444807        15.792768990632872        16.256631341012238        16.703237209308053        17.132310849196777        17.543601282252617        17.936880947354396        18.311944321518901        18.668606527102455        19.006701939220939        19.326082806108978        19.626617893998390        19.908191166965832        20.170700511099856        20.414056511282510        20.638181287882798        20.843007399726808        21.028476818848318        21.194539981736934        21.341154921089391        21.468286481432202        21.575905621417544        21.663988805094831        21.732517484022214        21.781477671698784        21.810859611462476        21.820657538702143        21.810869537967456        21.781497495317595        21.732547146020877        21.664028217493144        21.575954667133747        21.468345014475634        21.341222766800762        21.194616937075942        21.028562652728194        20.843101853395311        20.638284075349169        20.414167319789769        20.170819001641782        19.908316974847949        19.626750629442142        19.326222054898274        19.006847263390149        18.668757465664967        18.312100391235145        17.937041643538333        17.543766079615526        17.132479202727211        16.703408555186691        16.256805097560424        15.792944559293424        15.312128744793842        14.814686778086735        14.300976268359454        13.771384378106688        13.226328775181470        12.666258449907502        12.091654378545908        11.503030014869807        10.900931592413663        10.285938221154151        9.6586617639618311        9.0197464801436080        8.3698684257702638        7.7097346032335121        7.0400818555723399        6.3616755045047020        5.6753077347400147        4.9817957309601582        4.2819795777604703        3.5767199367472071        2.8668955187976870        2.1534003731044926        1.4371410179470889       0.71903344106892675     
  0.74631066248361422        1.4916462092917395        2.2350347261572030        2.9755113046014676        3.7121214482706373        4.4439243652013651        5.1699961115518702        5.8894325552374163        6.6013521313651164        7.3048983652652071        7.9992421431507967        8.6835837148861348        9.3571544178850097        10.019218115680751        10.669072349100365        11.306049202141892        11.929515888514960        12.538875068293818        13.133564907200885        13.713058893654718        14.276865430862667        14.824527222914183        15.355620475046866        15.869753929037081        16.366567755041736        16.845732321226524        17.306946862201539        17.749938066694114        18.174458604067404        18.580285608288456        18.967219136805213        19.335080620549753        19.683711319983090        20.012970800767924        20.322735441330416        20.612896983273519        20.883361134354320        21.134046232551182        21.364881978635900        21.575808243639813        21.766773956665421        21.937736077649742        22.088658658930797        22.219511998803007        22.330271889665397        22.420918962863656        22.491438131895467        22.541818135280494        22.572051180083388        22.582132686810532        22.572061136169431        22.541838017973841        22.491467882287118        22.420958492711218        22.330321081538212        22.219570706275363        22.088726706822918        21.937813262316261        21.766860046330926        21.575902978780974        21.364985072409709        21.134157371268639        20.883479977998974        20.613023166064092        20.322868572326808        20.013110464519677        19.683857077219436        19.335232008910332        18.967375671610395        18.580446783348240        18.174623892527695        17.750106921919329        17.307118718692177        16.845906595570511        16.366743846898199        15.869931222151138        15.355798338294093        14.824705011373219        14.277042486914494        13.713234548107081        13.133738480436254        12.539045871439285        11.929683224632448        11.306212367436945        10.669230634147876        10.019370806665846        9.3573007978573592        8.6837230650258999        7.9993737440444139        7.3050214981892019        6.6014660795760989        5.8895366052664162        5.1700895545011782        4.4440064980419844        3.7121915751384917        2.9755687380905020        2.2350787886074830        1.4916762340706933       0.74632599525854415     
  0.77457924890107499        1.5481299680825611        2.3196271887104731        3.0880536623449473        3.8524036106736572        4.6116863448948582        5.3649297155191107        6.1111833567951859        6.8495216940463539        7.5790466868002175        8.2988902855691524        9.0082165853442948        9.7062236641595785        10.392145100325356        11.065251166996422        11.724849707514547        12.370286699356779        13.000946518453041        13.616251919056422        14.215663747223292        14.798680408273988        15.364837110362107        15.913704907500136        16.444889566103349        16.958030279364507        17.452798253608201        17.928895190250049        18.386051686158392        18.824025574141725        19.242600224018851        19.641582823322508        20.020802655189492        20.380109389443831        20.719371401322608        21.038474130758601        21.337318493647246        21.615819355108599        21.873904073425010        22.111511122103408        22.328588796385795        22.525094009516003        22.700991183166831        22.856251235636265        22.990850670731639        23.104770769669322        23.197996887817904        23.270517857695943        23.322325499291459        23.353414238489368        23.363780834163848        23.353424214304290        23.322345421384156        23.270547667040681        23.198036495997432        23.104820059020277        22.990909494538144        22.856319418371413        22.701068520781725        22.525180269775937        22.328683719253178        22.111614420166823        21.874015432373849        21.615938434252641        21.337444926480387        21.038607525566057        20.719511341830660        20.380255435511259        20.020954343539728        19.641739668315491        19.242761718461505        18.824191190135963        18.386220875985416        17.929067387289766        17.452972873292453        16.958206720162796        16.445067210539634        15.913883123199351        15.365015251124925        14.798857815178263        14.215839749750701        13.616425836242708        13.001117660060242        12.370454367065769        11.725013196136238        11.065409765699915        10.392298093881292        9.7063703341969259        9.0083562116188105        8.2990221472416934        7.5791700637230912        6.8496358680558789        6.1112876130085958        5.3650233436339505        4.6117686404890161        3.8524738765041437        3.0881112096435510        2.3196713384744174        1.5481600523582832       0.77459461205926061     
  0.80387732873407935        1.6066688298968750        2.4072926412858289        3.2046754241384918        3.9977564981766500        4.7854918273380633        5.5668578114439917        6.3408548431299447        7.1065105942008788        7.8628830010031203        8.6090629242631405        9.3441764649513370        10.067386923912753        10.777896399100046        11.474947020095829        12.157821825089716        12.825845290471303        13.478383527629497        14.114844165352942        14.734675939371975        15.337368013059841        15.922449055130684        16.489486101363308        17.038083227986277        17.567880064437034        18.078550172817714        18.569799320580550        19.041363671855592        19.493007921450431        19.924523393971988        20.335726128804129        20.726454969878347        21.096569677346153        21.445949076443952        21.774489257069451        22.082101835891674        22.368712291217228        22.634258379349706        22.878688639818819        23.101960995627223        23.304041453568672        23.484902908710190        23.644524056299428        23.782888413650049        23.899983453964992        23.995799853569835        24.070330853635795        24.123571737162578        24.155519421753233        24.166172168533560        24.155529407435097        24.123591678959944        24.070360692464547        23.995839500925271        23.900032792067371        23.782947295638383        23.644592306473196        23.484980322818664        23.304127799147452        23.102056012381521        22.878792040052943        22.634369848442166        22.368831488140824        22.082228393777800        21.774622783815886        21.446089155365250        21.096715867865743        20.726606808261444        20.335883128930334        19.924685048146571        19.493173701253159        19.041533029025928        18.569971687937969        18.078724965215869        17.568056679750455        17.038261048128184        16.489664493333176        15.922627372090030        15.337545595434786        14.734852115981003        14.115018254558258        13.478554838510437        12.826013124018042        12.157985475415675        11.475105775667036        10.778049543979717        10.067533739019327        9.3443162293281894        8.6091949163581560        7.8630064999563194        7.1066248811382575        6.3409592024616561        5.5669515321650316        4.7855742043295866        3.9978268335060352        3.2047330283562792        2.4073368347176509        1.6066989439285075       0.80389270708773586     
  0.83426220046953004        1.6673769869065891        2.4982013666929443        3.3256017750712825        4.1484586434410424        4.9656707961912829        5.7761596249071756        6.5788729936449926        7.3727888347145019        8.1569184008434998        8.9303091465172972        9.6920472184709574        10.441259542551951        11.177115501265940        11.898828203088609        12.605655350916567        13.296899722715093        13.971909282405003        14.630076943253281        15.270840009459626        15.893679324261136        16.498118154730584        17.083720844563075        17.650091266590163        18.196871106601208        18.723738009368049        19.230403616644431        19.716611525430309        20.182135193034362        20.626775813513788        21.050360187989163        21.452738609187346        21.833782778412548        22.193383771031570        22.531450064522097        22.847905641203514        23.142688175970669        23.415747317698731        23.667043071491360        23.896544287610428        24.104227261753049        24.290074450327772        24.454073303520278        24.596215218220337        24.716494612296515        24.814908121240169        24.891453917843563        24.946131155314017        24.978939534043555        24.989878992136319        24.978949519730406        24.946151097121337        24.891483756687212        24.814947768615397        24.716543950423528        24.596274100238066        24.454141553728117        24.290151864474893        24.104313607374930        23.896639304412155        23.667146471777091        23.415858786846826        23.142807372953751        22.848032199152794        22.531583591335163        22.193523850022764        21.833928969005083        21.452890447646205        21.050517188193702        20.626937467769022        20.182300972919794        19.716780882685132        19.230575984087832        18.723912801853395        18.197047722002726        17.650269086820757        17.083899236621910        16.498296471778854        15.893856906724636        15.271016186156498        14.630251032545399        13.972080593371352        13.297067556345498        12.605819001324104        11.898986958738945        11.177268646221938        10.441406357731690        9.6921869829174554        8.9304411386780789        8.1570418998582301        7.3729031217088163        6.5789773530286890        5.7762533456748981        4.9657531732238347        4.1485289788054551        3.3256593793177549        2.4982455601467706        1.6674071009532148       0.83427757883084219     
  0.86579545025175186        1.7303771553553022        2.5925363068548122        3.4510745450744436        4.3048090156339951        5.1525772285469671        5.9932416612717176        6.8256940528923984        7.6488593434544372        8.4616992201294039        9.2632152400780274        10.052451508353816        10.828496897685440        11.590486805253072        12.337604449417125        13.069081716585877        13.784199574876123        14.482288076823629        15.162725978072119        15.824940002682835        16.468403788467668        17.092636547593415        17.697201478692680        18.281703966927729        18.845789607978404        19.389142090864574        19.911480972970047        20.412559378710327        20.892161651079249        21.350100982909463        21.786217052171793        22.200373683090575        22.592456552327761        22.962370957039866        23.310039659278992        23.635400819024206        23.938406026115040        24.219018439529592        24.477211040813852        24.712965007028725        24.926268207334143        25.117113826269239        25.285499115904571        25.431424278324457        25.554891479331481        25.655903993836553        25.734465483090091        25.790579403708186        25.824248548334630        25.835474717739856        25.824258524174219        25.790599325850138        25.734495292508530        25.655943602114007        25.554940768804297        25.431483102276395        25.285567298808299        25.117191164075333        24.926354467807336        24.713059930130783        24.477314339132636        24.219129798753727        23.938525105553452        23.635527252169890        23.310173054416193        22.962510897893843        22.592602598756198        22.200525371815758        21.786373897552458        21.350262477751279        20.892327267482820        20.412728568955497        19.911653170435329        19.389316710980374        18.845966049212716        18.281881611802994        17.697379694832275        17.092814688796409        16.468581195810287        15.825116005645100        15.162899895688096        14.482459218853645        13.784367242999323        13.069245205611434        12.337763048512386        11.590639799186915        10.828643568085059        10.052591134973184        9.2633471020762261        8.4618225973569654        7.6489735177459099        6.8257983093632504        5.9933352896177441        5.1526595243443181        4.3048792816379624        3.4511320925151185        2.5925804567277462        1.7304072397052876       0.86581081344785926     
  0.89854340792879339        1.7958014799803665        2.6904944004821330        3.5813539576971820        4.4671291517441221        5.3465915745902812        6.2185404947714469        7.0818075864545982        7.9352612506522062        8.7778104855192911        9.6084082723980799        10.426054454295407        11.229798093470274        12.018739304482734        12.792030568153727        13.548877540195770        14.288539375630261        15.010328596393302        15.713610534681566        16.397802388582292        17.062371929387886        17.706835901770976        18.330758158773875        18.933747573451363        19.515455768115171        20.075574700587772        20.613834144808624        21.129999100670933        21.623867165217661        22.095265894398061        22.544050181574868        22.970099675959442        23.373316261205265        23.753621611565606        24.110954840361245        24.445270253040945        24.756535214872422        25.044728141287269        25.309836617125196        25.551855649479130        25.770786057527548        25.966633001642897        26.139404653172360        26.289111005583475        26.415762827135438        26.519370754859430        26.599944529389237        26.657492370058485        26.692020489654134        26.703532748269311        26.692030445813629        26.657512252898520        26.599974280000385        26.519410284998649        26.415812019371195        26.289169713488974        26.139472701566532        25.966710186878874        25.770872147828207        25.551950385319223        25.309939711659595        25.044839280824661        24.756654059393842        24.445396436762422        24.111087972339792        23.753761276347696        23.373462019516886        22.970251065436820        22.544206717534799        22.095427070646792        21.624032454897232        21.130167957141712        20.614006002566938        20.075748976217248        19.515631861270503        18.933924867873124        18.330936023332985        17.707013691541313        17.062548986745583        16.397978044330156        15.713784109197054        15.010499400798434        14.288706712981810        13.549040706694097        12.792188854368490        12.018891996593798        11.229944474522025        10.426193805462704        9.6085398742620640        8.7779336193511863        7.9353751997033406        7.0819116372507489        6.2186339384096812        5.3466737080364215        4.4671992791289679        3.5814113916096155        2.6905384632572309        1.7958315049806486       0.89855874081674569     
  0.93257766201335979        1.8637925549325900        2.7922880922134450        3.7167206015127343        4.6357655568327250        5.5481235467569094        6.4525259012224669        7.3477399076568295        8.2325735571402134        9.1058797721705815        9.9665600792054292        10.813567701036057        11.645910055829793        12.462650661002261        13.262910450649034        14.045868524824121        14.810762357312562        15.556887495580643        16.283596792234984        16.990299211573081        17.676458257703963        18.341590072340541        18.985261250829229        19.607086424423699        20.206725655378737        20.783881689292642        21.338297106418178        21.869751410539944        22.378058090618932        22.863061686855175        23.324634889226026        23.762675693010852        24.177104632388485        24.567862109950017        24.934905836950747        25.278208396362356        25.597754938297953        25.893541015178869        26.165570562092320        26.413854026148499        26.638406647272333        26.839246891744104        27.016395038916375        27.169871920862132        27.299697814229638        27.405891483271851        27.488469372860173        27.547444950263177        27.582828194548483        27.594625232631259        27.582838121224160        27.547464774222888        27.488499035368935        27.405930896347932        27.299746860789277        27.169930454912141        27.016462885794471        26.839323848406490        26.638492482628266        26.413948481441274        26.165673351326266        25.893651825591622        25.597873430877463        25.278334206407880        24.935038574677019        24.568001361133810        24.177249959056653        23.762826634168839        23.324790961625951        22.863222385802317        22.378222890815536        21.869919766965186        21.338468455243046        20.784055448828475        20.206901227058058        19.607263193812059        18.985438588666543        18.341767335610555        17.676634790730269        16.990474347140225        16.283769852733034        15.557057794171641        14.810929199117183        14.046031208126930        13.263068268120573        12.462802900936275        11.646056003393838        10.813706639533697        9.9666912913482637        9.1060025413582562        8.2326871687466117        7.3478436503205851        6.4526190681399687        5.5482054369759215        4.6358354765447736        3.7167778653423751        2.7923320245025689        1.8638224910178764       0.93259294949502802     
  0.96797564256053481        1.9345045789319111        2.8981470391756350        3.8574776575746323        4.8110924131592654        5.7576152637409317        6.6957043839104688        7.6240579275872502        8.5414192475541153        9.4465815175163996        10.338391716085802        11.215753946216584        12.077632077540979        12.923051712336015        13.751101488140137        14.560933741032684        15.351764563078856        16.122873295293527        16.873601503631523        17.603351489980540        18.311584392986717        18.997817934899217        19.661623870633548        20.302625194100870        20.920493154723030        21.514944134144201        22.085736429648829        22.632666986879489        23.155568120279185        23.654304255403162        24.128768722977668        24.578880630428262        25.004581832638912        25.405834019996323        25.782615938365499        26.134920752560948        26.462753562137451        26.766129075929598        27.045069449714624        27.299602289646433        27.529758822692688        27.735572234180374        27.917076171694102        28.074303413951338        28.207284702873132        28.316047736852759        28.400616323172258        28.461009687604182        28.497241939438730        28.509321690472841        28.497251826865622        28.461029433182532        28.400645868399309        28.316086994094654        28.207333555509031        28.074361716565306        27.917143750314445        27.735648886566107        27.529844318666761        27.299696371475235        27.045171832533271        26.766239448212346        26.462871586212664        26.135046065169863        25.782748151264006        25.405972720598982        25.004726584704262        24.579030974784459        24.128924178287537        23.654464318967477        23.155732268877149        22.632834677645217        22.085907100982624        21.515117206657315        20.920668032214650        20.302801264565932        19.661800507299986        18.997994497293178        18.311760228024255        17.603525933084285        16.873773879870722        16.123042920545892        15.351930745212522        14.561095781106715        13.751258681621756        12.923203350332969        12.077777448047176        11.215892335369315        10.338522409432732        9.4467038012905249        8.5415324099548542        7.6241612600658684        6.6957971824579694        5.7576968301765525        4.8111620564177642        3.8575346949904530        2.8981907977621337        1.9345343966537625       0.96799086959746405     
   1.0048212825620630        2.0081046655321497        3.0083200454738690        4.0039534221498254        4.9935146449678340        5.9755448023557447        6.9486231504005076        7.9113734893752277        8.8624699111088532        9.8006418559390944        10.724678434611450        11.633431987331054        12.525820868659608        13.400831462558923        14.257519446180012        15.095010333641465        15.912499341793890        16.709250628690345        17.484595962131984        18.237932880273977        18.968722408969995        19.676486401469820        20.360804565469589        21.021311240577322        21.657691986238678        22.269680036308554        22.857052671982853        23.419627559932618        23.957259097399426        24.469834800879244        24.957271769979403        25.419513253189631        25.856525337748664        26.268293781574304        26.654821001398588        27.016123227834260        27.352227835102287        27.663170850569891        27.948994647070826        28.209745819184555        28.445473243213620        28.656226319489811        28.842053394829932        29.003000362419581        29.139109436097463        29.250418095913268        29.336958201909820        29.398755273307664        29.435827930620839        29.448187498682330        29.435837769082315        29.398774921100159        29.336987600820304        29.250457158741867        29.139158046800880        29.003058376302025        28.842120638781260        28.656302592270599        28.445558315786720        28.209839435092736        27.949096522859932        27.663280676256949        27.352345274687899        27.016247919858628        26.654952559540302        26.268431795291164        25.856669372959608        25.419662852996769        24.957426455429275        24.469994071762137        23.957422433085686        23.419794420244791        22.857222498102441        22.269852251716117        21.657865997685960        21.021486439090094        20.360980327379735        19.676662089475300        18.968897373221129        18.238106459484577        17.484767484713750        16.709419413908954        15.912664700945124        15.095171571245745        14.257675861193620        13.400982349600241        12.525965519248604        11.633569691140281        10.724808480726749        9.8007635341282437        8.8625825130963172        7.9114763101212136        6.9487154893824776        5.9756259648505337        4.9935839433325553        4.0040101770996843        3.0083635873550501        2.0081343355879211        1.0048364341902507     
   1.0432057703809932        2.0847743331401234        3.1230772605929475        4.1565041709184882        5.1834713939135266        6.2024302193735892        7.2118746077495484        8.2103482576985698        9.1964509425485730        10.168844046782702        11.126255253647390        12.067482355128199        12.991396175107234        13.896942614885045        14.783143846899033        15.649098697004412        16.493982267838767        17.317044865430379        18.117610298314659        18.895073623075280        19.648898412593496        20.378613623599779        21.083810138648683        21.764137054676166        22.419297786150842        23.049046045791684        23.653181760171694        24.231546971509946        24.784021770793107        25.310520301247102        25.810986865251667        26.285392162172965        26.733729679370033        27.156012253869232        27.552268817933207        27.922541337992957        28.266881953162965        28.585350316806213        28.878011142335353        29.144931952598071        29.386181030764135        29.601825569571602        29.791930015061748        29.956554600498947        30.095754065995649        30.209576559408831        30.298062714309712        30.361244901222292        30.399146648849481        30.411782232631655        30.399156428686791        30.361264431940032        30.298091938041733        30.209615389474859        30.095802387043840        29.956612268695707        29.791996858328446        29.601901387867926        29.386265596417687        29.145025010679767        28.878112411080057        28.585459488078033        28.266998692964620        27.922665287018457        27.552399592163113        27.156149445207628        26.733872856322392        26.285540870563914        25.811140628981676        25.310678623087036        24.784184133215572        24.231712837556231        23.653350574353116        23.049217235024091        22.419470760720952        21.764311209238425        21.083984853251209        20.378788264738013        19.649072334289990        18.895246167984233        18.117780798849548        17.317212644913155        16.494146641668976        15.649258973846610        14.783299329886791        13.897092602839884        12.991539963770723        12.067619238405502        11.126384524860450        10.168964999931340        9.1965628735776370        8.2104504657693695        7.2119663965137288        6.2025108982476169        5.1835402793519547        4.1565605876841589        3.1231205430222939        2.0848038264017310        1.0432208317255804     
   1.0832284080768533        2.1647112039913488        3.2427126842938279        4.3155174192123944        5.3814399699420967        6.4388341163837861        7.4861014552000782        8.5216992463716501        9.5441474076505273        10.552034579473117        11.544023207033707        12.518853610371044        13.475347036603871        14.412407710099750        15.329023915757222        16.224268167268875        17.097296525926353        17.947347146102764        18.773738131023755        19.575864786960928        20.353196365792279        21.105272385287396        21.831698613848218        22.532142802147131        23.206330238531507        23.854039198568504        24.475096352018582        25.069372183144747        25.636776472839866        26.177253883793796        26.690779682990584        27.177355629347304        27.637006048366441        28.069774110328513        28.475718323826388        28.854909252343408        29.207426458089451        29.533355674406874        29.832786205704753        30.105808552033086        30.352512254022283        30.572983952939875        30.767305660008564        30.935553228842195        31.077795024845049        31.194090785645127        31.284490667055948        31.349034469650388        31.387751041752143        31.400657855478400        31.387760753373904        31.349053864139005        31.284519686948894        31.194129344866724        31.077843008848063        30.935610494796283        30.767372037035361        30.573059242394375        30.352596229820136        30.105900961023366        29.832886768087665        29.533464084195813        29.207542383616804        28.855032336809398        28.475848185890147        28.069910344740645        27.637148226642154        27.177503300479145        26.690932374199878        26.177411101319642        25.636937702764691        25.069536892255183        24.475263988700547        23.854209193735176        23.206502006582930        22.532315741960112        21.831872109795111        21.105445808282404        20.353369074363741        19.576036128348107        18.773907442296625        17.947513755303184        17.097459753229039        16.224427326160534        15.329178314232156        14.412556651870283        13.475489822323865        12.518989538870759        11.544151576564248        10.552154688958749        9.5442585579469679        8.5218007415286472        7.4861926037263906        6.4389142325127864        5.3815083748961525        4.3155734424642089        3.2427556648229223        2.1647404915338386        1.0832433643667139     
   1.1249975932959988        2.2481309468120245        3.3675470285843003        4.4814156429923777        5.5879403542855766        6.6853688338128769        7.7720024672956303        8.8462050809931050        9.9064106715824281        10.951130052800053        11.978956361128596        12.988569391858938        13.978738764619942        14.948325943014851        15.896285155600097        16.821663284569908        17.723598803866967        18.601319859927983        19.454141595976317        20.281462824923484        21.082762156883383        21.857593685460792        22.605582332816635        23.326418947518196        24.019855241823500        24.685698646765285        25.323807154587580        25.934084209090301        26.516473695540935        27.070955073247163        27.597538685825654        28.096261276775245        28.567181731249160        29.010377058964377        29.425938627999678        29.813968654805702        30.174576952050451        30.507877932907821        30.813987868013463        31.093022389502693        31.345094235250674        31.570311225595564        31.768774464383306        31.940576756074343        32.085801230846705        32.204520170071554        32.296794025183758        32.362670623785235        32.402184557768457        32.415356749302788        32.402194191660030        32.362689863043627        32.296822812806361        32.204558420671631        32.085848830793836        31.940633563681363        31.768840310139538        31.570385912445921        31.345177538920360        31.093114058866956        30.814087625511966        30.507985475003029        30.174691949729365        29.814090754124312        29.426067450669297        29.010512202979172        28.567322771553840        28.096407765972153        27.597690154920155        27.071111032430338        26.516633635008510        25.934247599896668        25.323973449533685        24.685867281319176        24.020025635072265        23.326590503149923        22.605754440131076        21.857765720407237        21.082933483124400        20.281632794922924        19.454309552110139        18.601485135616283        17.723760724725672        16.821821169580460        15.896438318295495        14.948473692680389        13.978880407506932        12.988704232409685        11.979083703210893        10.951249200949452        9.9065209322504817        8.8463057637998332        7.7720928862843719        6.6854483087057659        5.5880082117378054        4.4814712178434402        3.3675896651044157        2.2481599999419126        1.1250124298782109     
   1.1686319458458359        2.3352695046302183        3.4979309970656862        4.6546605375535179        5.8035403455674448        6.9427023760357578        8.0703390769813730        9.1847131104756201        10.284165904898273        11.367124941024233        12.432109709994295        13.477736316261012        14.502720731774088        15.505880737849136        16.486136617480270        17.442510682726549        18.374125738919883        19.280202599762205        20.160056775078246        21.013094456421751        21.838807925382469        22.636770505875894        23.406631175525224        24.148108943074995        24.860987089190289        25.545107357527161        26.200364172077371        26.826698945889611        27.424094535671987        27.992569886735350        28.532174903425709        29.042985571737461        29.525099353267610        29.978630863090668        30.403707838497240        30.800467400813048        31.169052608646219        31.509609297834611        31.822283201008574        32.107217337972550        32.364549666965488        32.594410986211777        32.796923074952772        32.972197063289691        33.120332020614711        33.241413753106087        33.335513801669954        33.402688632785697        33.442979015918922        33.456409582475054        33.442988562651749        33.402707697984653        33.335542328848128        33.241451657649250        33.120379189920470        32.972253356952756        32.796988324996022        32.594484997362919        32.364632216978748        32.107308177995137        31.822382055991262        31.509715866985996        31.169166565929917        30.800588395487203        30.403835495695596        29.978764784444362        29.525239117566883        29.043130735632296        28.532325002164516        27.992724434940556        27.424253028151568        26.826860858483382        26.200528962536840        25.545274466427749        24.861155940874660        24.148278946626135        23.406801725767941        22.636940984405335        21.838977701618198        21.013262888685947        20.160223211696454        19.280366380185143        18.374286194864695        17.442667139335917        16.486288394497727        15.506027150808938        14.502861093203965        13.477869936896042        12.432235900000251        11.367243011228602        10.284275168027211        9.1848128823950823        8.0704286779406171        6.9427811319114578        5.8036075891066110        4.6547156096134206        3.4979732478489955        2.3352982949135712        1.1686466482000228     
   1.2142616042901742        2.4263856574377098        3.6342490538325549        4.8357579059165063        6.0288614574113675        7.2115651885942880        8.3819428882499949        9.5381475014208625        10.678420601527238        11.801100377842420        12.904628072656925        13.987552844844210        15.048535076258480        16.086348173075805        17.099878944811117        18.088126668659257        19.050200965732913        19.985318628745567        20.892799548026961        21.772061884987298        22.622616639935409        23.444061755260677        24.236075886192776        24.998411960425173        25.730890635543926        26.433393750081930        27.105857850669967        27.748267864630130        28.360650974809918        28.943070741748418        29.495621507580783        30.018423106531777        30.511615898472588        30.975356134818430        31.409811659991288        31.815157946700214        32.191574459318993        32.539241336576936        32.858336382525380        33.149032353203197        33.411494525505816        33.645878534374184        33.852328464482099        34.030975183038812        34.181934901072189        34.305307951560991        34.401177773990895        34.469610096278089        34.510652306498386        34.524333008450220        34.510661756739168        34.469628968778657        34.401206012835281        34.305345472990183        34.181981593621906        34.031030907722879        33.852393055021217        33.645951797469714        33.411576241158322        33.149122275075101        32.858434238347492        32.539346828598049        32.191687264798070        31.815277718440477        31.409938026915377        30.975488702583924        30.511754250127044        30.018566803206262        29.495770089221104        28.943223727882881        28.360807865352651        27.748428140718804        27.106020975536769        26.433559169956588        25.731057780587456        24.998580245693162        24.236244712626736        23.444230510706184        22.622784700185520        21.772228614849844        20.892964302414178        19.985480753784564        19.050359799895404        18.088281543908931        17.100029187767092        16.086493106190456        15.048674019008050        13.987685114930416        12.904752987217929        11.801217254671405        10.678528760296867        9.5382462649118658        8.3820315835821031        7.2116431484577710        6.0289280212973839        4.8358124213445066        3.6342908775729317        2.4264141567279469        1.2142761580427019     
   1.2620297230945632        2.5217639795310758        3.7769237686716943        5.0252632871794489        6.2645856971609630        7.4927579317059161        8.7077242720310384        9.9075184734546511        11.090274266393408        12.254234110891520        13.397756136266898        14.519319248866635        15.617526438566577        16.691106356852686        17.738913274894870        18.759925558270218        19.753242815683432        20.718081892348494        21.653771885151084        22.559748357065956        23.435546923477055        24.280796374037937        25.095211481523737        25.878585634723553        26.630783416678923        27.351733233251103        28.041420080733047        28.699878525517306        29.327185954070504        29.923456137916549        30.488833146162783        31.023485627399843        31.527601473583942        32.001382870732947        32.445041734861341        32.858795526441973        33.242863432698726        33.597462904078412        33.922806529197743        34.219099231288581        34.486535768559264        34.725298520843104        34.935555545325151        35.117458884938785        35.271143114132997        35.396724108066820        35.494298022836134        35.563940476037281        35.605705918784224        35.619627192193043        35.605715263304077        35.563959137409029        35.494325945769340        35.396761209739495        35.271189284327825        35.117513986224438        34.935619413282510        34.725370964336001        34.486616570049407        34.219188147194217        33.922903290295565        33.597567215948203        33.242974976209986        32.858913958282052        32.445166688104159        32.001513955447656        31.527738277482577        31.023627716523158        30.488980065603258        29.923607412577581        29.327341089460738        28.700037008578985        28.041581380703242        27.351896802554634        26.630948691851657        25.878752037364915        25.095378419276983        24.280963241596879        23.435713103617829        22.559913221702359        21.653934796412024        20.718242203676034        19.753399872949871        18.760078700912644        17.739061837065584        16.691249668583882        15.617663826947595        14.519450039232140        13.397879653394302        12.254349680205936        11.090381215178400        9.9076161320670781        8.7078119751182221        7.4928350194233984        6.2646515163890921        5.0253171927370524        3.7769651245250491        2.5217921599964543        1.2620441140325762     
   1.3120942072711854        2.6217182638698660        3.9264208432653334        5.2237884576149387        6.5114633812896523        7.7871604224704392        9.0486822282585688        10.293932862683537        11.520929458066478        12.727811805019758        13.912849811583129        15.074448824534768        16.211152863155355        17.321645865639649        18.404751089570663        19.459428839677784        20.484772718376146        21.480004607728048        22.444468596278540        23.377624061778704        24.279038112370479        25.148377575674960        25.985400708688012        26.789948782636333        27.561937677043282        28.301349597093669        29.008225008695877        29.682654866973881        30.324773196680280        30.934750067462733        31.512784993181256        32.059100772606094        32.573937778794146        33.057548696159039        33.510193697590331        33.932136048793090        34.323638123147191        34.684957807665043        35.016345278895507        35.318040126731852        35.590268803893892        35.833242379245448        36.047154573968882        36.232180060854986        36.388473008498082        36.516165853947228        36.615368289299667        36.686166449787542        36.728622293069513        36.742773161666221        36.728631522752963        36.686184881826492        36.615395869083152        36.516202499671081        36.388518611299460        36.232234484991487        36.047217657041955        35.833313932467831        35.590348612400660        35.318127949934663        35.016440850879590        34.685060837628363        34.323748295881103        33.932253025203956        33.510317115261302        33.057678169951181        32.574072901486183        32.059241115571766        31.512930107103490        30.934899483083470        30.324926425585048        29.682811402409978        29.008384326423020        28.301511156265914        27.562100921121004        26.790113140327026        25.985565594914501        25.148542392569770        24.279202250294919        23.377786900365223        22.444629505494959        21.480162948962089        20.484927845538788        19.459580100323898        18.404897826035267        17.321787416188290        16.211288563146880        15.074578007594923        13.912971810787255        12.727925954082934        11.521035092539403        10.294029321152426        9.0487688535473794        7.7872365628436517        6.5115283916539202        5.2238417007178333        3.9264616908894610        2.6217460980206355        1.3121084213564735     
   1.3646297294549092        2.7265955013200998        4.0832549453498022        5.4320089650934431        6.7703221750164158        8.0957419527108421        9.4059157325890510        10.698606235467544        11.971704405016988        13.223239902732299        14.451389093521017        15.654480530292309        16.830998014791597        17.979581370927754        19.099025114426777        20.188275238128021        21.246424355702175        22.272705458740813        23.266484544251988        24.227252363116207        25.154615526694307        26.048287190240337        26.908077509688049        27.733884044221750        28.525682252080657        29.283516202323284        30.007489601607404        30.697757213015525        31.354516723974381        31.978001102607447        32.568471466513998        33.126210474967309        33.651516244770548        34.144696781345239        34.606064909864223        35.035933686169514        35.434612263620039        35.802402189687442        36.139594104859377        36.446464816040177        36.723274716992840        36.970265529303674        37.187658338746715        37.375651903676953        37.534421214102380        37.664116282306153        37.764861148255392        37.836753085499737        37.879861995798130        37.894229983292107        37.879871101651972        37.836771270246118        37.764888358016037        37.664152436374408        37.534466205075958        37.375705597634635        37.187720575468767        36.970336122535677        36.723353454752598        36.446551460967200        36.139688394606523        35.802503837354188        35.434720958226748        35.036049093171968        34.606186671707924        34.144824518058449        33.651649554595458        33.126348935028290        32.568614633522223        31.978148513600640        31.354667897090856        30.697911648301414        30.007646781855861        29.283675593944597        28.525843306001985        27.734046196815310        26.908240183726328        26.048449795877115        25.154777462470083        24.227413016986560        23.266643294637536        22.272861675597191        21.246577401608590        20.188424469392842        19.099169882208550        17.979721022370150        16.831131894170596        15.654607980174031        14.451509455928569        13.223352520319944        11.971808622249977        10.698701399805920        9.4060011956737419        8.0958170715503091        6.7703863131721800        5.4320614938627401        4.0832952449436908        2.7266229620352860        1.3646437528375857     
   1.4198300843190976        2.8367805220353266        4.2479965054800282        5.6506728919053177        7.0420775830947395        8.4195732317962175        9.7806368295915558        11.122876817081350        12.444047453768141        13.742060285899242        15.014992650125574        16.261093244124154        17.478784878256825        18.666664591979661        19.823501373360610        20.948231759135084        22.039953616653193        23.097918419063532        24.121522322914728        25.110296345153213        26.063895916501373        26.982090062626860        27.864750435409661        28.711840385778995        29.523404238529974        30.299556899432588        31.040473896699680        31.746381933098032        32.417550002035377        33.054281101006012        33.656904558839088        34.225768979159149        34.761235791146689        35.263673389833336        35.733451841508682        36.170938125071245        36.576491877047133        36.950461606264206        37.293181343565571        37.604967692258711        37.886117246036441        38.136904342711588        38.357579124142475        38.548365875079440        38.709461616242777        38.841034929679253        38.943224997283252        39.016140836268747        39.059860718312862        39.074431762040760        39.059869691474944        39.016158756024488        38.943251810539500        38.841070556905422        38.709505951601656        38.548418786601331        38.357640453942381        38.136973907249228        37.886194836418653        37.605053074583843        37.293274259309449        36.950561772707061        36.576598987740951        36.171051850346856        35.733571829021905        35.263799265149437        34.761367158362319        34.225905421560910        33.657045639597804        33.054426363905748        32.417698972236217        31.746534117931489        31.040628786495724        30.299713968377048        29.523562945551188        28.712000175462425        27.864910738939244        26.982250298751691        26.064055492526496        25.110454657953014        24.121678759967565        23.098072359506133        22.040104432353353        20.948378815781126        19.823644031566097        18.666802208401776        17.478916806726854        16.261218836788434        15.015111258595340        13.742171262407689        12.444150152333069        11.122970594671704        9.7807210472962431        8.4196472559934659        7.0421407866203385        5.6507246552180472        4.2480362178226008        2.8368075825891306        1.4198439033510795     
   1.4779109477817149        2.9527014305570578        4.4212796657257769        5.8806110840720187        7.3277451677076009        8.7598402561133994        10.174185787306596        11.568221551244221        12.939553654878575        14.285967025016964        15.605434398903945        16.896121866805132        18.156391130776161        19.384798725797218        20.580092511725478        21.741205786756733        22.867249396257588        23.957502216862597        25.011400387203885        26.028525636466878        27.008593033128520        27.951438441576698        28.857005936386351        29.725335385012698        30.556550371308312        31.350846595910099        32.108480856111768        32.829760677927872        33.515034646966150        34.164683462522348        34.779111720888601        35.358740418988710        35.904000157809094        36.415325016323933        36.893147060343594        37.337891446575362        37.749972079825440        38.129787780367906        38.477718918772140        38.794124476664479        39.079339493786385        39.333672864122164        39.557405446655508        39.750788459358894        39.914042128230264        40.047354566498214        40.150880862468973        40.224742357851298        40.269026101747031        40.283784468824336        40.269034933494837        40.224759995197211        40.150907253156561        40.047389632250272        39.914085764877541        39.750840537011499        39.557465809916664        39.333741332344118        39.079415861368062        38.794208513390458        38.477810370192508        38.129886368218479        37.750077502487727        37.338003379575653        36.893265156890557        36.415448907883807        35.904129454717847        35.358874711100228        34.779250578257987        34.164826436123498        33.515181269442472        32.829910464375189        32.108633304892287        31.351001189496326        30.556706577155701        29.725492656459874        28.857163713581613        27.951596152429488        27.008750094284565        26.028681454305637        25.011554358856873        23.957653731251153        22.867397835148672        21.741350525835230        20.580232921681485        19.384934173426810        18.156520980094033        16.896245480167604        15.605551138140660        14.286076252569721        12.939654734945652        11.568313850928545        10.174268677766115        8.7599131137120239        7.3278073751650350        5.8806620316108251        4.4213187522140149        2.9527280646448353        1.4779245490299915     
   1.5391131243135077        3.0748359969330559        4.6038116132804054        6.1227491391776390        7.6284548304756230        9.1178604716766714        10.588048693289592        12.036274669036837        13.459983849930246        14.856825552230100        16.224662370672107        17.561575528829529        18.865866398812443        20.136054518675568        21.370872506114612        22.569258311473181        23.730345273565884        24.853450441321840        25.938061606449089        26.983823461192483        27.990523254733532        28.958076275484942        29.886511437615745        30.775957201194508        31.626628008361131        32.438811374376613        33.212855733194218        33.949159102860293        34.648158606757761        35.310320862359688        35.936133229484540        36.526095894637791        37.080714756414864        37.600495068627680        38.085935792305641        38.537524604537474        38.955733510831145        39.341015007886085        39.693798745059318        40.014488635077186        40.303460367458001        40.561059281473582        40.787598559132988        40.983357702500427        41.148581263569568        41.283477798844103        41.388219024674555        41.462939153248342        41.507734392910244        41.522662600202992        41.507743074669406        41.462956491061050        41.388244967171843        41.283512269078145        41.148624159140212        40.983408895723670        40.787657897251158        40.561126586906845        40.303535438096979        40.014571244616185        39.693888643369725        39.341111921429437        38.955837143111303        38.537634636591250        38.086051883231214        37.600616856150069        37.080841857487655        36.526227906080322        35.936269728653642        35.310461407855009        34.648302739159782        33.949306345499913        33.213005592952911        32.438963342515983        31.626781561380803        30.776111801716997        29.886666535297248        28.958231307950648        27.990677648536224        26.983976632793013        25.938212963217421        24.853599382557203        23.730491191534625        22.569400592462863        21.371010531502844        20.136187666012052        18.865994042912750        17.561697042879018        16.224777127338406        14.856932924782592        13.460083213364964        12.036365401205131        10.588130176028971        9.1179320919421976        7.6285159814702066        6.1227992214796325        4.6038500359668326        3.0748621786968573        1.5391264945731815     
   1.6037063858463034        3.2037192051731052        4.7963835872498288        6.3781215127668949        7.9454675721533876        9.4951016770433139        11.023877952699266        12.528849222007217        14.007286691558381        15.456694653323433        16.874820208657606        18.259658194239574        19.609451634330092        20.922688155873679        22.198092880917251        23.434618355657143        24.631432090249490        25.787902272799858        26.903582189890479        27.978193839992151        29.011611170273476        30.003843306234902        30.955018081095943        31.865366110978016        32.735205604882253        33.564928046758695        34.354984841468493        35.105874977508535        35.818133726959317        36.492322376905733        37.129018966054886        37.728809984809430        38.292282985980272        38.820020045964228        39.312592011931066        39.770553468769741        40.194438359712024        40.584756196226650        40.941988795572634        41.266587487995793        41.558970739688284        41.819522142100503        42.048588722840329        42.246479538097290        42.413464511204864        42.549773486546314        42.655595472484521        42.731078051339992        42.776326938651472        42.791405678042608        42.776335462004027        42.731095072808515        42.655620941637324        42.549807327839545        42.413506624106759        42.246529797253551        42.048646978280487        41.819588219484842        41.559044440595095        41.266668590248521        40.942077053606489        40.584851341494137        40.194540101126840        39.770661493188484        39.312705984671972        38.820139611362350        38.292407767978226        37.728939587582957        37.129152974672309        36.492460358020466        35.818275229534365        35.106019533572066        34.355131966899364        33.565077242100919        32.735356356187175        31.865517890673114        30.955170348878930        30.003995509992016        29.011762747020558        27.978344216837261        26.903730785016652        25.788048496466658        24.631575345811921        23.434758040600506        22.198228387906479        20.922818873815654        19.609576949447447        18.259777491154466        16.874932871483921        15.456800066765824        14.007384242016649        12.528938298684380        11.023957948711773        9.4951719905317944        7.9455276073923180        6.3781706812716212        4.7964213088793031        3.2037449092267494        1.6037195121533960     
   1.6719940316422535        3.3399522102565133        4.9998839173457812        6.6478881896202457        8.2801952400929366        9.8932042145813082        11.483516248586268        13.047962127559256        14.583624111485339        16.087851743534678        17.558271705243257        18.992791993643042        20.389600869557270        21.747161155922392        23.064200549618221        24.339698652420410        25.572871431382691        26.763153792814773        27.910180904325699        29.013768833377583        30.073894995077062        31.090678822221022        32.064362991503714        32.995295464740352        33.883912535354767        34.730723009666953        35.536293600376951        36.301235566153125        37.026192596034683        37.711829909796272        38.358824524669757        38.967856623966043        39.539601953271962        40.074725164135032        40.573874022686859        41.037674400775870        41.466725969261653        41.861598516642630        42.222828820712564        42.550918006122437        42.846329326287446        43.109486313814564        43.340771249379692        43.540523904645084        43.709040520304264        43.846572985632562        43.953328190986177        44.029467529533434        44.075106529132235        44.090314599713366        44.075114885824824        44.029484218175497        43.953353162132125        43.846606165215682        43.709081809758509        43.540573181067259        43.340828365731753        43.109551099165714        42.846401586095794        42.550997522555704        42.222915353007579        41.861691801502893        41.466825721292572        41.037780312957025        40.573985766880654        40.074842391630938        39.539724295365779        38.967983692573199        38.358955912971865        37.711965192920118        37.026331331762549        36.301377295663585        35.536437849015051        34.730869287742735        33.884060338968979        32.995444276636277        32.064512281943784        31.090828049887129        30.074043607993268        29.013916269853894        27.910326593921617        26.763297157321254        25.573011885821135        24.339835606057292        23.064333406993899        21.747289317892658        20.389723734346148        18.992908957905385        17.558382165135569        16.087955095792697        14.583719754506793        13.048049462490287        11.483594680409920        9.8932731532065681        8.2802541014427042        6.6479363967167053        4.9999209013915795        3.3399774117101719        1.6720069012862584     
   1.7443183318549775        3.4842130191438154        5.2153135435872873        6.9333544762995221        8.6342238958585931        10.314007124872390        11.969024648302925        13.595863389078239        15.191400851424849        16.752821974036074        18.277628841008731        19.763643660949288        21.209005632444821        22.612162462124076        23.971857390285482        25.287112613448137        26.557209981140353        27.781669795396571        28.960228465872234        30.092815680812521        31.179531652809807        32.220624895354320        33.216470887006572        34.167551888414280        35.074438095774696        35.937770243944144        36.758243713535904        37.536594148662772        38.273584554646476        38.969993816931485        39.626606562368011        40.244204270707634        40.823557536371773        41.365419377193092        41.870519486904790        42.339559330807568        42.773207988563492        43.172098653861575        43.536825707301233        43.867942285879977        44.165958279672424        44.431338693444573        44.664502317918625        44.865820662096048        45.035617104407493        45.174166226464877        45.281693298846122        45.358373893665878        45.404333603709816        45.419647852679766        45.404341785661650        45.358390233343819        45.281717747838506        45.174198712253741        45.035657530487846        44.865868908134630        44.664558239951987        44.431402124116133        44.166029028508206        43.868020139602649        43.536910430182047        43.172189988109636        42.773305654751873        42.339663028335750        41.870628894496605        41.365534153429657        40.823677320258589        40.244328682275082        39.626735203304392        38.970126271247807        38.273720389371903        37.536732914569967        36.758384945895088        35.937913463304895        35.074582808774451        34.167697588612285        33.216617055742219        32.220771002628624        31.179677158188795        30.092960034351300        28.960371109058364        27.781810162111526        26.557347498637593        25.287246703346543        23.971987469576632        22.612287944192040        21.209125928096924        19.763758179456495        18.277736991154082        16.752923165169729        15.191494494524209        13.595948897811645        11.969101440095393        10.314074621971873        8.6342815264012067        6.9334016753722176        5.2153497542864233        3.4842376936280832        1.7443309323911538     
   1.8210670608931863        3.6372692945534491        5.4438045828558774        7.2359946127390273        9.0093415912740085        10.759579099031940        12.482715694324957        14.175070293730398        15.833298792057786        17.454411812102045        19.035783860935453        20.575154492795029        22.070622325504161        23.520632923296610        24.923961646886539        26.279692590304172        27.587194685619984        28.846095975051611        30.056256938914750        31.217743640072392        32.330801311654156        33.395828883283855        34.413354817994701        35.384014521439099        36.308529489124219        37.187688277002621        38.022329315528289        38.813325536231375        39.561570741497633        40.267967620866571        40.933417299032619        41.558810290154845        42.145018728496751        42.692889745449968        43.203239866459654        43.676850307276766        44.114463056506814        44.516777639967373        44.884448471412178        45.218082703357879        45.518238500791121        45.785423669254428        46.020094577091029        46.222655319405192        46.393457078541644        46.532797642608983        46.640921049796802        46.718017332008102        46.764222336703412        46.779617610895649        46.764230336014073        46.718033306944477        46.640944953027905        46.532829403235617        46.393496602213048        46.222702488474241        46.020149250807890        45.785485683998331        45.518307670339922        45.218158819195139        44.884531303071171        44.516866935411720        44.114558542547108        43.676951690022605        43.203346831806542        42.693001959600323        42.145135838514364        41.558931924551942        40.933543068388801        40.268097118478721        39.561703544059888        38.813461204544254        38.022467395235900        37.187828299357065        36.308670971775996        35.384156969252444        34.413497723886771        33.395971729086540        32.330943568997306        31.217884771287217        30.056396397956178        28.846233208438257        27.587329133390416        26.279823686988152        24.924088822489821        23.520755604297960        22.070739935863134        20.575266454969103        19.035889596905079        17.454510744402132        15.833390344814156        14.175153893699751        12.482790771936807        10.759645089431078        9.0093979353619567        7.2360407582129795        5.4438399852436419        3.6372934182428751        1.8210793801545742     
   1.9026813835373289        3.7999937891378721        5.6866426600471858        7.5574800834619715        9.4075715410844296        11.232255266716646        13.027192511009078        14.788407563737945        16.512316960063746        18.195747850117378        19.835946000591029        21.430574294468506        22.977702885529887        24.475792345095122        25.923671217017109        27.320509387679365        28.665788599162163        29.959271305498678        31.200968912807774        32.391110270452529        33.530111105483648        34.618544926364834        35.657115771024337        36.646633042526588        37.587988564752230        38.482135900359708        39.330071902746610        40.132820420770770        40.891418037286002        41.606901697640680        42.280298069791769        42.912614471407238        43.504831199323824        44.057895101335220        44.572714238128796        45.050153493153630        45.491030999412189        45.896115263951998        46.266122882694603        46.601716749823694        46.903504677022006        47.172038348248861        47.407812545408291        47.611264589143417        47.782773947120369        47.922661969573376        48.031191718632883        48.108567864123003        48.154936624176614        48.170385734261679        48.154944433133686        48.108583458915824        48.031215053056741        47.922692974416222        47.782812530276622        47.611310635765534        47.407865918095737        47.172098887274437        46.903572200594965        46.601791054389501        46.266203743270765        45.896202434499671        45.491124213242841        45.050252463370349        44.572818658101596        44.058004645209650        43.504945522562224        42.912733211361854        42.280420846308957        41.607028113695321        40.891547679645328        40.132952860686601        39.330206696675013        38.482272590707225        37.588126680647477        36.646772100616168        35.657255276292084        34.618684372973100        33.530249977635499        32.391248043273677        31.201105053246977        29.959405273245331        28.665919847579818        27.320637364753857        25.923795366317915        24.475912106748666        22.977817697203317        21.430683592362655        19.836049220441048        18.195844428199678        16.512406334207796        14.788489174341484        13.027265802055265        11.232319686791712        9.4076265443943399        7.5575251308466589        5.6866772199908553        3.8000173387739351        1.9026934096464827     
   1.9896654318664262        3.9733830611431009        5.9452939207295170        7.8997137470411767        9.8312119383346452        11.734681116415299        13.605395201518876        15.439054649890423        17.231818266988245        18.980321728226244        20.681683559729528        22.333499818273289        23.933829046406238        25.481169267103716        26.974428836929100        28.412892921030132        29.796187214825743        31.124240343625289        32.397246147794483        33.615626828364498        34.779997702202635        35.891134108191821        36.949940823124805        37.957424191449761        38.914667047121881        39.822806407218010        40.683013843043895        41.496478381946581        42.264391758458927        42.987935813346155        43.668271830460057        44.306531601267316        44.903810013150540        45.461158968143017        45.979582452094135        46.460032589161017        46.903406532067109        47.310544054090705        47.682225723777165        48.019171557598980        48.322040059030456        48.591427564667534        48.827867829083310        49.031831790093364        49.203727465072539        49.343899937000089        49.452631396112224        49.530141209516700        49.576585996984861        49.592059696495049        49.576593608071342        49.530156409154181        49.452654139266784        49.343930156213446        49.203765070572977        49.031876669943429        48.827919849364079        48.591486569699100        48.322105871628452        48.019243979366728        47.682304535432991        47.310629015830131        46.903497383959191        46.460129051578512        45.979684226176737        45.461265736293072        44.903921439560598        44.306647332478732        43.668391495951880        42.988059026153451        42.264518115819804        41.496607465976865        40.683145221438593        39.822939633978606        38.914801663308339        37.957559725956358        36.950076793478551        35.891270021372449        34.780133055482949        33.615761110169970        32.397378838580806        31.124370916772762        29.796315137549094        28.413017655302646        26.974549840419609        25.481285994125241        23.933940948874838        22.333606346675868        20.681784164099099        18.980415859123369        17.231905376487202        15.439134192568668        13.605466635448440        11.734743904154644        9.8312655479195783        7.8997576529733680        5.9453276049612152        3.9734060140565988        1.9896771532468489     
   2.0825980111892020        4.1585803132853032        6.2214379055062263        8.2648712146889221        10.282883993466848        12.269865176300428        14.220656114968548        16.130601618521901        17.995584241519424        19.812042203452407        21.576972109495330        23.287918234652317        24.942950515154763        26.540633572045735        28.079989099183429        29.560453818381127        30.981834978373016        32.344265090182802        33.648157282426489        34.894162352254291        36.083128299801430        37.216062878116347        38.294099472761197        39.318466447377126        40.290459952050753        41.211420086852542        42.082710238877667        42.905699362523265        43.681746944671772        44.412190384380303        45.098334516608830        45.741443018075898        46.342731447742331        46.903361692495729        47.424437608649214        47.907001670616218        48.352032458673165        48.760442837451102        49.133078695307390        49.470718131790854        49.774070995924106        50.043778691974957        50.280414181825414        50.484482124066417        50.656419099670636        50.796593882658577        50.905307721721087        50.982794605435679        51.029221489661467        51.044688471055856        51.029228895562973        50.982809395310738        50.905329851749840        50.796623287201328        50.656455691375797        50.484525794014232        50.280464799707204        50.043836106307779        49.774135034300237        49.470788601162127        49.133155382303698        48.760525508732762        48.352120861316649        47.907095532532658        47.424536639035189        46.903465582315604        46.342839870241583        45.741555629324679        45.098450956074942        44.412310275530878        43.681869895602858        42.905824966616301        42.082838075482044        41.211549721993279        40.290590939160239        39.318598328050030        38.294231777531373        37.216195127254707        36.083260004133663        34.894293013997228        33.648286396042081        32.344392143248321        30.981959452466398        29.560575189980142        28.080106840577464        26.540747152258813        24.943059400878575        23.288021891187917        21.577070001702133        19.812133796703151        17.995669002659739        16.130679016833135        14.220725623132402        12.269926271364088        10.282936157807182        8.2649139369743558        6.2214706816548997        4.1586026474181406        2.0826094165764704     
   2.1821470079651584        4.3569034523040786        6.5170078173402164        8.6554513216953204        10.765590215892603        12.841242511102353        14.876765950242937        16.867115406487777        18.807879263630163        20.695295564050472        22.526249707393728        24.298256195068575        26.009427332983940        27.658431951832664        29.244447127220212        30.767105638259117        32.226441551237336        33.622835907205186        34.956964071710487        36.229745903203707        37.442299534800945        38.595899253766135        39.691937708525749        40.731892473217776        41.717296850202409        42.649714685194233        43.530718900502826        44.361873412105552        45.144718079270135        45.880756335354114        46.571445160318802        47.218187075411883        47.822323865261495        48.385131759897121        48.907817837219881        49.391517433949062        49.837292379247963        50.246129889567463        50.618941985464303        50.956565311147408        51.259761255296183        51.529216287375213        51.765542437388397        51.969277858951330        52.140887425904268        52.280763321636847        52.389225588042635        52.466522607752729        52.512831499190284        52.528258409210537        52.512838692802099        52.466536973676980        52.389247083715560        52.280791883300296        52.140922968710584        51.969320277102938        51.765591604311922        51.529272055929937        51.259823458016456        50.956633760518756        50.619016474232879        50.246210191082241        49.837378247835439        49.391608605319796        48.907914028906298        48.385232671722079        47.822429179836881        47.218296458666558        46.571558262055191        45.880872789832658        45.144837505820774        44.361995415765435        43.530843072679254        42.649840604352093        41.717424082574915        40.732020573539756        39.692066220788284        38.596027711991532        37.442427463837035        36.229872819536254        34.957089484292659        33.622959318302811        32.226562457288885        30.767223530749096        29.244561493564795        27.658542276276272        26.009533097505511        24.298356880296268        22.526344793526732        20.695384531786580        18.807961595097851        16.867190586181401        14.876833465959741        12.841301854879941        10.765640884945473        8.6554928193491811        6.5170396539626889        4.3569251462304281        2.1821580864177306     
   2.2890872560044446        4.5698798130533991        6.8342401854977961        9.0743380856953983        11.282785532870420        13.452751643361676        15.578053152283058        17.653218616132648        19.673526099541711        21.635015768677636        23.534480072737445        25.369435036383479        27.138076614510197        28.839226126929344        30.472268572003593        32.037087202087761        33.533997213055400        34.963680825874718        36.327125474254714        37.625566295826104        38.860433676855394        40.033306231468082        41.145869306076321        42.199878882484185        43.197130599883394        44.139433516092460        45.028588171273576        45.866368493083833        46.654507082109802        47.394683433240196        48.088514676511174        48.737548455373748        49.343257597882634        49.907036274531514        50.430197373668072        50.913970860509338        51.359502918092531        51.767855697713834        52.140007532439753        52.476853490191090        52.779206162872917        53.047796605289321        53.283275352404324        53.486213456169466        53.657103493905808        53.796360509369272        53.904322855388145        53.981252913571858        54.027337672260771        54.042689148813778        54.027344646694665        53.981266841789207        53.904343696122034        53.796388200804188        53.657137953779241        53.486254581907332        53.283323021289746        53.047850674664716        52.779266470375056        52.476919854018760        52.140079751653801        51.767933552568927        51.359586170400462        50.914059254033134        50.430290634546495        49.907134111733356        49.343359703690076        48.737654505894270        48.088624332217179        47.394796339535624        46.654622869922989        45.866486779485840        45.028708560120869        44.139555598693434        43.197253955687451        42.200003079792673        41.145993902774180        40.033430775775223        38.860557708096778        37.625689345219428        36.327247065714538        34.963800476832049        33.534114435291421        32.037201502580643        30.472379453787127        28.839333089962203        27.138179156554614        25.369532653892037        23.534572261746842        21.635102025707972        19.673605922500197        17.653291505220281        15.578118610903081        13.452809179028502        11.282834658117626        9.0743783189815765        6.8342710521088836        4.5699008460002233        2.2890979969141387     
   2.4043228692552994        4.7992894651683233        7.1757365716415880        9.5248772854776540        11.838464603924319        14.108928226402000        16.329479677187717        18.494183508935581        20.597994873296216        22.636765878319331        24.607224729911884        26.506932620821932        28.334223719848811        30.088133521899909        31.768320372270814        33.374984306655591        34.908786568568203        36.370772370886755        37.762298723946529        39.084968499498586        40.340571357399256        41.531031733879537        42.658363769912526        43.724632832662763        44.731923136614142        45.682310887682085        46.577842338450274        47.420516142551705        48.212269420260604        48.954966986904260        49.650393244090054        50.300246286058965        50.906133826244144        51.469570599987598        51.991976946879362        52.474678319506950        52.918905504178582        53.325795373373019        53.696392019443891        54.031648144767971        54.332426605448504        54.599502024268276        54.833562404237348        55.035210687187700        55.204966212795881        55.343266042499771        55.450466120320201        55.526842248875234        55.572590864128259        55.587829596862093        55.572597612719015        55.526855726074999        55.450486286198355        55.343292837242473        55.204999556804424        55.035250481209495        54.833608529529286        54.599554342792267        54.332484960098881        54.031712359630546        53.696461900086206        53.325870707165471        52.918986060645864        52.474763850709429        51.992067187823864        51.469665269066965        50.906232625704959        50.300348902496836        49.650499348971834        48.955076237116259        48.212381458682302        47.420630598653972        46.577958828917339        45.682429017056421        44.732042497963235        43.724753008267044        42.658484331973312        41.531152245246098        40.340691372313941        39.085087564358979        37.762416378083600        36.370888147357860        34.908899994963804        33.375094905918694        31.768427663527749        30.088237021301474        28.334322941420488        26.507027077321972        24.607313933696101        22.636849342211299        20.598072111461700        18.494254037759852        16.329543016154613        14.108983898973392        11.838512138418711        9.5249162159467069        7.1757664387432296        4.7993098170352271        2.4043332623574329     
   2.5289154000872189        5.0472196767605189        7.5445408447829596        10.010971797439513        12.437269707859265        14.815019735448024        17.136756989716286        19.396044448449153        21.587507992512268        23.706832529982002        25.750725134098609        27.716852176097881        29.603757688244990        31.410769815886230        33.137901410869510        34.785749774442870        36.355399435859425        37.848330771464532        39.266336303918848        40.611445712070086        41.885859940768938        43.091894319666856        44.231930262539947        45.308374900485617        46.323627878877673        47.280054496211214        48.179964362839797        49.025594792520195        49.819098196552574        50.562532819236651        51.257856227169292        51.906921038605830        52.511472449435438        53.073147177315029        53.593473504145109        54.073872148989864        54.515657748820047        54.920040763446337        55.288129654227177        55.620933214170321        55.919362950515051        56.184235440378679        56.416274596138905        56.616113790414644        56.784297801263094        56.921284546937201        57.027446586603858        57.103072369122344        57.148367216598601        57.163454033205994        57.148373732910422        57.103085382451980        57.027466058395063        56.921310419434846        56.784329997608182        56.616152214770757        56.416319133849939        56.184285958157631        55.919419296663676        55.620995218829194        55.288197129655998        54.920113504333976        54.515735532623879        54.073954736304074        53.593560639097298        53.073238587990645        52.511567848329392        51.907020123100772        51.257958680039792        50.562638309178624        49.819206378737171        49.025705309171499        48.180076843835344        47.280168559704663        46.323743131942692        45.308490939780071        44.232046674989498        43.092010683167025        41.885975824904534        40.611560678851205        39.266449908532152        37.848442563039022        36.355508958245387        34.785856567003066        33.138005009281407        31.410869752954170        29.603853494721157        27.716943381510845        25.750811267588347        23.706913121140161        21.587582572226481        19.396112549750171        17.136818148626777        14.815073491831768        12.437315606269518        10.011009387965355        7.5445696838923588        5.0472393281389190        2.5289254354703967     
   2.6641196759406265        5.3161340292980102        7.9442367748478144        10.537201200632850        13.084624948830662        15.577126674606914        18.006487154141020        20.365732755151917        22.649163963202557        24.852335348059434        26.971995717085619        29.005998256596769        30.953190409903407        32.813292379007052        34.586771779052228        36.274720397885055        37.878737431066391        39.400822118848417        40.843277486015424        42.208625908373442        43.499536496655196        44.718763774302523        45.869096794400036        46.953317654734079        47.974168292443551        48.934324439595542        49.836375672507906        50.682810570669837        51.476006100710400        52.218220446373515        52.911588609664051        53.558120206667013        54.159698971395237        54.718083561157371        55.234909327068380        55.711690773761660        56.149824483784201        56.550592325429619        56.915164798830247        57.244604404925397        57.539868946338636        57.801814689046466        58.031199329732644        58.228684726537523        58.394839361085474        58.530140507682745        58.634976091832812        58.709646225063196        58.754364406795517        58.769258386874910        58.754370684628121        58.709658762140513        58.634994851009637        58.530165433317634        58.394870379132264        58.228721744667141        58.031242237485088        57.801863358012689        57.539923230372104        57.244664140383094        56.915229804842667        56.550662404199429        56.149899420913243        55.711770338605717        55.234993273119287        54.718171626451905        54.159790878950204        53.558215664940036        52.911687313039280        52.218322075671693        51.476110323722473        50.682917042713498        49.836484037006180        48.934434328676623        47.974279327561121        46.953429447307229        45.869208946471822        44.718875879216327        43.499648139747869        42.208736667684292        40.843386933010080        39.400929819156531        37.878842945232073        36.274823282129134        34.586871586045113        32.813388658651178        30.953282710124135        29.006086124140637        26.972078698324800        24.852412989801245        22.649235813502845        20.365798364131244        18.006546074802358        15.577178463653770        13.084669167484400        10.537237415448065        7.9442645585245364        5.3161529614896059        2.6641293440561746     
   2.8114298727626323        5.6089609832131435        8.3790724120620030        11.108973060855082        13.786904381579909        16.402377416753787        18.946335138319554        21.411238777249011        23.791083457070005        26.081353255477254        28.278928572236026        30.381959530339731        32.389718482093244        34.302443031351871        36.121178796654405        37.847628817094268        39.484014317232152        41.032949661061735        42.497332808683680        43.880251448647201        45.184904179482018        46.414535601191936        47.572383890824675        48.661639317926657        49.685412155556932        50.646708519771686        51.548412793681443        52.393275438297756        53.183905145371746        53.922764436723504        54.612167953734847        55.254282806271441        55.851130460910760        56.404589743922529        56.916400615754647        57.388168442056319        57.821368542970532        58.217350849045935        58.577344530096084        58.902462494001654        59.193705677000665        59.451967066484983        59.678035412617319        59.872598596966327        60.036246635471755        60.169474299935914        60.272683347342088        60.346184349998040        60.390198122105858        60.404856740130398        60.390204155500378        60.346196398922949        60.272701376098496        60.169498255048865        60.036276445778199        59.872634173732180        59.678076649683526        59.452013840442312        59.193757847393059        58.902519903557810        58.577407004988956        58.217418199179761        57.821440562295116        57.388244908907978        56.916481293223413        56.404674380245169        55.851218789888890        55.254374547714384        54.612262813926435        53.922862108912256        53.184005310283737        52.393377764671470        51.548516938823823        50.646814130134636        49.685518867333499        48.661746757665973        47.572491676064942        46.414643341110406        45.185011475561133        43.880357895356028        42.497437994173580        41.033053167875295        39.484115723024445        37.847727695365421        36.121274717492362        34.302535562184389        32.389807188447975        30.382043976611410        28.279008322459596        26.081427874105856        23.791152509756703        21.411301831631185        18.946391764804773        16.402427189306053        13.786946878505182        11.109007865584889        8.3790991139340303        5.6089791782476670        2.8114391644336618     
   2.9726394064924042        5.9292085726334953        8.8541201612280638        11.732715957347136        14.551644182330506        17.299145926784121        19.965240028446367        22.541806947653452        25.022581383929438        27.403069554639476        29.680410050443548        31.853197424584074        33.921285915780715        35.885587766274128        37.747877191796277        39.510607717451215        41.176747642515700        42.749635997739425        44.232859545892993        45.630150106439132        46.945300673920528        48.182098349050257        49.344271917109310        50.435451908123483        51.459141091329002        52.418693542464034        53.317300640344243        54.157982574433035        54.943584162051636        55.676773973390667        56.360045940083388        56.995722777354842        57.585960681183444        58.132754872141120        58.637945648823006        59.103224688449714        59.530141392707087        59.920109125409255        60.274411227129278        60.594206722290679        60.880535657852349        61.134324030918577        61.356388276421342        61.547439296329337        61.708086019354482        61.838838485436497        61.940110452866264        62.012221528144778        62.055398819880466        62.069778118462764        62.055404603125112        62.012233077510579        61.940127734134443        61.838861447349210        61.708114593699179        61.547473398050926        61.356427803762202        61.134368865586147        60.880585665213999        60.594261751595724        60.274471111757677        59.920173683146785        59.530210426046594        59.103297984917873        58.638022981332355        58.132835999366733        57.586045347963783        56.995810715116171        56.360136867287281        55.676867596003824        54.943680174037517        54.158080658264510        53.317400467536615        52.418794774127626        51.459243378740624        50.435554893315881        49.344375233477869        48.182201621976084        46.945403521408984        45.630252139772949        44.232960370299125        42.749735213068618        41.176844843933843        39.510702496141491        37.747969135671163        35.885676460696196        33.921370944291233        31.853278369638360        29.680486494152049        27.403141079513482        25.022647573630437        22.541867387744958        19.965294307147222        17.299193635722169        14.551684917295516        11.732749319041933        8.8541457560167611        5.9292260132857262        2.9726483129224990     
   3.1499197308359559        6.2811146529353890        9.3754849780178358        12.416128060321217        15.387812457186408        18.277324429090214        21.073674803752340        23.768170653937474        26.354368976170072        28.827937271693074        31.186448732438656        33.429138618672752        35.556644737160134        37.570749998235414        39.474139878627128        41.270182924339117        42.962738551759671        44.555993457548254        46.054325882182511        47.462195657365797        48.784057242285300        50.024292659695071        51.187161242669362        52.276763286992264        53.297014990538166        54.251632391912629        55.144122357835542        55.977778988790178        56.755684102443254        57.480710708578783        58.155528606737782        58.782611420157991        59.364244530203287        59.902533498152408        60.399412659990041        60.856653658522887        61.275873739181485        61.658543684289931        62.005995297975119        62.319428382414699        62.599917167585446        62.848416172539608        63.065765487698009        63.252695475662478        63.409830893382995        63.537694441774775        63.636709750550018        63.707203806489041        63.749408832927756        63.763463627122675        63.749414360563151        63.707214845393175        63.636726268016524        63.537716388811312        63.409858204791874        63.252728070147896        63.065803267999854        62.848459025593648        62.599964964709578        62.319480979521153        62.006052535808166        61.658605388688912        61.275939721368687        60.856723715415946        60.399486574538358        59.902611039697192        59.364325454860698        58.782695471224777        58.155615515119024        57.480800193236938        56.755775870868050        55.977872737488624        55.144217772841401        54.251729149314549        53.297112757025886        52.276861720420072        51.187259992635930        50.024391368139000        48.784155544095434        47.462293181005492        46.054422250327008        44.556088287734177        42.962831457045880        41.270273513977763        39.474227758744235        37.570834772519810        35.556726007559831        33.429215986097816        31.186521797469496        28.828005635293266        26.354432240402531        23.768228422683073        21.073726683429932        18.277370029376982        15.387851391737499        12.416159947487689        9.3755094415618156        6.2811313227414161        3.1499282436174791     
   3.3459253893263954        6.6698462021596008        9.9505782547848494        13.168500409682888        16.306155059825077        19.348666771116651        22.283966683123595        25.102834801994252        27.798789839967803        30.367865395870773        32.808312884943355        35.120267795994479        37.305408946451777        39.366632451613441        41.307754546021812        43.133250995175295        44.848035922396576        46.457279426423199        47.966261177754035        49.380255983802769        50.704446832052938        51.943860920287698        53.103324476733818        54.187432623309419        55.200531047650124        56.146706763617480        57.029785719966469        57.853335444568359        58.620671280298239        59.334865078699274        59.998755473094768        60.614959060129166        61.185881984595703        61.713731553530835        62.200527608044297        62.648113460588249        63.058166265939185        63.432206739902881        63.771608173802996        64.077604717724043        64.351298923295573        64.593668549146301        64.805572640305328        64.987756897782788        65.140858357102402        65.265409395286454        65.361841085171079        65.430485914312698        65.471579883404644        65.485263996263640        65.471585150229004        65.430496432366994        65.361856823292129        65.265430306793547        65.140884379874080        64.987787954359021        64.805608638015045        64.593709380259980        64.351344465202743        64.077654833135426        63.771662710977068        63.432265532896409        63.058229134881572        62.648180211979216        62.200598035074350        61.713805436424380        61.185959090976091        60.615039145405213        59.998838280868277        59.334950341192936        58.620758718803330        57.853424769911626        57.029876632995595        56.146798955704234        55.200624201210871        54.187526412341946        53.103418567369815        51.943954971360213        50.704540495677904        49.380348905973804        47.966352998949709        46.457369782225982        44.848124444122391        43.133337310513014        41.307838279681640        39.366713225983396        37.305486382261215        35.120341512983757        32.808382502538748        30.367930533863642        27.798850119196963        25.102889845030724        22.284016114956607        19.348710219840029        16.306192157322918        13.168530792313643        9.9506015640627172        6.6698620854323174        3.3459335004484014     
   3.5639361243744032        7.1017673412480038        10.588482587383409        14.001141748886148        17.319642411593634        20.527223045793622        23.610692809660009        26.560414802902379        29.370093272667127        32.036424985230411        34.558673321681276        36.938214744021600        39.178095110794082        41.282620920595399        43.256999753783212        45.107035768200610        46.838880176237780        48.458832882093233        49.973189420868742        51.388126532274569        52.709619701608403        53.943386481292762        55.094850131220284        56.169118927185124        57.170977285851080        58.104885587451164        58.974986218343247        59.785113897697471        60.538808799739890        61.239331344475524        61.889677817292437        62.492596203246116        63.050601796305500        63.565992277284444        64.040862055007324        64.477115740457947        64.876480678930932        65.240518505112064        65.570635714174927        65.868093261232687        66.134015214029120        66.369396491293543        66.575109723018031        66.751911270033474        66.900446439407560        67.021253929919339        67.114769538597514        67.181329155343178        67.221171068215625        67.234437597197783        67.221176069289641        67.181339142683640        67.114784482613672        67.021273786285860        66.900471149137445        66.751940759575163        66.575143904376375        66.369435262174790        66.134058458009392        65.868140847949974        65.570687499544192        65.240574331563110        64.876540375669009        64.477179123746268        64.040928928471502        63.566062432238184        63.050675012097273        62.492672247626160        61.889756446799758        61.239412304844166        60.538891826324040        59.785198715914831        58.975072544135912        58.104973127763529        57.171065739123954        56.169207983865498        55.094939474285994        53.943475786791268        52.709708639208955        51.388214765833013        49.973276609004216        48.458918678775746        46.838964231386100        45.107117728289467        43.257079262458973        41.282697619299405        39.178168639392702        36.938284741442118        34.558739426552727        32.036486836528496        29.370150510362166        26.560467068609476        23.610739747290474        20.527264302206692        17.319677637247597        14.001170598487864        10.588504720535344        7.1017824230918212        3.5639438262301510     
   3.8080522411732076        7.5848052377048285        11.300444102540748        14.927942994716284        18.444051507912032        21.829892213060038        25.071169032992451        28.158040954781356        31.084746388492668        33.849071171877483        36.451744185485587        38.895826548599366        41.186139917082912        43.328760730848224        45.330592420072072        47.199017057613766        48.941621307407814        50.565987939762266        52.079542780425520        53.489446960180231        54.802525140361816        56.025221587453757        57.163577284356805        58.223222535553248        59.209380663822664        60.126879373008109        60.980167160184564        61.773332813386460        62.510126547284493        63.193981730566136        63.828036466232341        64.415154518344465        64.957945251964802        65.458782380376519        65.919821405835947        66.343015705581990        66.730131260230849        67.082760052144238        67.402332180795725        67.690126753546693        67.947281615820415        68.174801986098885        68.373568059699579        68.544341641824346        68.687771865567569        68.804400044893796        68.894663706377870        68.958899836965642        68.997347378312327        69.010148991478488        68.997352108963781        68.958909284261665        68.894677842327752        68.804418827569009        68.687795239170697        68.544369536780991        68.373600392772744        68.174838660526149        67.947322521473268        67.690171767112176        67.402381165979889        67.082812859897189        66.730187728993172        66.343075661552106        65.919884663257960        65.458848741848442        64.958014508766354        64.415226450784331        63.828110844014155        63.194058313172832        62.510205084380438        61.773413045236808        60.980248818091255        60.126962179761890        59.209464334170512        58.223306776680609        57.163661796383821        56.025306063944925        54.802609268848343        53.489530422694259        52.079625254045609        50.566069097169283        48.941700817450453        47.199094585882875        45.330667629483095        43.328833282230811        41.186209469776912        38.895892761056302        36.451806715874881        33.849129678696457        31.084800531179486        28.158090394330038        25.071213432569060        21.829931238619164        18.444084828812692        14.927970284336336        11.300465038888944        7.5848195040295927        3.8080595265672694     
   4.0834680506067507        8.1289580087278654        12.100546627082455        15.966135948790866        19.698730032483365        23.277127174802171        26.686052350614517        29.915836075320161        32.961782916935000        35.823372169296334        38.503409016208678        41.007210936117374        43.341881134476935        45.515693786037019        47.537596518119408        49.416823369954919        51.162604941476893        52.783959919793901        54.289552171470220        55.687598992610866        56.985818145767844        58.191403499996618        59.311021155827987        60.350819749509164        61.316450146968485        62.213090963296352        63.045477308370053        63.817930903231243        64.534390275441794        65.198440161909389        65.813339556342910        66.382048061718748        66.907250366830283        67.391378776543164        67.836633800410013        68.245002853412004        68.618277153008862        68.958066913770693        69.265814948602213        69.542808786854792        69.790191416558898        70.008970752105711        70.200027921031250        70.364124454851165        70.501908459668627        70.613919832862479        70.700594582770577        70.762268299031845        70.799178812197241        70.811468072375632        70.799183268025303        70.762277197494825        70.700607897503829        70.613937524373299        70.501930475401139        70.364150729272779        70.200058375740582        70.009005295961686        69.790229945830816        69.542851185393459        69.265861088031556        68.958116653699776        68.618330341263942        68.245059326288356        67.836693382943082        67.391441282798851        66.907315600213764        66.382115815301461        65.813409613207398        65.198512295511236        64.534464249988432        63.818006474076881        63.045554222426418        62.213168959458457        61.316528956554869        60.350899096716077        59.311100758196851        58.191483068894058        56.985897386877696        55.687677606437347        54.289629853851764        52.784036362426711        51.162679832447616        49.416896394281657        47.537667358300247        45.515762122605445        43.341946646563159        41.007273302014916        38.503467913945336        35.823427277208751        32.961833914246007        29.915882642718053        26.686094170833449        23.277163933202846        19.698761417633115        15.966161653042402        12.100566347150348        8.1289714462619695        4.0834749127617052     
   4.3968623738461181        8.7470128179384279        13.006649422829657        17.137325390345016        21.107607021292377        24.893835897542832        28.480079183424884        31.857470410318449        35.023179630722666        37.979228430156560        40.731311890750135        43.287730417491048        45.658483522889469        47.854540633010743        49.887280612743680        51.768079318660448        53.508019759988152        55.117699448127937        56.607112040152188        57.985583960364600        59.261750432265103        60.443558802302626        61.538289984196126        62.552591251798084        63.492515494515892        64.363563492879948        65.170726853016390        65.918530033448903        66.611070471642464        67.252056225113805        67.844840825665187        68.392455238497234        68.897636945745333        69.362856255116540        69.790339982599534        70.182092683756750        70.539915618156485        70.865423631257883        71.160060131197511        71.425110327005200        71.661712881566004        71.870870118333613        72.053456906173210        72.210228332260385        72.341826258981172        72.448784847415993        72.531535117302781        72.590408601350006        72.625640140354420        72.637369854686099        72.625644317233792        72.590416942741527        72.531547598492324        72.448801431383217        72.341846896460368        72.210252961821510        72.053485454323067        71.870902499636799        71.661748998785697        71.425150071263516        71.160103382155114        70.865470257312751        70.539965476661422        70.182145621255444        69.790395835080773        69.362914848286266        68.897698095316144        68.392518750495000        67.844906496752131        67.252123842927887        66.611139815152455        65.918600873324621        65.170798952013669        64.363636606239766        63.492589370377090        62.552665631623100        61.538364603209160        60.443633389939649        59.261824712635047        57.985657652721066        56.607184859375067        55.117771105214203        53.508089962551203        51.768147771437221        49.887347018108890        47.854604691497464        45.658544933715362        43.287788879089440        40.731367101305295        37.979280088142261        35.023227435443395        31.857514062452395        28.480118385568041        24.893870354753293        21.107636441634128        17.137349485430452        13.006667908359960        8.7470254142410990        4.3968688064088264     
   4.7569690210971274        9.4555821196763041        14.041713767447146        18.468910336975735        22.700538188914528        26.710531888718542        30.482960005334576        34.010788931808115        37.294239192976477        40.339052702207447        43.154882613470896        45.753918473396055        48.149785295283465        50.356708231016775        52.388909829966664        54.260197604853715        55.983699624462538        57.571710580776937        59.035617299609129        60.385879301293222        61.632045946325981        62.782796614035597        63.845994238277946        64.828745474907080        65.737462961064907        66.577926708078493        67.355342791356449        68.074398280202487        68.739311880722212        69.353880116662182        69.921519098666479        70.445302070491465        70.927992998852531        71.372076511470155        71.779784499365888        72.153119694147676        72.493876515510877        72.803659462928167        73.083899301470609        73.335867266810681        73.560687489908176        73.759347818377904        73.932709189464376        74.081513689060046        74.206391412314588        74.307866224019477        74.386360500980061        74.442198923845027        74.475611372168032        74.486734963639051        74.475615266252703        74.442206700484476        74.386372137133407        74.307881685172845        74.206410652537784        74.081536651082160        73.932735804768043        73.759378007312066        73.560721161819458        73.335904320192725        73.083939624131645        72.803702932176250        72.493922998356709        72.153169047524656        71.779836570367152        71.372131137602210        70.928050008305121        70.445361282423391        69.921580323506930        69.353943156427036        68.739376529345122        68.074464323879994        67.355410008906972        66.577994871314360        65.737531835177151        64.828814818862384        63.846063805227104        62.782866151733046        61.632115197559791        60.385948004324881        59.035685188622523        57.571777386335910        55.983765073976471        54.260261423050252        52.388971739371193        50.356767952437707        48.149842548302857        45.753972976864752        43.154934086007529        40.339100862700555        37.294283761089062        34.010829628483904        30.482996553305220        26.710564013011115        22.700565617358485        18.468932800708686        14.041731001418665        9.4555938631490584        4.7569750181445842     
   5.1754319576992653        10.276633479853846        15.235714037899267        19.996065087676666        24.515104832732248        28.764795023182621        32.730441811754595        36.408488145236731        39.803937763838647        42.927863056480568        45.795250096692804        48.423278498514925        50.830034103909910        53.033600531462831        55.051456448953985        56.900105432332467        58.594874542603485        60.149830141506392        61.577771662706517        62.890274576738356        64.097762202242549        65.209592415550745        66.234150003010654        67.178938743018890        68.050669627390548        68.855343208194384        69.598325100155023        70.284414340302177        70.917904722401957        71.502639467038847        72.042059717355116        72.539247405693260        72.996963045186547        73.417678981162979        73.803608602288534        74.156731968619312        74.478818268198168        74.771445468607638        75.036017486774341        75.273779160258883        75.485829266666485        75.673131804743861        75.836525721049512        75.976733239543222        76.094366927721069        76.189935611687986        76.263849233469131        76.316422726580996        76.347878970099174        76.358350866869003        76.347882577825970        76.316429931352545        76.263860013938924        76.189949935880151        76.094384753082977        75.976754513015493        75.836550379153266        75.673159773685370        75.485860462458703        75.273813488859872        75.036054844242528        74.771485741273466        74.478861332851906        74.156777692714996        73.803656844163541        73.417729590273055        72.997015862355795        72.539302263378914        72.042116439926772        71.502697871071476        70.917964616982630        70.284475527349827        69.598387374753003        68.855406358935170        68.050733436732273        67.179002987652993        66.234214454240387        65.209656839679852        64.097826360973585        62.890338227580180        61.577834559390233        60.149892034409291        58.594935179180325        56.900164557553502        55.051513805749138        53.033655861171347        50.830087146734826        48.423328993981855        45.795297784112222        42.927907675412996        39.803979054562134        36.408525849215863        32.730475672110401        28.764824785162759        24.515130244180689        19.996085899502248        15.235730004542482        10.276644359751110        5.1754375137440212     
   5.6681256689197212        11.239806365522526        16.628444599536511        21.764532146560605        26.599022253952818        31.103103000236295        35.265525730252776        39.088785944962758        42.585162744448908        45.773213957076891        48.674978719833241        51.313914026551259        53.713474998958148        55.896206449570663        57.883213305411822        59.693896628582038        61.345866656442716        62.854967649114371        64.235368682993666        65.499689367404031        66.659140269374873        67.723665409750595        68.702079345176671        69.602194755066463        70.430938638921518        71.194456587003728        71.898205393563430        72.547034728789114        73.145258803895032        73.696719040439405        74.204838747301181        74.672670753705162        75.102938867691194        75.498073940950292        75.860245231645422        76.191387671595280        76.493225565554567        76.767293179334885        77.014952610358634        77.237409278600509        77.435725327157428        77.610831179187301        77.763535460929646        77.894533468239615        78.004414325856743        78.093666963864734        78.162685013920552        78.211770708330747        78.241137847478939        78.250913885049044        78.241141165570696        78.211777334689828        78.162694928914178        78.093680138084125        78.004430720165459        77.894553033837980        77.763558139434977        77.610856902730177        77.435754018493412        77.237440851237565        77.014986968699802        76.767330218836207        76.493265172897807        76.191429724875519        75.860289600572983        75.498120487066885        75.102987444599847        74.672721207313771        74.204890916079265        73.696772755687661        73.145313890027353        72.547091003626747        71.898262668640839        71.194514667885585        70.430997325530598        69.602253842021824        68.702138622141774        67.723724661790754        66.659199277323609        65.499747908237850        64.235426530214596        62.855024573139872        61.345922425002342        59.693951007120326        57.883266057496755        55.896257337307233        53.713523783406387        51.313960468148153        48.675022578817895        45.773254993918400        42.585200720276276        39.088820621996277        35.265556872236203        31.103130372869284        26.599045625322880        21.764551287574093        16.628459284347898        11.239816371961387        5.6681307789148629     
   6.2572646634640137        12.386022228404373        18.273726565696794        23.834597564610199        29.013350156709990        33.783070313575266        38.139773682166862        42.095968874419889        45.674715220937074        48.904853409001646        51.817539090642640        54.443926368254537        56.813748080250306        58.954539809181661        60.891296720566153        62.646404322297968        64.239731180425892        65.688808659767432        67.009049762636252        68.213977812205883        69.315448127629494        70.323853792126386        71.248311545525397        72.096826770793200        72.876438204306865        73.593343861159326        74.253010043047581        74.860265388106868        75.419381855562037        75.934144390853902        76.407910835463952        76.843663456926450        77.244053293253330        77.611438339585007        77.947916456310480        78.255353747649337        78.535409046871465        78.789555047393648        79.019096536128515        79.225186114837044        79.408837735116776        79.570938321470379        79.712257713244199        79.833457118886372        79.935096243892247        80.017639226073783        80.081459487628095        80.126843592215110        80.153994176300273        80.163032006864057        80.153997201768902        80.126849634194329        80.081468528216561        80.017651238456267        79.935111192383772        79.833474958990905        79.712278391727878        79.570961776449167        79.408863896158451        79.225214903077287        79.019127864401113        78.789588820374348        78.535445161235629        78.255392092242857        77.947956912333964        77.611480780790814        77.244097586155249        76.843709461021817        76.407958403467674        75.934193368944278        75.419432083637929        74.860316700055932        74.253062267025101        73.593396819877242        72.876491715332818        72.096880646858807        71.248365594843747        70.323907818717913        69.315501931656087        68.214031190312511        67.009102508299847        65.688860563652355        64.239782030745701        62.646453905182682        60.891344820434739        58.954586209119114        56.813792562388826        54.443968714158217        51.817579081695143        48.904890826796333        45.674749847669041        42.096000493279249        38.139802077732867        33.783095272210559        29.013371466954489        23.834615017574077        18.273739955451877        12.386031352373493        6.2572693228077139     
   6.9749110391929934        13.773291786339254        20.245842521741807        26.286782224255290        31.836711511755276        36.876055613329967        41.414531188289153        45.480602205673364        49.112877588418115        52.353947274486480        55.246399945159993        57.830506525572972        60.143053562538128        62.216910569651745        64.081032191354325        65.760695665398160        67.277848145750369        68.651489263046372        69.898047262004781        71.031727504384321        72.064824293234153        73.007993881467200        73.870490205433669        74.660366641250917        75.384647736740362        76.049474923815993        76.660229961670154        77.221639471620477        77.737863495667796        78.212570593207147        78.649001608211492        79.050023902005492        79.418177555833225        79.755714800080298        80.064633718700520        80.346707103020805        80.603507183660938        80.836426848230431        81.046697851721675        81.235406442640894        81.403506757970604        81.551832281577816        81.681105611621376        81.791946741166285        81.884880021169295        81.960339945082495        82.018675868551597        82.060155755238924        82.084969019979610        82.093228522686573        82.084971750128659        82.060161207453376        82.018684026677477        81.960350784922056        81.884893510520797        81.791962839877002        81.681124271653673        81.551853447088249        81.403530365401892        81.235432420826797        81.046726122004358        80.836457324590356        80.603539772859108        80.346741704752986        80.064670225763479        79.755753098549562        79.418217525252345        79.050065415586445        78.649044533045839        78.212614790487919        77.737908820921518        77.221685774949208        76.660277088003156        76.049522713170504        75.384696024491461        74.660415258409714        73.870538978933808        73.008042634458917        72.064872845385736        71.031775672190506        69.898094859101448        68.651536100531388        67.277894032510019        65.760740408438551        64.081075596137538        62.216952440436131        60.143093702722211        57.830544738042633        55.246436032638286        52.353981039885724        49.112908835193586        45.480630738178249        41.414556812130186        36.876078135723176        31.836730741881460        26.286797973614604        20.245854604506963        13.773300019706891        6.9749152437326121     
   7.8690879610329274        15.486391775789080        22.649570095576497        29.229978048203847        35.170658965503705        40.469910514903994        45.161694488395163        49.299032567801000        52.942247207100955        56.151659866492345        58.983608755822047        61.488648244987786        63.711051243948006        65.689019033136461        67.455228273304897        69.037500609019204        70.459479221572479        71.741255869867004        72.899925537936412        73.950063801744221        74.904130939535378        75.772810640219575        76.565292280218216        77.289505496746003        77.952314936567419        78.559682005122497        79.116799384146901        79.628203119481412        80.097866239094856        80.529277149059695        80.925505462977824        81.289257433312230        81.622922755237013        81.928614189880875        82.208201190886584        82.463338504702222        82.695490541539087        82.905952172749451        83.095866495222310        83.266240009199478        83.417955578597940        83.551783479204246        83.668390787342858        83.768349317682677        83.852142282015734        83.920169809718374        83.972753444049630        84.010139705510426        84.032502793398436        84.039946478783335        84.032505225825474        84.010144563162413        83.972760712534154        83.920179467476459        83.852154300357213        83.768363660833472        83.668407412503825        83.551802336621648        83.417976611645415        83.266263154471446        83.095891682638552        82.905979325670813        82.695519576894256        82.463369333125129        82.208233716864470        81.928648311912696        81.622958366002081        81.289294419848716        80.925543706870911        80.529316526639292        80.097906621642281        79.628244373445057        79.116841371366391        78.559724583061197        77.952357958552682        77.289548812217163        76.565335734981744        75.772854076711099        74.904174197088338        73.950106716864525        72.899967944582912        71.741297599737294        70.459520104393732        69.037540472843460        67.455266944808557        65.689056337923432        63.711087006856154        61.488682290398231        58.983640907970845        56.151689949784164        52.942275046424228        49.299057988844140        45.161717317963436        40.469930581236468        35.170676098589958        29.229992080099883        22.649580860719457        15.486399111310259        7.8690917070686659     
   9.0150492543945795        17.653617631977852        25.636068554355351        32.812901570622969        39.146036594856042        44.671233943713204        49.463304776453974        53.611587605223505        57.205420180844747        60.326837742180821        63.047728617107509        65.429428240142641        67.523486053844366        69.372888095511570        71.013363438583781        72.474601581402268        73.781314691581258        74.954132008647477        76.010337889033451        76.964474012440789        77.828827923814856        78.613828471105975        79.328365897418962        79.980051352206317        80.575427831950094        81.120142197899824        81.619085966432039        82.076510989798237        82.496124885873655        82.881170077900279        83.234489517698748        83.558581544945937        83.855645845431511        84.127622084401253        84.376222484832894        84.602959377279149        84.809168554110599        84.996029105976291        85.164580293799659        85.315735909194018        85.450296494778939        85.568959729559239        85.672329230189604        85.760921974139933        85.835174513556410        85.895448117425843        85.942032953250362        85.975151396808158        85.994960538882054        86.001553940382252        85.994962671480835        85.975155655691367        85.942039325799612        85.895456584739605        85.835185050480973        85.760934549310818        85.672343806083234        85.568976262554685        85.450314935229741        85.315756201510169        85.164602376539221        84.996052911946919        84.809194010480567        84.602986405697933        84.376251001560917        84.127652000448805        83.855677066706590        83.558613972410711        83.234523047534566        82.881204601680992        82.496160290746815        82.076547158674231        81.619122778180582        81.120179527553745        80.575465550916078        79.980089328482222        79.328403995817609        78.613866553484911        77.828865849311740        76.964511637714281        76.010375068509148        74.954168594768447        73.781350535062998        72.474636531491655        71.013397343321586        69.372920801998291        67.523517408508894        65.429458089013394        63.047756806085737        60.326864117315594        57.205444588609282        53.611609892792394        49.463324791980995        44.671251536609169        39.146051616066543        32.812913872905291        25.636077992554405        17.653624063300622        9.0150525386826814     
   10.537491620799390        20.476961266822119        29.428185369467034        37.239523661503490        43.929352601521856        49.605684715270641        54.408704018871575        58.478593968877732        61.941009363473206        64.902543619095766        67.451041163903312        69.657851595519759        71.580578302288245        73.265685636860496        74.750737696492109        76.066229588819880        77.237048065033008        78.283621800184889        79.222822316641526        80.068668855768152        80.832880791351982        81.525312038139560        82.154294194633792        82.726908981753809        83.249205727874539        83.726375959611744        84.162894347154236        84.562633119337704        84.928955444126245        85.264792038648153        85.572704333597045        85.854936797542422        86.113460473484807        86.350009352453228        86.566110876863107        86.763111607077917        86.942198881119594        87.104419136894506        87.250693438905103        87.381830649783524        87.498538605440444        87.601433586805697        87.691048327673798        87.767838754433697        87.832189617403998        87.884419143493972        87.924782814678494        87.953476355278895        87.970637992438526        87.976350037775717        87.970639823400660        87.953480011781934        87.924788285888781        87.884426413183434        87.832198663976698        87.767849550961401        87.691060841940285        87.601447781359752        87.498554437657717        87.381848071936687        87.250712398242612        87.104439575727781        86.942220736918273        86.763134812573441        86.566135360160104        86.350035037148771        86.113487278795361        85.854964638438162        85.572733120943496        85.264821679355066        84.928985841303131        84.562664172456181        84.162925952216796        83.726408009326690        83.249238111836902        82.726941586631952        82.154326904361540        81.525344734113418        80.832913352633327        80.068701159289958        79.222854237419568        78.283653211532823        77.237078838781244        76.066259595537957        74.750766805714051        73.265713717313034        71.580605222121505        69.657877222540037        67.451065365807722        64.902566263708337        61.941030318982101        58.478613104073311        54.408721203384872        49.605699819811967        43.929365498119154        37.239534223740201        29.428193472718934        20.476966788492952        10.537494440554900     
   12.657956129034631        24.288550719901956        34.360188377471388        42.787655593629573        49.726166030039785        55.413448998221000        60.087233420995361        63.953075798021636        67.177480698120661        69.891287321737821        72.196042039467741        74.170359990689164        75.875291335844082        77.358539962546502        78.657673725997000        79.802532709864664        80.817027968511525        81.720486688980785        82.528662687798686        83.254500354486794        83.908716483054420        84.500246912166773        85.036592156987098        85.524087024785700        85.968112584972047        86.373264084124884        86.743484931103112        87.082174350779340        87.392274451107525        87.676341078640633        87.936601818577060        88.175003731768982        88.393252844778175        88.592846971010161        88.775103105710130        88.941180379298913        89.092099353183727        89.228758285779719        89.351946873600852        89.462357875118585        89.560596947766612        89.647190966529934        89.722595042592076        89.787198419907881        89.841329394292870        89.885259372092477        89.919206162465471        89.943336577796046        89.957768399933386        89.962571755189131        89.957769927749922        89.943339628905434        89.919210727827775        89.885265438166442        89.841336943058110        89.787207428894561        89.722605484917892        89.647202810944350        89.560610158702445        89.462372412750511        89.351962693911247        89.228775340631231        89.092117590398956        88.941199742746676        88.775123535398521        88.592868403186017        88.393275212032961        88.175026963150927        87.936625839709407        87.676365811845713        87.392299815536646        87.082200262548241        86.743511303432797        86.373290827487494        85.968139607241966        85.524114231395188        85.036619451086636        84.500274194789597        83.908743653285271        83.254527309634398        82.528689323571982        81.720512899668407        80.817053647164471        79.802557748481775        78.657698015713095        77.358563393822720        75.875313798660443        74.170381374738781        72.196062234352638        69.891306217165919        67.177498184103712        63.953091765073893        60.087247760332559        55.413461601959469        49.726176791395332        42.787664407115948        34.360195139097939        24.288555327370240        12.657958481933683     
   15.805782313176818        29.659097332322247        40.936362140922284        49.824744707135039        56.774207415531528        62.234712401868265        66.573705530049565        70.068995850430255        72.924551139922187        75.289083844371333        77.271480678092715        78.952256069860297        80.391688246027073        81.635510388676551        82.718885849995786        83.669200947386159        84.508045876320438        85.252635838957303        85.916843002399986        86.511955072764749        87.047239624047279        87.530368786923503        87.967742377544198        88.364736319436474        88.725895507954263        89.055084924470322        89.355609062724113        89.630307076503513        89.881629158183060        90.111698283644543        90.322360455535375        90.515225836889755        90.691702616654169        90.853025035574277        91.000276688351434        91.134409979617914        91.256262428111796        91.366570371635902        91.465980514829340        91.555059674973023        91.634303012412119        91.704140977519685        91.764945162278309        91.817033209104622        91.860672900630050        91.896085530343413        91.923448634168722        91.942898146309702        91.954530028322623        91.958401407801389        91.954531251785170        91.942900589612279        91.923452290072262        91.896090388004183        91.860678945617423        91.817040423424970        91.764953524404532        91.704150462426597        91.634313591617826        91.555071316585753        91.465993183600119        91.366584029016764        91.256277032319531        91.134425485703133        91.000293048273136        90.853042198279468        90.691720528162662        90.515244440383967        90.322379691455026        90.111718089786024        89.881649469803421        89.630327826428925        89.355630181462715        89.055106340328962        88.725917147159521        88.364758106259302        87.967764234428302        87.530390634617149        87.047261381738380        86.511976658219012        85.916864332102008        85.252656828254302        84.508066439568566        83.669220998099007        82.718905300995019        81.635529152244402        80.391706234060450        78.952273194026390        77.271496849985766        75.289098975670356        72.924565142549554        70.069008636710663        66.573717012869508        62.234722494835438        56.774216033134039        49.824751764900391        40.936367555575643        29.659101021943876        15.805784197358479     
   20.906075899668942        37.605694332340391        49.901418392304386        58.800753992182237        65.311206904613272        70.177488112562699        73.903880962648145        76.824651515748712        79.162644814425278        81.069016950325235        82.648541535430837        83.975496204728657        85.103696092269487        86.072928460172577        86.913159362440922        87.647340437292542        88.293319892638749        88.865168987438778        89.374119665249140        89.829238619860533        90.237919516401547        90.606247648713207        90.939273711982437        91.241221881494610        91.515649764309046        91.765572650199687        91.993560970061182        92.201817428016525        92.392238555900036        92.566464215625430        92.725917693631288        92.871838389573298        93.005308628862736        93.127275777397699        93.238570573331017        93.339922391304128        93.431972002401636        93.515282276018922        93.590347179093243        93.657599357273000        93.717416526833631        93.770126861939232        93.816013526533652        93.855318471702972        93.888245596242953        93.914963349200690        93.935606837415875        93.950279487835886        93.959054303038187        93.961974738492529        93.959055221239893        93.950281321520620        93.935609581150757        93.914966994847532        93.888250132971706        93.855323886009472        93.816019802261934        93.770133980308074        93.717424466467492        93.657608094237304        93.590356686933845        93.515292525805791        93.431982962776686        93.339934028533122        93.238582851359439        93.127288657910583        93.005322071348232        92.871852351390174        92.725932130079855        92.566479080022248        92.392253799655890        92.201833000717841        91.993576819554704        91.765588722680107        91.515666004409837        91.241238232381534        90.939290115449978        90.606264045283368        90.237935845425284        89.829254819621482        89.374135673069503        88.865184739787097        88.293335325239809        87.647355485238791        86.913173960305514        86.072942542123798        85.103709592186490        83.975509056318174        82.648553672344832        81.069028306279307        79.162655323317679        76.824661111779619        73.903889580439369        70.177495687277315        65.311213372075073        58.800759288995096        49.901422455971002        37.605697101380493        20.906077313736585     
   30.212827031978144        49.956185833002039        62.262863280650393        70.165646190272994        75.492378372221680        79.260152503296283        82.039679062171530        84.163084852783740        85.832360115891746        87.175798117650189        88.278172864993905        89.197491723017379        89.974672104420947        90.639348687500942        91.213483435702415        91.713682322539697        92.152725086967052        92.540601411154512        92.885228949435685        93.192961162133415        93.468953148097143        93.717429591663091        93.941883988266056        94.145228813239797        94.329910134375069        94.497996091408481        94.651245920251299        94.791164320848480        94.919044662097633        95.036003597471279        95.143009008480746        95.240902718839834        95.330419075669624        95.412200238230753        95.486808823872309        95.554738417271196        95.616422339972388        95.672240993716244        95.722528026553420        95.767575520570077        95.807638360697808        95.842937912989697        95.873665115978753        95.899983068845117        95.922029184000678        95.939916958504369        95.953737407792971        95.963560196032958        95.969434489560257        95.971389553042357        95.969435101896337        95.963561418892041        95.953739237551986        95.939919389736048        95.922032209482609        95.899986679571555        95.873669301175511        95.842942660131840        95.807643655530285        95.767581347131227        95.722534367201362        95.672247829157953        95.616429649295583        95.554746177978956        95.486817011920380        95.412208828067392        95.330428040278079        95.240912029783232        95.143018635949488        95.036013510332808        94.919054827948486        94.791174706068531        94.651256490060234        94.498006809924334        94.329920964674614        94.145239717421120        93.941894927512649        93.717440526309915        93.468964037698186        93.192971965530901        92.885239624830604        92.540611916178676        92.152735378756176        91.713692357807815        91.213493170817259        90.639358078560264        89.974681107329658        89.197500293565412        88.278180958934684        87.175805690779555        85.832367124127344        84.163091252244598        82.039684809257821        79.260157554769137        75.492382685282905        70.165649722644559        62.262865990653708        49.956187679636741        30.212827975000383     
   49.989046444513576        69.743358765781053        79.028202815127059        84.106589253370046        87.232508057099693        89.331064661494977        90.831598153872818        91.955648969637807        92.827912959145578        93.523642847646201        94.090860419620512        94.561626080797879        94.958152304511628        95.296311165656505        95.587743812173358        95.841180797477207        96.063297213764670        96.259283137444726        96.433234099778645        96.588424495061261        96.727502908879956        96.852634190432610        96.965604466580132        97.067899900126108        97.160766540083671        97.245256351904288        97.322263008637819        97.392550001114699        97.456772919656132        97.515497265813110        97.569212801990503        97.618345194740343        97.663265524147306        97.704298096872165        97.741726900208519        97.775800959316769        97.806738802864174        97.834732198810926        97.859949288586904        97.882537221897820        97.902624374047932        97.920322211614348        97.935726859546293        97.948920412528665        97.959972025170245        97.968938808808105        97.975866557122075        97.980790318056762        97.983734825544275        97.984714801032268        97.983735131712308        97.980790929486318        97.975867472001596        97.968940024423972        97.959973537911225        97.948922217891905        97.935728952144700        97.920324585185455        97.902627021464198        97.882540135178445        97.859952458910911        97.834735616531816        97.806742457525814        97.775804839670712        97.741730994232626        97.704302391790549        97.663270006451597        97.618349850212127        97.569217615724938        97.515502222243953        97.456778002581643        97.392555193724817        97.322268293542379        97.245261711162300        97.160771955233528        97.067905352216854        96.965609936203506        96.852639657756114        96.727508353680548        96.588429896760090        96.433239437476203        96.259288389956879        96.063302359659318        95.841185815111345        95.587748679730851        95.296315861186230        94.958156805966055        94.561630366071967        94.090864466590972        93.523646634210948        92.827916463263435        91.955652169368292        90.831601027416028        89.331067187231440        87.232510213630320        84.106591019555850        79.028204170128745        69.743359689098412        49.989046916024698     
